# Blender 4.5.1 LTS
# www.blender.org
mtllib base.mtl
o base
v -0.609501 -23.046574 5.500002
v -0.615925 -23.042629 5.500002
v -0.615925 -23.042629 5.510002
v -0.609501 -23.046574 5.510002
v -0.257155 -23.109814 5.500002
v -0.294289 -23.117235 5.500002
v -0.334086 -23.117098 5.500002
v -0.420291 -23.100506 5.500002
v -0.420291 -23.100506 5.510002
v -0.334086 -23.117098 5.510002
v -0.294289 -23.117235 5.510002
v -0.257155 -23.109814 5.510002
v 0.281305 -23.413063 5.500002
v 0.181837 -23.278061 5.500002
v 0.131354 -23.213879 5.500002
v 0.076084 -23.158033 5.500002
v 0.012813 -23.115112 5.500002
v -0.022827 -23.099934 5.500002
v -0.061673 -23.089708 5.500002
v -0.104128 -23.085011 5.500002
v -0.150591 -23.086412 5.500002
v -0.201466 -23.094488 5.500002
v -0.201466 -23.094488 5.510002
v -0.150591 -23.086412 5.510002
v -0.104128 -23.085011 5.510002
v -0.061673 -23.089708 5.510002
v -0.022827 -23.099934 5.510002
v 0.012813 -23.115112 5.510002
v 0.076084 -23.158033 5.510002
v 0.131354 -23.213879 5.510002
v 0.181837 -23.278061 5.510002
v 0.281305 -23.413063 5.510002
v -1.243043 -23.115908 5.500002
v -1.170567 -23.199617 5.500002
v -1.092553 -23.275190 5.500002
v -1.009536 -23.342510 5.500002
v -0.922052 -23.401459 5.500002
v -0.830636 -23.451918 5.500002
v -0.735823 -23.493771 5.500002
v -0.638149 -23.526897 5.500002
v -0.538150 -23.551184 5.500002
v -0.436361 -23.566509 5.500002
v -0.333317 -23.572760 5.500002
v -0.229555 -23.569817 5.500002
v -0.125608 -23.557558 5.500002
v -0.022013 -23.535873 5.500002
v 0.080694 -23.504641 5.500002
v 0.181978 -23.463741 5.500002
v 0.181978 -23.463741 5.510002
v 0.080694 -23.504641 5.510002
v -0.022013 -23.535873 5.510002
v -0.125608 -23.557558 5.510002
v -0.229555 -23.569817 5.510002
v -0.333317 -23.572760 5.510002
v -0.436361 -23.566509 5.510002
v -0.538150 -23.551184 5.510002
v -0.638149 -23.526897 5.510002
v -0.735823 -23.493771 5.510002
v -0.830636 -23.451918 5.510002
v -0.922052 -23.401459 5.510002
v -1.009536 -23.342510 5.510002
v -1.092553 -23.275190 5.510002
v -1.170567 -23.199617 5.510002
v -1.243043 -23.115908 5.510002
v -1.222758 -21.628649 5.500001
v -1.286866 -21.704268 5.500001
v -1.342635 -21.785469 5.500001
v -1.390056 -21.871550 5.500001
v -1.429121 -21.961811 5.500001
v -1.459822 -22.055552 5.500001
v -1.482150 -22.152069 5.500002
v -1.496096 -22.250666 5.500002
v -1.501653 -22.350637 5.500002
v -1.498811 -22.451286 5.500002
v -1.487562 -22.551912 5.500002
v -1.467897 -22.651812 5.500002
v -1.439808 -22.750284 5.500002
v -1.403287 -22.846634 5.500002
v -1.358325 -22.940151 5.500002
v -1.304913 -23.030144 5.500002
v -1.304913 -23.030144 5.510002
v -1.358325 -22.940151 5.510002
v -1.403287 -22.846634 5.510002
v -1.439808 -22.750284 5.510002
v -1.467897 -22.651812 5.510002
v -1.487562 -22.551912 5.510002
v -1.498811 -22.451286 5.510002
v -1.501653 -22.350637 5.510002
v -1.496096 -22.250666 5.510002
v -1.482150 -22.152069 5.510002
v -1.459822 -22.055552 5.510002
v -1.429121 -21.961811 5.510002
v -1.390056 -21.871550 5.510002
v -1.342635 -21.785469 5.510002
v -1.286866 -21.704268 5.510002
v -1.222758 -21.628649 5.510002
v -1.016209 -22.234591 5.500002
v -0.999461 -22.181019 5.500002
v -0.987955 -22.130663 5.500002
v -0.979567 -22.038628 5.500001
v -0.988837 -21.956566 5.500001
v -1.013555 -21.882559 5.500001
v -1.051515 -21.814682 5.500001
v -1.100508 -21.751019 5.500001
v -1.158325 -21.689648 5.500001
v -1.158325 -21.689648 5.510002
v -1.100508 -21.751019 5.510002
v -1.051515 -21.814682 5.510002
v -1.013555 -21.882559 5.510002
v -0.988837 -21.956566 5.510002
v -0.979567 -22.038628 5.510002
v -0.987955 -22.130663 5.510002
v -0.999461 -22.181019 5.510002
v -1.016209 -22.234591 5.510002
v -0.626877 -23.039976 5.500002
v -0.744667 -22.958727 5.500002
v -0.845437 -22.871805 5.500002
v -0.927824 -22.779272 5.500002
v -0.990461 -22.681192 5.500002
v -1.013947 -22.630089 5.500002
v -1.031983 -22.577621 5.500002
v -1.044400 -22.523798 5.500002
v -1.051026 -22.468624 5.500002
v -1.051690 -22.412109 5.500002
v -1.046223 -22.354259 5.500002
v -1.034453 -22.295084 5.500002
v -1.034453 -22.295084 5.510002
v -1.046223 -22.354259 5.510002
v -1.051690 -22.412109 5.510002
v -1.051026 -22.468624 5.510002
v -1.044400 -22.523798 5.510002
v -1.031983 -22.577621 5.510002
v -1.013947 -22.630089 5.510002
v -0.990461 -22.681192 5.510002
v -0.927824 -22.779272 5.510002
v -0.845437 -22.871805 5.510002
v -0.744667 -22.958727 5.510002
v -0.626877 -23.039976 5.510002
v -5.367441 -21.247808 5.500001
v -5.211782 -21.203926 5.500001
v -5.211782 -21.203926 5.510002
v -5.367441 -21.247808 5.510002
v -5.850526 -21.944967 5.500001
v -5.839454 -21.827578 5.500001
v -5.812798 -21.716570 5.500001
v -5.771305 -21.613070 5.500001
v -5.715723 -21.518213 5.500001
v -5.646798 -21.433126 5.500001
v -5.565278 -21.358944 5.500001
v -5.471910 -21.296795 5.500001
v -5.471910 -21.296795 5.510002
v -5.565278 -21.358944 5.510002
v -5.646798 -21.433126 5.510002
v -5.715723 -21.518213 5.510002
v -5.771305 -21.613070 5.510002
v -5.812798 -21.716570 5.510002
v -5.839454 -21.827578 5.510002
v -5.850526 -21.944967 5.510002
v -5.395405 -22.635599 5.500002
v -5.496762 -22.582674 5.500002
v -5.587315 -22.517321 5.500002
v -5.666114 -22.440981 5.500002
v -5.732208 -22.355095 5.500002
v -5.784647 -22.261108 5.500002
v -5.822480 -22.160463 5.500002
v -5.844756 -22.054604 5.500001
v -5.844756 -22.054604 5.510002
v -5.822480 -22.160463 5.510002
v -5.784647 -22.261108 5.510002
v -5.732208 -22.355095 5.510002
v -5.666114 -22.440981 5.510002
v -5.587315 -22.517321 5.510002
v -5.496762 -22.582674 5.510002
v -5.395405 -22.635599 5.510002
v -4.564231 -22.470980 5.500002
v -4.649881 -22.548120 5.500002
v -4.744711 -22.609545 5.500002
v -4.846739 -22.655031 5.500002
v -4.953979 -22.684355 5.500002
v -5.064450 -22.697296 5.500002
v -5.176167 -22.693632 5.500002
v -5.287147 -22.673141 5.500002
v -5.287147 -22.673141 5.510002
v -5.176167 -22.693632 5.510002
v -5.064450 -22.697296 5.510002
v -4.953979 -22.684355 5.510002
v -4.846739 -22.655031 5.510002
v -4.744711 -22.609545 5.510002
v -4.649881 -22.548120 5.510002
v -4.564231 -22.470980 5.510002
v -4.404486 -21.678604 5.500001
v -4.369357 -21.786743 5.500001
v -4.350379 -21.892941 5.500001
v -4.347346 -21.996868 5.500001
v -4.360056 -22.098200 5.500001
v -4.388303 -22.196604 5.500002
v -4.431884 -22.291754 5.500002
v -4.490594 -22.383322 5.500002
v -4.490594 -22.383322 5.510002
v -4.431884 -22.291754 5.510002
v -4.388303 -22.196604 5.510002
v -4.360056 -22.098200 5.510002
v -4.347346 -21.996868 5.510002
v -4.350379 -21.892941 5.510002
v -4.369357 -21.786743 5.510002
v -4.404486 -21.678604 5.510002
v -5.192478 -21.202024 5.500001
v -5.054796 -21.205193 5.500001
v -4.927669 -21.223671 5.500001
v -4.811417 -21.257864 5.500001
v -4.706360 -21.308172 5.500001
v -4.612818 -21.374998 5.500001
v -4.531111 -21.458744 5.500001
v -4.461561 -21.559813 5.500001
v -4.461561 -21.559813 5.510002
v -4.531111 -21.458744 5.510002
v -4.612818 -21.374998 5.510002
v -4.706360 -21.308172 5.510002
v -4.811417 -21.257864 5.510002
v -4.927669 -21.223671 5.510002
v -5.054796 -21.205193 5.510002
v -5.192478 -21.202024 5.510002
v -5.199189 -21.203552 5.500001
v -5.199189 -21.203552 5.510002
v -6.284469 -21.586554 5.500001
v -6.304591 -21.839668 5.500001
v -6.311693 -22.082714 5.500001
v -6.311693 -22.082714 5.510002
v -6.304591 -21.839668 5.510002
v -6.284469 -21.586554 5.510002
v -6.193678 -21.441025 5.500001
v -6.235677 -21.507200 5.500001
v -6.235677 -21.507200 5.510002
v -6.193678 -21.441025 5.510002
v -4.738093 -20.802015 5.500001
v -4.847356 -20.772339 5.500001
v -4.956233 -20.752861 5.500001
v -5.064285 -20.743387 5.500001
v -5.171071 -20.743719 5.500001
v -5.276152 -20.753662 5.500001
v -5.379087 -20.773020 5.500001
v -5.479437 -20.801592 5.500001
v -5.576762 -20.839184 5.500001
v -5.670623 -20.885599 5.500001
v -5.760578 -20.940641 5.500001
v -5.846189 -21.004112 5.500001
v -5.927015 -21.075817 5.500001
v -6.002617 -21.155558 5.500001
v -6.072555 -21.243135 5.500001
v -6.136388 -21.338358 5.500001
v -6.136388 -21.338358 5.510002
v -6.072555 -21.243135 5.510002
v -6.002617 -21.155558 5.510002
v -5.927015 -21.075817 5.510002
v -5.846189 -21.004112 5.510002
v -5.760578 -20.940641 5.510002
v -5.670623 -20.885599 5.510002
v -5.576762 -20.839184 5.510002
v -5.479437 -20.801592 5.510002
v -5.379087 -20.773020 5.510002
v -5.276152 -20.753662 5.510002
v -5.171071 -20.743719 5.510002
v -5.064285 -20.743387 5.510002
v -4.956233 -20.752861 5.510002
v -4.847356 -20.772339 5.510002
v -4.738093 -20.802015 5.510002
v -3.908550 -22.139704 5.500002
v -3.896359 -22.029158 5.500001
v -3.894201 -21.919792 5.500001
v -3.901754 -21.812128 5.500001
v -3.918700 -21.706680 5.500001
v -3.944717 -21.603962 5.500001
v -3.979487 -21.504494 5.500001
v -4.022688 -21.408789 5.500001
v -4.074000 -21.317364 5.500001
v -4.133104 -21.230736 5.500001
v -4.199678 -21.149420 5.500001
v -4.273404 -21.073935 5.500001
v -4.353961 -21.004793 5.500001
v -4.441028 -20.942516 5.500001
v -4.534286 -20.887615 5.500001
v -4.633415 -20.840611 5.500001
v -4.633415 -20.840611 5.510002
v -4.534286 -20.887615 5.510002
v -4.441028 -20.942516 5.510002
v -4.353961 -21.004793 5.510002
v -4.273404 -21.073935 5.510002
v -4.199678 -21.149420 5.510002
v -4.133104 -21.230736 5.510002
v -4.074000 -21.317364 5.510002
v -4.022688 -21.408789 5.510002
v -3.979487 -21.504494 5.510002
v -3.944717 -21.603962 5.510002
v -3.918700 -21.706680 5.510002
v -3.901754 -21.812128 5.510002
v -3.894201 -21.919792 5.510002
v -3.896359 -22.029158 5.510002
v -3.908550 -22.139704 5.510002
v -5.114400 -23.156366 5.500002
v -5.003792 -23.152042 5.500002
v -4.895465 -23.137785 5.500002
v -4.789936 -23.114029 5.500002
v -4.687725 -23.081211 5.500002
v -4.589348 -23.039770 5.500002
v -4.495325 -22.990143 5.500002
v -4.406173 -22.932764 5.500002
v -4.322412 -22.868073 5.500002
v -4.244558 -22.796505 5.500002
v -4.173131 -22.718498 5.500002
v -4.108649 -22.634489 5.500002
v -4.051630 -22.544914 5.500002
v -4.002592 -22.450212 5.500002
v -3.962054 -22.350819 5.500002
v -3.930534 -22.247169 5.500002
v -3.930534 -22.247169 5.510002
v -3.962054 -22.350819 5.510002
v -4.002592 -22.450212 5.510002
v -4.051630 -22.544914 5.510002
v -4.108649 -22.634489 5.510002
v -4.173131 -22.718498 5.510002
v -4.244558 -22.796505 5.510002
v -4.322412 -22.868073 5.510002
v -4.406173 -22.932764 5.510002
v -4.495325 -22.990143 5.510002
v -4.589348 -23.039770 5.510002
v -4.687725 -23.081211 5.510002
v -4.789936 -23.114029 5.510002
v -4.895465 -23.137785 5.510002
v -5.003792 -23.152042 5.510002
v -5.114400 -23.156366 5.510002
v -6.286834 -22.198799 5.500002
v -6.253540 -22.309994 5.500002
v -6.212192 -22.415945 5.500002
v -6.163169 -22.516302 5.500002
v -6.106850 -22.610716 5.500002
v -6.043615 -22.698832 5.500002
v -5.973844 -22.780298 5.500002
v -5.897916 -22.854767 5.500002
v -5.816211 -22.921885 5.500002
v -5.729108 -22.981300 5.500002
v -5.636988 -23.032661 5.500002
v -5.540228 -23.075619 5.500002
v -5.439210 -23.109819 5.500002
v -5.334313 -23.134911 5.500002
v -5.225916 -23.150543 5.500002
v -5.225916 -23.150543 5.510002
v -5.334313 -23.134911 5.510002
v -5.439210 -23.109819 5.510002
v -5.540228 -23.075619 5.510002
v -5.636988 -23.032661 5.510002
v -5.729108 -22.981300 5.510002
v -5.816211 -22.921885 5.510002
v -5.897916 -22.854767 5.510002
v -5.973844 -22.780298 5.510002
v -6.043615 -22.698832 5.510002
v -6.106850 -22.610716 5.510002
v -6.163169 -22.516302 5.510002
v -6.212192 -22.415945 5.510002
v -6.253540 -22.309994 5.510002
v -6.286834 -22.198799 5.510002
v -2.402614 -23.384686 5.500002
v -1.957759 -23.423605 5.500002
v -1.957759 -23.423605 5.510002
v -2.402614 -23.384686 5.510002
v -2.338873 -22.656118 5.500002
v -2.371396 -23.027863 5.500002
v -2.371396 -23.027863 5.510002
v -2.338873 -22.656118 5.510002
v -3.081187 -22.591173 5.500002
v -3.081187 -22.591173 5.510002
v -3.041843 -22.141476 5.500002
v -3.041843 -22.141476 5.510002
v -2.320442 -22.204590 5.500002
v -2.690538 -22.172211 5.500002
v -2.690538 -22.172211 5.510002
v -2.320442 -22.204590 5.510002
v -2.611364 -21.524933 5.500001
v -2.534827 -21.586946 5.500001
v -2.468610 -21.654823 5.500001
v -2.413292 -21.728909 5.500001
v -2.369452 -21.809547 5.500001
v -2.337668 -21.897089 5.500001
v -2.318519 -21.991879 5.500001
v -2.312585 -22.094263 5.500001
v -2.312585 -22.094263 5.510002
v -2.318519 -21.991879 5.510002
v -2.337668 -21.897089 5.510002
v -2.369452 -21.809547 5.510002
v -2.413292 -21.728909 5.510002
v -2.468610 -21.654823 5.510002
v -2.534827 -21.586946 5.510002
v -2.611364 -21.524933 5.510002
v -3.545709 -21.543447 5.500001
v -3.428309 -21.476852 5.500001
v -3.310785 -21.426016 5.500001
v -3.193286 -21.392241 5.500001
v -3.075960 -21.376831 5.500001
v -2.958956 -21.381092 5.500001
v -2.842423 -21.406326 5.500001
v -2.726509 -21.453838 5.500001
v -2.726509 -21.453838 5.510002
v -2.842423 -21.406326 5.510002
v -2.958956 -21.381092 5.510002
v -3.075960 -21.376831 5.510002
v -3.193286 -21.392241 5.510002
v -3.310785 -21.426016 5.510002
v -3.428309 -21.476852 5.510002
v -3.545709 -21.543447 5.510002
v -3.817682 -21.218872 5.500001
v -3.684209 -21.378160 5.500001
v -3.684209 -21.378160 5.510002
v -3.817682 -21.218872 5.510002
v -2.544663 -21.037392 5.500001
v -2.709846 -20.973415 5.500001
v -2.877441 -20.934616 5.500001
v -3.045378 -20.920788 5.500001
v -3.211584 -20.931719 5.500001
v -3.373989 -20.967201 5.500001
v -3.530522 -21.027027 5.500001
v -3.679110 -21.110989 5.500001
v -3.749777 -21.161953 5.500001
v -3.749777 -21.161953 5.510002
v -3.679110 -21.110989 5.510002
v -3.530522 -21.027027 5.510002
v -3.373989 -20.967201 5.510002
v -3.211584 -20.931719 5.510002
v -3.045378 -20.920788 5.510002
v -2.877441 -20.934616 5.510002
v -2.709846 -20.973415 5.510002
v -2.544663 -21.037392 5.510002
v -1.854235 -22.238596 5.500002
v -1.853411 -22.135782 5.500002
v -1.858894 -22.036083 5.500001
v -1.870590 -21.939625 5.500001
v -1.888403 -21.846531 5.500001
v -1.912238 -21.756926 5.500001
v -1.941999 -21.670935 5.500001
v -1.977593 -21.588684 5.500001
v -2.018923 -21.510300 5.500001
v -2.065894 -21.435905 5.500001
v -2.118412 -21.365627 5.500001
v -2.176381 -21.299589 5.500001
v -2.239706 -21.237917 5.500001
v -2.308291 -21.180737 5.500001
v -2.382043 -21.128172 5.500001
v -2.460865 -21.080347 5.500001
v -2.460865 -21.080347 5.510002
v -2.382043 -21.128172 5.510002
v -2.308291 -21.180737 5.510002
v -2.239706 -21.237917 5.510002
v -2.176381 -21.299589 5.510002
v -2.118412 -21.365627 5.510002
v -2.065894 -21.435905 5.510002
v -2.018923 -21.510300 5.510002
v -1.977593 -21.588684 5.510002
v -1.941999 -21.670935 5.510002
v -1.912238 -21.756926 5.510002
v -1.888403 -21.846531 5.510002
v -1.870590 -21.939625 5.510002
v -1.858894 -22.036083 5.510002
v -1.853411 -22.135782 5.510002
v -1.854235 -22.238596 5.510002
v -1.906973 -22.842899 5.500002
v -1.881057 -22.546169 5.500002
v -1.881057 -22.546169 5.510002
v -1.906973 -22.842899 5.510002
v 2.935289 -22.916401 5.500002
v 2.939173 -22.872005 5.500002
v 2.942044 -22.839191 5.500002
v 2.942044 -22.839191 5.510002
v 2.939173 -22.872005 5.510002
v 2.935289 -22.916401 5.510002
v 2.817445 -23.120045 5.500002
v 2.874449 -23.023245 5.500002
v 2.874449 -23.023245 5.510002
v 2.817445 -23.120045 5.510002
v 0.840715 -23.311264 5.500002
v 0.945007 -23.427099 5.500002
v 1.059756 -23.524979 5.500002
v 1.183271 -23.605099 5.500002
v 1.313862 -23.667654 5.500002
v 1.449837 -23.712843 5.500002
v 1.589507 -23.740864 5.500002
v 1.731181 -23.751909 5.500002
v 1.873167 -23.746181 5.500002
v 2.013776 -23.723873 5.500002
v 2.151316 -23.685184 5.500002
v 2.284097 -23.630308 5.500002
v 2.410429 -23.559446 5.500002
v 2.528620 -23.472792 5.500002
v 2.636980 -23.370541 5.500002
v 2.733819 -23.252893 5.500002
v 2.733819 -23.252893 5.510002
v 2.636980 -23.370541 5.510002
v 2.528620 -23.472792 5.510002
v 2.410429 -23.559446 5.510002
v 2.284097 -23.630308 5.510002
v 2.151316 -23.685184 5.510002
v 2.013776 -23.723873 5.510002
v 1.873167 -23.746181 5.510002
v 1.731181 -23.751909 5.510002
v 1.589507 -23.740864 5.510002
v 1.449837 -23.712843 5.510002
v 1.313862 -23.667654 5.510002
v 1.183271 -23.605099 5.510002
v 1.059756 -23.524979 5.510002
v 0.945007 -23.427099 5.510002
v 0.840715 -23.311264 5.510002
v 1.137082 -23.076435 5.500002
v 1.071696 -23.128244 5.500002
v 0.998801 -23.186003 5.500002
v 0.998801 -23.186003 5.510002
v 1.071696 -23.128244 5.510002
v 1.137082 -23.076435 5.510002
v 1.678642 -23.284220 5.500002
v 1.544559 -23.250553 5.500002
v 1.411715 -23.198261 5.500002
v 1.411715 -23.198261 5.510002
v 1.544559 -23.250553 5.510002
v 1.678642 -23.284220 5.510002
v 2.493726 -22.642673 5.500002
v 2.480676 -22.718304 5.500002
v 2.460827 -22.790840 5.500002
v 2.434552 -22.859928 5.500002
v 2.402226 -22.925219 5.500002
v 2.364224 -22.986359 5.500002
v 2.320920 -23.042994 5.500002
v 2.272688 -23.094774 5.500002
v 2.219903 -23.141348 5.500002
v 2.162940 -23.182362 5.500002
v 2.102172 -23.217464 5.500002
v 2.037974 -23.246302 5.500002
v 1.970721 -23.268524 5.500002
v 1.900787 -23.283781 5.500002
v 1.828546 -23.291716 5.500002
v 1.754373 -23.291981 5.500002
v 1.754373 -23.291981 5.510002
v 1.828546 -23.291716 5.510002
v 1.900787 -23.283781 5.510002
v 1.970721 -23.268524 5.510002
v 2.037974 -23.246302 5.510002
v 2.102172 -23.217464 5.510002
v 2.162940 -23.182362 5.510002
v 2.219903 -23.141348 5.510002
v 2.272688 -23.094774 5.510002
v 2.320920 -23.042994 5.510002
v 2.364224 -22.986359 5.510002
v 2.402226 -22.925219 5.510002
v 2.434552 -22.859928 5.510002
v 2.460827 -22.790840 5.510002
v 2.480676 -22.718304 5.510002
v 2.493726 -22.642673 5.510002
v 2.548710 -22.041178 5.500001
v 2.548710 -22.041178 5.510002
v 2.603723 -21.412891 5.500001
v 2.589161 -21.579582 5.500001
v 2.575332 -21.738031 5.500001
v 2.575332 -21.738031 5.510002
v 2.589161 -21.579582 5.510002
v 2.603723 -21.412891 5.510002
v 3.042361 -21.449409 5.500001
v 2.819037 -21.431498 5.500001
v 2.819037 -21.431498 5.510002
v 3.042361 -21.449409 5.510002
v 3.042041 -21.539104 5.500001
v 3.052418 -21.507521 5.500001
v 3.056249 -21.483788 5.500001
v 3.055560 -21.474049 5.500001
v 3.053055 -21.465290 5.500001
v 3.048675 -21.457188 5.500001
v 3.048675 -21.457188 5.510002
v 3.053055 -21.465290 5.510002
v 3.055560 -21.474049 5.510002
v 3.056249 -21.483788 5.510002
v 3.052418 -21.507521 5.510002
v 3.042041 -21.539104 5.510002
v 2.932290 -22.460484 5.500002
v 2.978317 -22.010038 5.500001
v 3.008026 -21.778507 5.500001
v 3.008026 -21.778507 5.510002
v 2.978317 -22.010038 5.510002
v 2.932290 -22.460484 5.510002
v 2.931784 -22.649395 5.500002
v 2.931784 -22.649395 5.510002
v -0.145314 -21.635790 5.500001
v -0.142707 -21.636703 5.500001
v -0.142707 -21.636703 5.510002
v -0.145314 -21.635790 5.510002
v -0.170840 -21.632730 5.500001
v -0.170840 -21.632730 5.510002
v -0.242478 -21.621019 5.500001
v -0.242478 -21.621019 5.510002
v -0.325890 -21.623293 5.500001
v -0.307166 -21.618559 5.500001
v -0.287010 -21.617079 5.500001
v -0.287010 -21.617079 5.510002
v -0.307166 -21.618559 5.510002
v -0.325890 -21.623293 5.510002
v -0.863367 -21.325146 5.500001
v -0.766173 -21.466116 5.500001
v -0.714723 -21.530691 5.500001
v -0.657936 -21.585623 5.500001
v -0.593236 -21.626627 5.500001
v -0.557114 -21.640570 5.500001
v -0.518046 -21.649427 5.500001
v -0.475712 -21.652662 5.500001
v -0.429790 -21.649742 5.500001
v -0.379956 -21.640129 5.500001
v -0.379956 -21.640129 5.510002
v -0.429790 -21.649742 5.510002
v -0.475712 -21.652662 5.510002
v -0.518046 -21.649427 5.510002
v -0.557114 -21.640570 5.510002
v -0.593236 -21.626627 5.510002
v -0.657936 -21.585623 5.510002
v -0.714723 -21.530691 5.510002
v -0.766173 -21.466116 5.510002
v -0.863367 -21.325146 5.510002
v 0.609282 -21.572880 5.500001
v 0.535450 -21.496191 5.500001
v 0.456473 -21.427168 5.500001
v 0.372933 -21.365913 5.500001
v 0.285413 -21.312538 5.500001
v 0.194494 -21.267147 5.500001
v 0.100760 -21.229845 5.500001
v 0.004792 -21.200739 5.500001
v -0.092827 -21.179935 5.500001
v -0.191516 -21.167542 5.500001
v -0.290692 -21.163660 5.500001
v -0.389773 -21.168402 5.500001
v -0.488175 -21.181870 5.500001
v -0.585319 -21.204172 5.500001
v -0.680620 -21.235415 5.500001
v -0.773497 -21.275703 5.500001
v -0.773497 -21.275703 5.510002
v -0.680620 -21.235415 5.510002
v -0.585319 -21.204172 5.510002
v -0.488175 -21.181870 5.510002
v -0.389773 -21.168402 5.510002
v -0.290692 -21.163660 5.510002
v -0.191516 -21.167542 5.510002
v -0.092827 -21.179935 5.510002
v 0.004792 -21.200739 5.510002
v 0.100760 -21.229845 5.510002
v 0.194494 -21.267147 5.510002
v 0.285413 -21.312538 5.510002
v 0.372933 -21.365913 5.510002
v 0.456473 -21.427168 5.510002
v 0.535450 -21.496191 5.510002
v 0.609282 -21.572880 5.510002
v 0.642194 -23.113352 5.500002
v 0.707332 -23.021788 5.500002
v 0.763394 -22.927385 5.500002
v 0.810407 -22.830622 5.500002
v 0.848394 -22.731966 5.500002
v 0.877380 -22.631893 5.500002
v 0.897391 -22.530876 5.500002
v 0.908451 -22.429390 5.500002
v 0.910585 -22.327904 5.500002
v 0.903817 -22.226894 5.500002
v 0.888173 -22.126833 5.500002
v 0.863677 -22.028193 5.500001
v 0.830353 -21.931448 5.500001
v 0.788227 -21.837070 5.500001
v 0.737323 -21.745535 5.500001
v 0.677667 -21.657314 5.500001
v 0.677667 -21.657314 5.510002
v 0.737323 -21.745535 5.510002
v 0.788227 -21.837070 5.510002
v 0.830353 -21.931448 5.510002
v 0.863677 -22.028193 5.510002
v 0.888173 -22.126833 5.510002
v 0.903817 -22.226894 5.510002
v 0.910585 -22.327904 5.510002
v 0.908451 -22.429390 5.510002
v 0.897391 -22.530876 5.510002
v 0.877380 -22.631893 5.510002
v 0.848394 -22.731966 5.510002
v 0.810407 -22.830622 5.510002
v 0.763394 -22.927385 5.510002
v 0.707332 -23.021788 5.510002
v 0.642194 -23.113352 5.510002
v 0.429803 -22.516479 5.500002
v 0.410861 -22.572065 5.500002
v 0.398119 -22.623653 5.500002
v 0.391170 -22.671574 5.500002
v 0.389605 -22.716162 5.500002
v 0.400994 -22.796686 5.500002
v 0.429021 -22.867908 5.500002
v 0.470420 -22.932507 5.500002
v 0.521926 -22.993158 5.500002
v 0.521926 -22.993158 5.510002
v 0.470420 -22.932507 5.510002
v 0.429021 -22.867908 5.510002
v 0.400994 -22.796686 5.510002
v 0.389605 -22.716162 5.510002
v 0.391170 -22.671574 5.510002
v 0.398119 -22.623653 5.510002
v 0.410861 -22.572065 5.510002
v 0.429803 -22.516479 5.510002
v -0.125783 -21.638685 5.500001
v -0.046937 -21.669987 5.500001
v 0.027642 -21.705809 5.500001
v 0.097609 -21.745859 5.500001
v 0.162617 -21.789841 5.500001
v 0.222320 -21.837458 5.500001
v 0.276370 -21.888412 5.500001
v 0.324422 -21.942410 5.500001
v 0.366130 -21.999157 5.500001
v 0.401146 -22.058352 5.500001
v 0.429125 -22.119701 5.500002
v 0.449719 -22.182913 5.500002
v 0.462583 -22.247684 5.500002
v 0.467369 -22.313723 5.500002
v 0.463733 -22.380733 5.500002
v 0.451326 -22.448418 5.500002
v 0.451326 -22.448418 5.510002
v 0.463733 -22.380733 5.510002
v 0.467369 -22.313723 5.510002
v 0.462583 -22.247684 5.510002
v 0.449719 -22.182913 5.510002
v 0.429125 -22.119701 5.510002
v 0.401146 -22.058352 5.510002
v 0.366130 -21.999157 5.510002
v 0.324422 -21.942410 5.510002
v 0.276370 -21.888412 5.510002
v 0.222320 -21.837458 5.510002
v 0.162617 -21.789841 5.510002
v 0.097609 -21.745859 5.510002
v 0.027642 -21.705809 5.510002
v -0.046937 -21.669987 5.510002
v -0.125783 -21.638685 5.510002
v -24.952120 -11.560354 6.000001
v -24.952120 -11.560354 0.000001
v -31.757242 -14.713178 0.000001
v -31.757242 -14.713178 4.500001
v -31.710867 -14.691692 4.888230
v -31.574900 -14.628698 5.250001
v -31.358606 -14.528489 5.560661
v -31.076729 -14.397895 5.799039
v -30.748476 -14.245815 5.948890
v -30.396217 -14.082613 6.000001
v -23.239752 -14.702516 0.000001
v -21.133869 -17.595724 0.000001
v -18.670135 -20.190989 0.000002
v -15.890264 -22.444365 0.000002
v -12.841326 -24.317696 0.000002
v -9.574950 -25.779263 0.000002
v -6.146444 -26.804314 0.000002
v -2.613861 -27.375496 0.000002
v 0.962981 -27.483133 0.000002
v 4.523518 -27.125408 0.000002
v 8.007459 -26.308374 0.000002
v 11.355811 -25.045870 0.000002
v 14.511879 -23.359266 0.000002
v 17.422220 -21.277128 0.000002
v 20.037556 -18.834711 0.000001
v 22.313601 -16.073368 0.000001
v 28.446875 -20.390570 0.000002
v 25.898540 -23.542847 0.000002
v 23.002831 -26.379343 0.000002
v 19.798586 -28.862017 0.000002
v 16.328783 -30.957565 0.000002
v 12.639963 -32.637882 0.000002
v 8.781604 -33.880428 0.000003
v 4.805458 -34.668537 0.000003
v 0.764856 -34.991642 0.000003
v -3.286004 -34.845406 0.000003
v -7.292790 -34.231789 0.000003
v -11.201757 -33.159019 0.000003
v -14.960477 -31.641495 0.000002
v -18.518532 -29.699562 0.000002
v -21.828199 -27.359270 0.000002
v -24.845085 -24.652014 0.000002
v -27.528727 -21.614098 0.000002
v -29.843126 -18.286274 0.000001
v 18.412855 -23.331270 0.000002
v -21.723223 -23.275997 0.000002
v 22.313601 -16.073368 6.000001
v 27.220230 -19.527136 6.000001
v 27.459534 -19.695580 5.971180
v 27.689642 -19.857553 5.885824
v 27.901709 -20.006826 5.747213
v 28.087591 -20.137671 5.560670
v 28.240143 -20.245050 5.333368
v 28.353500 -20.324842 5.074036
v 28.423306 -20.373978 4.792643
v 28.446875 -20.390570 4.500001
v -23.239752 -14.702516 6.000001
v -21.133869 -17.595724 6.000001
v -18.670135 -20.190989 6.000001
v -15.890264 -22.444365 6.000002
v -12.841326 -24.317696 6.000002
v -9.574950 -25.779263 6.000002
v -6.146444 -26.804314 6.000002
v -2.613861 -27.375496 6.000002
v 0.962981 -27.483133 6.000002
v 4.523518 -27.125408 6.000002
v 8.007459 -26.308374 6.000002
v 11.355811 -25.045870 6.000002
v 14.511879 -23.359266 6.000002
v 17.422220 -21.277128 6.000001
v 20.037556 -18.834711 6.000001
v -28.444567 -17.696232 6.000001
v -26.065401 -21.043879 6.000001
v -23.294477 -24.075241 6.000002
v -20.173445 -26.744759 6.000002
v -16.749208 -29.012308 6.000002
v -13.073234 -30.843809 6.000002
v -9.200773 -32.211735 6.000002
v -5.190025 -33.095524 6.000002
v -1.101273 -33.481895 6.000002
v 3.004031 -33.365040 6.000002
v 7.064185 -32.746716 6.000002
v 11.018166 -31.636213 6.000002
v 14.806546 -30.050228 6.000002
v 18.372387 -28.012594 6.000002
v 21.662094 -25.553936 6.000002
v 24.626226 -22.711208 6.000002
v -18.872929 -22.470308 6.000002
v -29.843126 -18.286274 4.500001
v -27.528727 -21.614098 4.500001
v -24.845085 -24.652014 4.500002
v -21.828199 -27.359270 4.500002
v -18.518532 -29.699562 4.500002
v -14.960477 -31.641495 4.500002
v -11.201757 -33.159019 4.500002
v -7.292790 -34.231789 4.500002
v -3.286004 -34.845406 4.500003
v 0.764856 -34.991642 4.500003
v 4.805458 -34.668537 4.500002
v 8.781604 -33.880428 4.500002
v 12.639963 -32.637882 4.500002
v 16.328783 -30.957565 4.500002
v 19.798586 -28.862017 4.500002
v 23.002831 -26.379343 4.500002
v 25.898540 -23.542847 4.500002
v 25.075876 -22.795010 5.948891
v 25.343573 -23.038357 5.799040
v 25.573448 -23.247322 5.560662
v 25.749838 -23.407667 5.250002
v 25.860722 -23.508465 4.888231
v 22.272148 -25.541407 5.948891
v 22.509912 -25.814072 5.799040
v 22.714087 -26.048216 5.560662
v 22.870754 -26.227879 5.250002
v 22.969240 -26.340820 4.888231
v 19.169685 -27.945217 5.948891
v 19.374331 -28.243546 5.799040
v 19.550062 -28.499723 5.560662
v 19.684908 -28.696299 5.250002
v 19.769672 -28.819868 4.888231
v 15.810101 -29.974201 5.948891
v 15.978880 -30.294189 5.799040
v 16.123816 -30.568968 5.560662
v 16.235027 -30.779814 5.250002
v 16.304937 -30.912357 4.888231
v 12.238456 -31.601143 5.948891
v 12.369106 -31.938499 5.799040
v 12.481299 -32.228191 5.560662
v 12.567387 -32.450481 5.250002
v 12.621504 -32.590221 4.888231
v 8.502657 -32.804218 5.948891
v 8.593427 -33.154419 5.799040
v 8.671372 -33.455143 5.560662
v 8.731182 -33.685894 5.250002
v 8.768780 -33.830952 4.888231
v 4.652813 -33.567295 5.948891
v 4.702484 -33.925640 5.799040
v 4.745137 -34.233360 5.560662
v 4.777866 -34.469479 5.250002
v 4.798440 -34.617912 4.888231
v 0.740561 -33.880135 5.948891
v 0.748466 -34.241821 5.799040
v 0.755255 -34.552406 5.560662
v 0.760465 -34.790730 5.250003
v 0.763739 -34.940544 4.888232
v -3.181625 -33.738544 5.948891
v -3.215590 -34.098717 5.799040
v -3.244757 -34.408005 5.560662
v -3.267137 -34.645329 5.250002
v -3.281206 -34.794518 4.888232
v -7.061135 -33.144417 5.948891
v -7.136516 -33.498249 5.799040
v -7.201247 -33.802090 5.560662
v -7.250916 -34.035236 5.250002
v -7.282140 -34.181797 4.888231
v -10.845935 -32.105728 5.948891
v -10.961720 -32.448471 5.799040
v -11.061147 -32.742790 5.560662
v -11.137440 -32.968628 5.250002
v -11.185399 -33.110596 4.888231
v -14.485259 -30.636406 5.948891
v -14.639895 -30.963463 5.799040
v -14.772684 -31.244312 5.560662
v -14.874577 -31.459816 5.250002
v -14.938630 -31.595287 4.888231
v -17.930292 -28.756159 5.948891
v -18.121706 -29.063143 5.799040
v -18.286077 -29.326756 5.560662
v -18.412203 -29.529034 5.250002
v -18.491489 -29.656191 4.888231
v -21.134829 -26.490208 5.948891
v -21.360453 -26.773001 5.799040
v -21.554199 -27.015842 5.560662
v -21.702866 -27.202181 5.250002
v -21.796324 -27.319319 4.888231
v -24.055883 -23.868944 5.948891
v -24.312691 -24.123755 5.799040
v -24.533216 -24.342567 5.560662
v -24.702431 -24.510466 5.250002
v -24.808804 -24.616013 4.888231
v -26.654280 -20.927528 5.948890
v -26.938826 -21.150938 5.799039
v -27.183170 -21.342785 5.560661
v -27.370663 -21.489994 5.250001
v -27.488525 -21.582535 4.888230
v -28.895163 -17.705412 5.948890
v -29.203630 -17.894424 5.799039
v -29.468517 -18.056734 5.560661
v -29.671774 -18.181278 5.250001
v -29.799545 -18.259569 4.888230
v -14.971271 -6.936212 0.000001
v -24.952120 -11.560354 0.000001
v -24.952120 -11.560354 5.500001
v -14.971271 -6.936212 5.500000
v -23.351686 -14.524073 0.000001
v -21.400942 -17.269907 0.000001
v -19.129147 -19.756664 0.000001
v -16.570381 -21.947037 0.000002
v -13.763034 -23.808168 0.000002
v -10.749218 -25.312138 0.000002
v -7.574145 -26.436382 0.000002
v -4.285448 -27.164038 0.000002
v -0.932462 -27.484186 0.000002
v 2.434513 -27.392027 0.000002
v 5.764966 -26.888941 0.000002
v 9.008935 -25.982477 0.000002
v 12.117754 -24.686232 0.000002
v 15.044788 -23.019651 0.000002
v 17.746124 -21.007738 0.000002
v 20.181238 -18.680676 0.000001
v 22.313601 -16.073368 0.000001
v 22.313601 -16.073368 5.500001
v 20.181238 -18.680676 5.500001
v 17.746124 -21.007738 5.500001
v 15.044788 -23.019651 5.500002
v 12.117754 -24.686232 5.500002
v 9.008935 -25.982477 5.500002
v 5.764966 -26.888941 5.500002
v 2.434513 -27.392027 5.500002
v -0.932462 -27.484186 5.500002
v -4.285448 -27.164038 5.500002
v -7.574145 -26.436382 5.500002
v -10.749218 -25.312138 5.500002
v -13.763034 -23.808168 5.500002
v -16.570381 -21.947037 5.500001
v -19.129147 -19.756664 5.500001
v -21.400942 -17.269907 5.500001
v -23.351686 -14.524073 5.500001
v 13.317661 -9.741144 0.000001
v 13.317661 -9.741144 5.500001
v 11.732150 -11.602011 0.000001
v 9.889084 -13.208180 0.000001
v 7.828925 -14.524391 0.000001
v 5.596898 -15.521750 0.000001
v 3.242003 -16.178364 0.000001
v 0.815937 -16.479813 0.000001
v -1.628041 -16.419485 0.000001
v -4.036279 -15.998702 0.000001
v -6.355909 -15.226701 0.000001
v -8.536009 -14.120430 0.000001
v -10.528719 -12.704176 0.000001
v -12.290293 -11.009028 0.000001
v -13.782060 -9.072201 0.000001
v -13.782060 -9.072201 5.500000
v -12.290293 -11.009028 5.500001
v -10.528719 -12.704176 5.500001
v -8.536009 -14.120430 5.500001
v -6.355909 -15.226701 5.500001
v -4.036279 -15.998702 5.500001
v -1.628041 -16.419485 5.500001
v 0.815937 -16.479813 5.500001
v 3.242003 -16.178364 5.500001
v 5.596898 -15.521750 5.500001
v 7.828925 -14.524391 5.500001
v 9.889084 -13.208180 5.500001
v 11.732150 -11.602011 5.500001
v -15.498975 -17.261671 5.500001
v 3.407313 -17.235287 5.500001
v 12.860457 -17.222094 5.500001
v -6.045831 -17.248478 5.500001
v -15.498975 -17.261671 0.000001
v -6.045831 -17.248478 0.000001
v 12.860457 -17.222094 0.000001
v 3.407313 -17.235287 0.000001
v 13.687384 -29.845238 -5.499998
v 13.503917 -29.451790 -5.462017
v 13.326025 -29.070297 -5.349230
v 13.159112 -28.712353 -5.165061
v 13.008250 -28.388828 -4.915109
v 12.878023 -28.109556 -4.606967
v 12.772389 -27.883022 -4.249998
v 12.694556 -27.716110 -3.855048
v 12.646890 -27.613890 -3.434118
v 12.630839 -27.579468 -2.999998
v 12.646890 -27.613890 -2.565878
v 12.694556 -27.716110 -2.144948
v 12.772389 -27.883022 -1.749998
v 12.878023 -28.109556 -1.393029
v 13.008250 -28.388828 -1.084887
v 13.159112 -28.712353 -0.834934
v 13.326025 -29.070297 -0.650766
v 13.503917 -29.451790 -0.537979
v 13.687384 -29.845238 -0.499998
v 13.870852 -30.238684 -0.537979
v 14.048744 -30.620174 -0.650766
v 14.215657 -30.978121 -0.834934
v 14.366519 -31.301645 -1.084887
v 14.496745 -31.580917 -1.393029
v 14.602380 -31.807449 -1.749998
v 14.680213 -31.974363 -2.144948
v 14.727879 -32.076584 -2.565878
v 14.743930 -32.111008 -2.999998
v 14.727879 -32.076584 -3.434118
v 14.680213 -31.974363 -3.855048
v 14.602380 -31.807449 -4.249998
v 14.496745 -31.580917 -4.606966
v 14.366519 -31.301645 -4.915109
v 14.215657 -30.978121 -5.165061
v 14.048744 -30.620174 -5.349230
v 13.870852 -30.238684 -5.462017
v 17.312616 -28.154762 -5.499998
v 17.496082 -28.548210 -5.462017
v 17.673975 -28.929703 -5.349230
v 17.840887 -29.287647 -5.165061
v 17.991751 -29.611172 -4.915109
v 18.121977 -29.890444 -4.606966
v 18.227612 -30.116978 -4.249998
v 18.305445 -30.283890 -3.855048
v 18.353109 -30.386110 -3.434118
v 18.369162 -30.420532 -2.999998
v 18.353109 -30.386110 -2.565878
v 18.305445 -30.283890 -2.144948
v 18.227612 -30.116978 -1.749998
v 18.121977 -29.890444 -1.393029
v 17.991751 -29.611172 -1.084887
v 17.840887 -29.287647 -0.834934
v 17.673975 -28.929703 -0.650766
v 17.496082 -28.548210 -0.537979
v 17.312616 -28.154762 -0.499998
v 17.129148 -27.761316 -0.537979
v 16.951256 -27.379826 -0.650766
v 16.784344 -27.021879 -0.834934
v 16.633480 -26.698355 -1.084887
v 16.503256 -26.419083 -1.393029
v 16.397619 -26.192551 -1.749998
v 16.319786 -26.025637 -2.144948
v 16.272121 -25.923416 -2.565878
v 16.256069 -25.888994 -2.999998
v 16.272121 -25.923416 -3.434118
v 16.319786 -26.025637 -3.855048
v 16.397619 -26.192551 -4.249998
v 16.503256 -26.419083 -4.606967
v 16.633480 -26.698355 -4.915109
v 16.784344 -27.021879 -5.165062
v 16.951256 -27.379826 -5.349230
v 17.129148 -27.761316 -5.462017
v -19.003040 -26.776241 -5.499998
v -18.747002 -26.410578 -5.459822
v -18.499189 -26.056667 -5.340585
v -18.267572 -25.725885 -5.146120
v -18.059595 -25.428862 -4.882677
v -17.881941 -25.175144 -4.558723
v -17.740318 -24.972887 -4.184670
v -17.639282 -24.828590 -3.772540
v -17.582077 -24.746895 -3.335581
v -17.570543 -24.730423 -2.887836
v -17.605053 -24.779705 -2.443696
v -17.684492 -24.893158 -2.017435
v -17.806313 -25.067135 -1.622756
v -17.966597 -25.296043 -1.272341
v -18.160191 -25.572527 -0.977456
v -18.380877 -25.887699 -0.747576
v -18.621559 -26.231428 -0.590091
v -18.874502 -26.592670 -0.510062
v -19.131578 -26.959810 -0.510062
v -19.384521 -27.321053 -0.590091
v -19.625204 -27.664783 -0.747576
v -19.845890 -27.979956 -0.977456
v -20.039486 -28.256437 -1.272341
v -20.199770 -28.485348 -1.622756
v -20.321589 -28.659325 -2.017435
v -20.401030 -28.772776 -2.443696
v -20.435537 -28.822060 -2.887836
v -20.424004 -28.805588 -3.335581
v -20.366800 -28.723890 -3.772540
v -20.265762 -28.579596 -4.184669
v -20.124142 -28.377338 -4.558723
v -19.946486 -28.123621 -4.882677
v -19.738508 -27.826597 -5.146120
v -19.506891 -27.495813 -5.340585
v -19.259081 -27.141905 -5.459822
v -15.726433 -29.070547 -5.499998
v -15.982473 -29.436211 -5.459822
v -16.230284 -29.790119 -5.340585
v -16.461901 -30.120903 -5.146120
v -16.669878 -30.417927 -4.882677
v -16.847532 -30.671644 -4.558722
v -16.989155 -30.873901 -4.184669
v -17.090193 -31.018196 -3.772540
v -17.147396 -31.099894 -3.335581
v -17.158930 -31.116365 -2.887836
v -17.124422 -31.067081 -2.443696
v -17.044981 -30.953629 -2.017435
v -16.923162 -30.779654 -1.622756
v -16.762878 -30.550743 -1.272341
v -16.569283 -30.274260 -0.977456
v -16.348597 -29.959089 -0.747576
v -16.107914 -29.615358 -0.590091
v -15.854970 -29.254116 -0.510062
v -15.597895 -28.886976 -0.510062
v -15.344951 -28.525736 -0.590091
v -15.104269 -28.182005 -0.747576
v -14.883583 -27.866833 -0.977456
v -14.689987 -27.590349 -1.272341
v -14.529704 -27.361441 -1.622756
v -14.407884 -27.187464 -2.017435
v -14.328443 -27.074011 -2.443696
v -14.293935 -27.024729 -2.887836
v -14.305469 -27.041201 -3.335581
v -14.362674 -27.122896 -3.772540
v -14.463711 -27.267193 -4.184670
v -14.605332 -27.469448 -4.558723
v -14.782987 -27.723167 -4.882677
v -14.990965 -28.020189 -5.146120
v -15.222582 -28.350973 -5.340585
v -15.470393 -28.704884 -5.459822
v 20.263668 10.995443 5.499999
v 20.263466 10.987909 5.499999
v 20.263466 10.987909 5.509999
v 20.263668 10.995443 5.509999
v 20.142263 11.332204 5.499999
v 20.167257 11.303756 5.499999
v 20.187037 11.269221 5.499999
v 20.215769 11.186269 5.499999
v 20.215769 11.186269 5.509999
v 20.187037 11.269221 5.509999
v 20.167257 11.303756 5.509999
v 20.142263 11.332204 5.509999
v 20.135654 11.950148 5.499999
v 20.068472 11.796506 5.499999
v 20.038132 11.720695 5.499999
v 20.017403 11.644907 5.499999
v 20.011868 11.568653 5.499999
v 20.016542 11.530198 5.499999
v 20.027111 11.491443 5.499999
v 20.044268 11.452328 5.499999
v 20.068714 11.412790 5.499999
v 20.101147 11.372769 5.499999
v 20.101147 11.372769 5.509999
v 20.068714 11.412790 5.509999
v 20.044268 11.452328 5.509999
v 20.027111 11.491443 5.509999
v 20.016542 11.530198 5.509999
v 20.011868 11.568653 5.509999
v 20.017403 11.644907 5.509999
v 20.038132 11.720695 5.509999
v 20.068472 11.796506 5.509999
v 20.135654 11.950148 5.509999
v 20.640486 10.481447 5.499999
v 20.676743 10.586068 5.499999
v 20.703184 10.691417 5.499999
v 20.719976 10.796972 5.499999
v 20.727283 10.902209 5.499999
v 20.725273 11.006607 5.499999
v 20.714113 11.109644 5.499999
v 20.693966 11.210795 5.499999
v 20.664997 11.309540 5.499999
v 20.627377 11.405355 5.499999
v 20.581268 11.497719 5.499999
v 20.526836 11.586108 5.499999
v 20.464249 11.670000 5.499999
v 20.393671 11.748872 5.499999
v 20.315269 11.822203 5.499999
v 20.229208 11.889469 5.499999
v 20.229208 11.889469 5.509999
v 20.315269 11.822203 5.509999
v 20.393671 11.748872 5.509999
v 20.464249 11.670000 5.509999
v 20.526836 11.586108 5.509999
v 20.581268 11.497719 5.509999
v 20.627377 11.405355 5.509999
v 20.664997 11.309540 5.509999
v 20.693966 11.210795 5.509999
v 20.714113 11.109644 5.509999
v 20.725273 11.006607 5.509999
v 20.727283 10.902209 5.509999
v 20.719976 10.796972 5.509999
v 20.703184 10.691417 5.509999
v 20.676743 10.586068 5.509999
v 20.640486 10.481447 5.509999
v 19.342339 9.755385 5.499999
v 19.439880 9.737676 5.499999
v 19.538088 9.729979 5.499999
v 19.636347 9.731951 5.499999
v 19.734047 9.743250 5.499999
v 19.830580 9.763533 5.499999
v 19.925329 9.792455 5.499999
v 20.017691 9.829675 5.499999
v 20.107046 9.874850 5.499999
v 20.192791 9.927636 5.499999
v 20.274309 9.987690 5.499999
v 20.350992 10.054670 5.499999
v 20.422230 10.128232 5.499999
v 20.487408 10.208034 5.499999
v 20.545918 10.293733 5.499999
v 20.597145 10.384985 5.499999
v 20.597145 10.384985 5.509999
v 20.545918 10.293733 5.509999
v 20.487408 10.208034 5.509999
v 20.422230 10.128232 5.509999
v 20.350992 10.054670 5.509999
v 20.274309 9.987690 5.509999
v 20.192791 9.927636 5.509999
v 20.107046 9.874850 5.509999
v 20.017691 9.829675 5.509999
v 19.925329 9.792455 5.509999
v 19.830580 9.763533 5.509999
v 19.734047 9.743250 5.509999
v 19.636347 9.731951 5.509999
v 19.538088 9.729979 5.509999
v 19.439880 9.737676 5.509999
v 19.342339 9.755385 5.509999
v 19.763824 10.237232 5.499999
v 19.709057 10.224951 5.499999
v 19.659693 10.209737 5.499999
v 19.575794 10.170984 5.499999
v 19.509363 10.121925 5.499999
v 19.457628 10.063514 5.499999
v 19.417826 9.996702 5.499999
v 19.387190 9.922442 5.499999
v 19.362947 9.841685 5.499999
v 19.362947 9.841685 5.509999
v 19.387190 9.922442 5.509999
v 19.417826 9.996702 5.509999
v 19.457628 10.063514 5.509999
v 19.509363 10.121925 5.509999
v 19.575794 10.170984 5.509999
v 19.659693 10.209737 5.509999
v 19.709057 10.224951 5.509999
v 19.763824 10.237232 5.509999
v 20.266644 10.977097 5.499999
v 20.255175 10.834463 5.499999
v 20.230284 10.703732 5.499999
v 20.191341 10.586118 5.499999
v 20.137718 10.482831 5.499999
v 20.105206 10.436941 5.499999
v 20.068787 10.395087 5.499999
v 20.028381 10.357422 5.499999
v 19.983912 10.324097 5.499999
v 19.935301 10.295264 5.499999
v 19.882467 10.271074 5.499999
v 19.825335 10.251680 5.499999
v 19.825335 10.251680 5.509999
v 19.882467 10.271074 5.509999
v 19.935301 10.295264 5.509999
v 19.983912 10.324097 5.509999
v 20.028381 10.357422 5.509999
v 20.068787 10.395087 5.509999
v 20.105206 10.436941 5.509999
v 20.137718 10.482831 5.509999
v 20.191341 10.586118 5.509999
v 20.230284 10.703732 5.509999
v 20.255175 10.834463 5.509999
v 20.266644 10.977097 5.509999
v 21.084862 5.975564 5.500000
v 20.969030 6.088428 5.500000
v 20.969030 6.088428 5.510000
v 21.084862 5.975564 5.510000
v 21.930162 5.905779 5.500000
v 21.822964 5.856675 5.500000
v 21.713499 5.824255 5.500000
v 21.603121 5.808438 5.500000
v 21.493179 5.809145 5.500000
v 21.385033 5.826293 5.500000
v 21.280027 5.859800 5.500000
v 21.179520 5.909585 5.500000
v 21.179520 5.909585 5.510000
v 21.280027 5.859800 5.510000
v 21.385033 5.826293 5.510000
v 21.493179 5.809145 5.510000
v 21.603121 5.808438 5.510000
v 21.713499 5.824255 5.510000
v 21.822964 5.856675 5.510000
v 21.930162 5.905779 5.510000
v 22.300707 6.645241 5.500000
v 22.305550 6.531003 5.500000
v 22.294230 6.419905 5.500000
v 22.267515 6.313492 5.500000
v 22.226185 6.213310 5.500000
v 22.171009 6.120904 5.500000
v 22.102764 6.037817 5.500000
v 22.022224 5.965594 5.500000
v 22.022224 5.965594 5.510000
v 22.102764 6.037817 5.510000
v 22.171009 6.120904 5.510000
v 22.226185 6.213310 5.510000
v 22.267515 6.313492 5.510000
v 22.294230 6.419905 5.510000
v 22.305550 6.531003 5.510000
v 22.300707 6.645241 5.510000
v 21.742554 7.282751 5.500000
v 21.852186 7.247147 5.500000
v 21.952797 7.195733 5.500000
v 22.043201 7.130117 5.500000
v 22.122217 7.051907 5.500000
v 22.188662 6.962707 5.500000
v 22.241346 6.864124 5.500000
v 22.279089 6.757768 5.500000
v 22.279089 6.757768 5.510000
v 22.241346 6.864124 5.510000
v 22.188662 6.962707 5.510000
v 22.122217 7.051907 5.510000
v 22.043201 7.130117 5.510000
v 21.952797 7.195733 5.510000
v 21.852186 7.247147 5.510000
v 21.742554 7.282751 5.510000
v 20.976465 7.024906 5.500000
v 21.052551 7.109397 5.500000
v 21.135033 7.178933 5.500000
v 21.223520 7.233522 5.500000
v 21.317631 7.273181 5.500000
v 21.416973 7.297921 5.500000
v 21.521168 7.307754 5.500000
v 21.629822 7.302692 5.500000
v 21.629822 7.302692 5.510000
v 21.521168 7.307754 5.510000
v 21.416973 7.297921 5.510000
v 21.317631 7.273181 5.510000
v 21.223520 7.233522 5.510000
v 21.135033 7.178933 5.510000
v 21.052551 7.109397 5.510000
v 20.976465 7.024906 5.510000
v 20.957729 6.104195 5.500000
v 20.891632 6.225015 5.500000
v 20.844072 6.344349 5.500000
v 20.815559 6.462123 5.500000
v 20.806599 6.578259 5.500000
v 20.817699 6.692682 5.500000
v 20.849373 6.805315 5.500000
v 20.902124 6.916081 5.500000
v 20.902124 6.916081 5.510000
v 20.849373 6.805315 5.510000
v 20.817699 6.692682 5.510000
v 20.806599 6.578259 5.510000
v 20.815559 6.462123 5.510000
v 20.844072 6.344349 5.510000
v 20.891632 6.225015 5.510000
v 20.957729 6.104195 5.510000
v 20.962410 6.099147 5.500000
v 20.962410 6.099147 5.510000
v 21.836739 5.350768 5.500000
v 22.066004 5.459898 5.500000
v 22.280039 5.575271 5.500000
v 22.280039 5.575271 5.510000
v 22.066004 5.459898 5.510000
v 21.836739 5.350768 5.510000
v 21.665312 5.356630 5.500000
v 21.743620 5.353345 5.500000
v 21.743620 5.353345 5.510000
v 21.665312 5.356630 5.510000
v 20.384121 6.297699 5.500000
v 20.413050 6.188235 5.500000
v 20.450621 6.084207 5.500000
v 20.496443 5.985895 5.500000
v 20.550123 5.893581 5.500000
v 20.611275 5.807550 5.500000
v 20.679506 5.728085 5.500000
v 20.754425 5.655465 5.500000
v 20.835644 5.589974 5.500000
v 20.922771 5.531898 5.500000
v 21.015417 5.481514 5.500000
v 21.113190 5.439108 5.500000
v 21.215700 5.404963 5.500000
v 21.322557 5.379359 5.500000
v 21.433372 5.362581 5.500000
v 21.547754 5.354911 5.500000
v 21.547754 5.354911 5.510000
v 21.433372 5.362581 5.510000
v 21.322557 5.379359 5.510000
v 21.215700 5.404963 5.510000
v 21.113190 5.439108 5.510000
v 21.015417 5.481514 5.510000
v 20.922771 5.531898 5.510000
v 20.835644 5.589974 5.510000
v 20.754425 5.655465 5.510000
v 20.679506 5.728085 5.510000
v 20.611275 5.807550 5.510000
v 20.550123 5.893581 5.510000
v 20.496443 5.985895 5.510000
v 20.450621 6.084207 5.510000
v 20.413050 6.188235 5.510000
v 20.384121 6.297699 5.510000
v 21.127821 7.684948 5.500000
v 21.025990 7.640233 5.500000
v 20.930199 7.587420 5.500000
v 20.840734 7.527047 5.500000
v 20.757887 7.459647 5.500000
v 20.681938 7.385756 5.500000
v 20.613180 7.305911 5.500000
v 20.551897 7.220644 5.500000
v 20.498379 7.130495 5.500000
v 20.452908 7.035995 5.500000
v 20.415773 6.937683 5.500000
v 20.387264 6.836092 5.500000
v 20.367666 6.731757 5.500000
v 20.357265 6.625216 5.500000
v 20.356350 6.517002 5.500000
v 20.365206 6.407651 5.500000
v 20.365206 6.407651 5.510000
v 20.356350 6.517002 5.510000
v 20.357265 6.625216 5.510000
v 20.367666 6.731757 5.510000
v 20.387264 6.836092 5.510000
v 20.415773 6.937683 5.510000
v 20.452908 7.035995 5.510000
v 20.498379 7.130495 5.510000
v 20.551897 7.220644 5.510000
v 20.613180 7.305911 5.510000
v 20.681938 7.385756 5.510000
v 20.757887 7.459647 5.510000
v 20.840734 7.527047 5.510000
v 20.930199 7.587420 5.510000
v 21.025990 7.640233 5.510000
v 21.127821 7.684948 5.510000
v 22.611200 7.148983 5.500000
v 22.552155 7.242611 5.500000
v 22.485641 7.329297 5.500000
v 22.412306 7.408809 5.500000
v 22.332779 7.480917 5.500000
v 22.247702 7.545393 5.500000
v 22.157709 7.602006 5.500000
v 22.063442 7.650525 5.500000
v 21.965538 7.690719 5.500000
v 21.864632 7.722357 5.500000
v 21.761362 7.745213 5.500000
v 21.656366 7.759050 5.500000
v 21.550283 7.763643 5.500000
v 21.443750 7.758759 5.500000
v 21.337402 7.744170 5.500000
v 21.231880 7.719643 5.500000
v 21.231880 7.719643 5.510000
v 21.337402 7.744170 5.510000
v 21.443750 7.758759 5.510000
v 21.550283 7.763643 5.510000
v 21.656366 7.759050 5.510000
v 21.761362 7.745213 5.510000
v 21.864632 7.722357 5.510000
v 21.965538 7.690719 5.510000
v 22.063442 7.650525 5.510000
v 22.157709 7.602006 5.510000
v 22.247702 7.545393 5.510000
v 22.332779 7.480917 5.510000
v 22.412306 7.408809 5.510000
v 22.485641 7.329297 5.510000
v 22.552155 7.242611 5.510000
v 22.611200 7.148983 5.510000
v 22.368141 5.654842 5.500000
v 22.447790 5.739273 5.500000
v 22.518873 5.828056 5.500000
v 22.581274 5.920691 5.500000
v 22.634878 6.016671 5.500000
v 22.679571 6.115491 5.500000
v 22.715240 6.216650 5.500000
v 22.741768 6.319640 5.500000
v 22.759041 6.423956 5.500000
v 22.766945 6.529098 5.500000
v 22.765364 6.634557 5.500000
v 22.754187 6.739831 5.500000
v 22.733295 6.844416 5.500000
v 22.702578 6.947805 5.500000
v 22.661919 7.049497 5.500000
v 22.661919 7.049497 5.510000
v 22.702578 6.947805 5.510000
v 22.733295 6.844416 5.510000
v 22.754187 6.739831 5.510000
v 22.765364 6.634557 5.510000
v 22.766945 6.529098 5.510000
v 22.759041 6.423956 5.510000
v 22.741768 6.319640 5.510000
v 22.715240 6.216650 5.510000
v 22.679571 6.115491 5.510000
v 22.634878 6.016671 5.510000
v 22.581274 5.920691 5.510000
v 22.518873 5.828056 5.510000
v 22.447790 5.739273 5.510000
v 22.368141 5.654842 5.510000
v 21.453037 9.611618 5.499999
v 21.264317 10.016333 5.499999
v 21.264317 10.016333 5.509999
v 21.453037 9.611618 5.509999
v 20.790211 9.302536 5.500000
v 21.128412 9.460242 5.500000
v 21.128412 9.460242 5.510000
v 20.790211 9.302536 5.510000
v 21.105124 8.627201 5.500000
v 21.105124 8.627201 5.510000
v 20.696001 8.436424 5.500000
v 20.696001 8.436424 5.510000
v 20.389959 9.092733 5.500000
v 20.546967 8.756031 5.500000
v 20.546967 8.756031 5.510000
v 20.389959 9.092733 5.510000
v 19.946819 8.500958 5.500000
v 19.962257 8.598249 5.500000
v 19.987932 8.689533 5.500000
v 20.024431 8.774482 5.500000
v 20.072348 8.852768 5.500000
v 20.132269 8.924065 5.500000
v 20.204784 8.988043 5.500000
v 20.290485 9.044375 5.500000
v 20.290485 9.044375 5.510000
v 20.204784 8.988043 5.510000
v 20.132269 8.924065 5.510000
v 20.072348 8.852768 5.510000
v 20.024431 8.774482 5.510000
v 19.987932 8.689533 5.510000
v 19.962257 8.598249 5.510000
v 19.946819 8.500958 5.510000
v 20.430027 7.701050 5.500000
v 20.313656 7.769424 5.500000
v 20.210867 7.845785 5.500000
v 20.122868 7.930655 5.500000
v 20.050859 8.024556 5.500000
v 19.996046 8.128015 5.500000
v 19.959635 8.241553 5.500000
v 19.942823 8.365693 5.500000
v 19.942823 8.365693 5.510000
v 19.959635 8.241553 5.510000
v 19.996046 8.128015 5.510000
v 20.050859 8.024556 5.510000
v 20.122868 7.930655 5.510000
v 20.210867 7.845785 5.510000
v 20.313656 7.769424 5.510000
v 20.430027 7.701050 5.510000
v 20.284924 7.303227 5.500000
v 20.356134 7.498461 5.500000
v 20.356134 7.498461 5.510000
v 20.284924 7.303227 5.510000
v 19.491247 8.314954 5.500000
v 19.518433 8.139913 5.500000
v 19.568630 7.975371 5.500000
v 19.640621 7.823020 5.500000
v 19.733192 7.684546 5.500000
v 19.845123 7.561640 5.500000
v 19.975201 7.455993 5.500000
v 20.122208 7.369292 5.500000
v 20.201677 7.333574 5.500000
v 20.201677 7.333574 5.510000
v 20.122208 7.369292 5.510000
v 19.975201 7.455993 5.510000
v 19.845123 7.561640 5.510000
v 19.733192 7.684546 5.510000
v 19.640621 7.823020 5.510000
v 19.568630 7.975371 5.510000
v 19.518433 8.139913 5.510000
v 19.491247 8.314954 5.510000
v 20.186306 9.513483 5.499999
v 20.096855 9.462790 5.500000
v 20.013256 9.408192 5.500000
v 19.935568 9.349834 5.500000
v 19.863852 9.287860 5.500000
v 19.798168 9.222416 5.500000
v 19.738581 9.153647 5.500000
v 19.685146 9.081697 5.500000
v 19.637928 9.006712 5.500000
v 19.596987 8.928836 5.500000
v 19.562382 8.848215 5.500000
v 19.534176 8.764993 5.500000
v 19.512428 8.679316 5.500000
v 19.497202 8.591329 5.500000
v 19.488556 8.501176 5.500000
v 19.486549 8.409003 5.500000
v 19.486549 8.409003 5.510000
v 19.488556 8.501176 5.510000
v 19.497202 8.591329 5.510000
v 19.512428 8.679316 5.510000
v 19.534176 8.764993 5.510000
v 19.562382 8.848215 5.510000
v 19.596987 8.928836 5.510000
v 19.637928 9.006712 5.510000
v 19.685146 9.081697 5.510000
v 19.738581 9.153647 5.510000
v 19.798168 9.222416 5.510000
v 19.863852 9.287860 5.510000
v 19.935568 9.349834 5.510000
v 20.013256 9.408192 5.510000
v 20.096855 9.462790 5.510000
v 20.186306 9.513483 5.509999
v 20.736017 9.769963 5.499999
v 20.466084 9.644042 5.499999
v 20.466084 9.644042 5.509999
v 20.736017 9.769963 5.509999
v 18.378542 14.000235 5.499999
v 18.338152 13.981401 5.499999
v 18.308298 13.967480 5.499999
v 18.308298 13.967480 5.509999
v 18.338152 13.981401 5.509999
v 18.378542 14.000235 5.509999
v 18.613823 14.000001 5.499999
v 18.501492 14.000968 5.499999
v 18.501492 14.000968 5.509999
v 18.613823 14.000001 5.509999
v 19.767790 12.383713 5.499999
v 19.815960 12.531950 5.499999
v 19.843351 12.680265 5.499999
v 19.850979 12.827292 5.499999
v 19.839859 12.971664 5.499999
v 19.811007 13.112017 5.499999
v 19.765436 13.246985 5.499999
v 19.704166 13.375201 5.499999
v 19.628214 13.495301 5.499999
v 19.538589 13.605918 5.499999
v 19.436314 13.705686 5.499999
v 19.322399 13.793241 5.499999
v 19.197865 13.867216 5.499999
v 19.063723 13.926245 5.499999
v 18.920992 13.968963 5.499999
v 18.770687 13.994003 5.499999
v 18.770687 13.994003 5.509999
v 18.920992 13.968963 5.509999
v 19.063723 13.926245 5.509999
v 19.197865 13.867216 5.509999
v 19.322399 13.793241 5.509999
v 19.436314 13.705686 5.509999
v 19.538589 13.605918 5.509999
v 19.628214 13.495301 5.509999
v 19.704166 13.375201 5.509999
v 19.765436 13.246985 5.509999
v 19.811007 13.112017 5.509999
v 19.839859 12.971664 5.509999
v 19.850979 12.827292 5.509999
v 19.843351 12.680265 5.509999
v 19.815960 12.531950 5.509999
v 19.767790 12.383713 5.509999
v 19.416237 12.522959 5.499999
v 19.493799 12.492238 5.499999
v 19.580267 12.457989 5.499999
v 19.580267 12.457989 5.509999
v 19.493799 12.492238 5.509999
v 19.416237 12.522959 5.509999
v 19.325403 13.095857 5.499999
v 19.363291 12.962905 5.499999
v 19.384426 12.821711 5.499999
v 19.384426 12.821711 5.509999
v 19.363291 12.962905 5.509999
v 19.325403 13.095857 5.509999
v 18.362267 13.480967 5.499999
v 18.434290 13.507481 5.499999
v 18.507032 13.526558 5.499999
v 18.580004 13.538348 5.499999
v 18.652708 13.542998 5.499999
v 18.724657 13.540657 5.499999
v 18.795359 13.531472 5.499999
v 18.864317 13.515593 5.499999
v 18.931044 13.493166 5.499999
v 18.995045 13.464341 5.499999
v 19.055826 13.429266 5.499999
v 19.112902 13.388089 5.499999
v 19.165773 13.340957 5.499999
v 19.213951 13.288020 5.499999
v 19.256945 13.229425 5.499999
v 19.294258 13.165321 5.499999
v 19.294258 13.165321 5.509999
v 19.256945 13.229425 5.509999
v 19.213951 13.288020 5.509999
v 19.165773 13.340957 5.509999
v 19.112902 13.388089 5.509999
v 19.055826 13.429266 5.509999
v 18.995045 13.464341 5.509999
v 18.931044 13.493166 5.509999
v 18.864317 13.515593 5.509999
v 18.795359 13.531472 5.509999
v 18.724657 13.540657 5.509999
v 18.652708 13.542998 5.509999
v 18.580004 13.538348 5.509999
v 18.507032 13.526558 5.509999
v 18.434290 13.507481 5.509999
v 18.362267 13.480967 5.509999
v 17.813866 13.227837 5.499999
v 17.813866 13.227837 5.509999
v 17.242247 12.961336 5.499999
v 17.393887 13.032071 5.499999
v 17.538021 13.099318 5.499999
v 17.538021 13.099318 5.509999
v 17.393887 13.032071 5.509999
v 17.242247 12.961336 5.509999
v 17.054554 13.359467 5.499999
v 17.150703 13.157106 5.499999
v 17.150703 13.157106 5.509999
v 17.054554 13.359467 5.509999
v 17.132393 13.404037 5.499999
v 17.099850 13.397232 5.499999
v 17.077381 13.388683 5.499999
v 17.069290 13.383216 5.499999
v 17.062960 13.376668 5.499999
v 17.058130 13.368824 5.499999
v 17.058130 13.368824 5.509999
v 17.062960 13.376668 5.509999
v 17.069290 13.383216 5.509999
v 17.077381 13.388683 5.509999
v 17.099850 13.397232 5.509999
v 17.132393 13.404037 5.509999
v 17.985205 13.769680 5.499999
v 17.572092 13.584317 5.499999
v 17.356730 13.494281 5.499999
v 17.356730 13.494281 5.509999
v 17.572092 13.584317 5.509999
v 17.985205 13.769680 5.509999
v 18.149059 13.863697 5.499999
v 18.149059 13.863697 5.509999
v 18.809801 10.692049 5.499999
v 18.809288 10.694763 5.499999
v 18.809288 10.694763 5.509999
v 18.809801 10.692049 5.509999
v 18.819916 10.668414 5.499999
v 18.819916 10.668414 5.509999
v 18.845591 10.600518 5.499999
v 18.845591 10.600518 5.509999
v 18.889265 10.529417 5.499999
v 18.875805 10.543266 5.499999
v 18.864445 10.559982 5.499999
v 18.864445 10.559982 5.509999
v 18.875805 10.543266 5.509999
v 18.889265 10.529417 5.509999
v 18.899801 9.914874 5.499999
v 18.973288 10.069532 5.499999
v 19.003487 10.146377 5.499999
v 19.022665 10.223021 5.499999
v 19.025827 10.299556 5.499999
v 19.019840 10.337811 5.499999
v 19.007977 10.376072 5.499999
v 18.989613 10.414353 5.499999
v 18.964123 10.452662 5.499999
v 18.930882 10.491013 5.499999
v 18.930882 10.491013 5.509999
v 18.964123 10.452662 5.509999
v 18.989613 10.414353 5.509999
v 19.007977 10.376072 5.509999
v 19.019840 10.337811 5.509999
v 19.025827 10.299556 5.509999
v 19.022665 10.223021 5.509999
v 19.003487 10.146377 5.509999
v 18.973288 10.069532 5.509999
v 18.899801 9.914874 5.509999
v 18.378021 11.314093 5.499999
v 18.348522 11.211808 5.499999
v 18.328236 11.108900 5.499999
v 18.316957 11.005927 5.499999
v 18.314493 10.903444 5.499999
v 18.320642 10.802011 5.499999
v 18.335205 10.702183 5.499999
v 18.357983 10.604520 5.499999
v 18.388777 10.509577 5.499999
v 18.427385 10.417912 5.499999
v 18.473614 10.330084 5.499999
v 18.527260 10.246648 5.499999
v 18.588125 10.168163 5.499999
v 18.656012 10.095185 5.499999
v 18.730719 10.028273 5.499999
v 18.812048 9.967984 5.499999
v 18.812048 9.967984 5.509999
v 18.730719 10.028273 5.509999
v 18.656012 10.095185 5.509999
v 18.588125 10.168163 5.509999
v 18.527260 10.246648 5.509999
v 18.473614 10.330084 5.509999
v 18.427385 10.417912 5.509999
v 18.388777 10.509577 5.509999
v 18.357983 10.604520 5.509999
v 18.335205 10.702183 5.509999
v 18.320642 10.802011 5.509999
v 18.314493 10.903444 5.509999
v 18.316957 11.005927 5.509999
v 18.328236 11.108900 5.509999
v 18.348522 11.211808 5.509999
v 18.378021 11.314093 5.509999
v 19.695652 12.112832 5.499999
v 19.583786 12.123461 5.499999
v 19.474001 12.124811 5.499999
v 19.366693 12.117143 5.499999
v 19.262262 12.100713 5.499999
v 19.161104 12.075780 5.499999
v 19.063616 12.042602 5.499999
v 18.970196 12.001437 5.499999
v 18.881241 11.952542 5.499999
v 18.797146 11.896176 5.499999
v 18.718313 11.832597 5.499999
v 18.645138 11.762063 5.499999
v 18.578014 11.684831 5.499999
v 18.517345 11.601160 5.499999
v 18.463524 11.511308 5.499999
v 18.416950 11.415533 5.499999
v 18.416950 11.415533 5.509999
v 18.463524 11.511308 5.509999
v 18.517345 11.601160 5.509999
v 18.578014 11.684831 5.509999
v 18.645138 11.762063 5.509999
v 18.718313 11.832597 5.509999
v 18.797146 11.896176 5.509999
v 18.881241 11.952542 5.509999
v 18.970196 12.001437 5.509999
v 19.063616 12.042602 5.509999
v 19.161104 12.075780 5.509999
v 19.262262 12.100713 5.509999
v 19.366693 12.117143 5.509999
v 19.474001 12.124811 5.509999
v 19.583786 12.123461 5.509999
v 19.695652 12.112832 5.509999
v 19.284941 11.630460 5.499999
v 19.342552 11.641849 5.499999
v 19.393599 11.656608 5.499999
v 19.438574 11.674550 5.499999
v 19.477970 11.695489 5.499999
v 19.542013 11.745615 5.499999
v 19.589680 11.805497 5.499999
v 19.624922 11.873649 5.499999
v 19.651695 11.948580 5.499999
v 19.651695 11.948580 5.509999
v 19.624922 11.873649 5.509999
v 19.589680 11.805497 5.509999
v 19.542013 11.745615 5.509999
v 19.477970 11.695489 5.509999
v 19.438574 11.674550 5.509999
v 19.393599 11.656608 5.509999
v 19.342552 11.641849 5.509999
v 19.284941 11.630460 5.509999
v 18.802544 10.710412 5.499999
v 18.790228 10.794344 5.499999
v 18.783960 10.876844 5.499999
v 18.783663 10.957462 5.499999
v 18.789248 11.035751 5.499999
v 18.800632 11.111263 5.499999
v 18.817736 11.183550 5.499999
v 18.840473 11.252163 5.499999
v 18.868763 11.316656 5.499999
v 18.902519 11.376578 5.499999
v 18.941662 11.431484 5.499999
v 18.986107 11.480924 5.499999
v 19.035769 11.524450 5.499999
v 19.090567 11.561615 5.499999
v 19.150417 11.591971 5.499999
v 19.215237 11.615068 5.499999
v 19.215237 11.615068 5.509999
v 19.150417 11.591971 5.509999
v 19.090567 11.561615 5.509999
v 19.035769 11.524450 5.509999
v 18.986107 11.480924 5.509999
v 18.941662 11.431484 5.509999
v 18.902519 11.376578 5.509999
v 18.868763 11.316656 5.509999
v 18.840473 11.252163 5.509999
v 18.817736 11.183550 5.509999
v 18.800632 11.111263 5.509999
v 18.789248 11.035751 5.509999
v 18.783663 10.957462 5.509999
v 18.783960 10.876844 5.509999
v 18.790228 10.794344 5.509999
v 18.802544 10.710412 5.509999
v 22.487619 -15.828992 6.000001
v 22.487619 -15.828992 0.000001
v 28.620605 -20.145988 0.000002
v 28.620605 -20.145988 4.500001
v 28.578812 -20.116570 4.888230
v 28.456274 -20.030315 5.250001
v 28.261345 -19.893105 5.560661
v 28.007307 -19.714291 5.799039
v 27.711475 -19.506054 5.948890
v 27.394009 -19.282591 6.000001
v 24.352629 -12.774956 0.000001
v 25.805281 -9.504606 0.000001
v 26.820976 -6.073317 0.000000
v 27.382523 -2.539190 0.000000
v 27.480406 1.037933 -0.000000
v 27.112970 4.597481 -0.000000
v 26.286438 8.079180 -0.000001
v 25.014805 11.424077 -0.000001
v 23.319601 14.575533 -0.000001
v 21.229534 17.480186 -0.000001
v 18.779991 20.088850 -0.000002
v 16.012453 22.357355 -0.000002
v 12.973779 24.247290 -0.000002
v 9.715424 25.726650 -0.000002
v 6.292560 26.770388 -0.000002
v 2.763145 27.360830 -0.000002
v 3.435313 34.831001 -0.000003
v 7.439432 34.200218 -0.000003
v 11.343766 33.110706 -0.000002
v 15.095947 31.577085 -0.000002
v 18.645647 29.619923 -0.000002
v 21.945253 27.265471 -0.000002
v 24.950510 24.545305 -0.000002
v 27.621105 21.495918 -0.000002
v 29.921223 18.158207 -0.000001
v 31.820007 14.576939 -0.000001
v 33.291992 10.800152 -0.000001
v 34.317432 6.878504 -0.000001
v 34.882576 2.864594 -0.000000
v 34.979839 -1.187738 0.000000
v 34.607925 -5.224139 0.000000
v 33.771812 -9.190469 0.000001
v 32.482719 -13.033528 0.000001
v 30.757940 -16.701769 0.000001
v 10.999045 27.611635 -0.000002
v 31.019217 -7.174863 0.000001
v 2.763145 27.360830 5.999998
v 3.300881 33.336979 5.999998
v 3.327107 33.628445 5.971177
v 3.352325 33.908710 5.885820
v 3.375566 34.167004 5.747210
v 3.395938 34.393402 5.560667
v 3.412656 34.579205 5.333364
v 3.425080 34.717274 5.074032
v 3.432730 34.802292 4.792638
v 3.435313 34.831001 4.499997
v 24.352629 -12.774956 6.000001
v 25.805281 -9.504606 6.000001
v 26.820976 -6.073317 6.000000
v 27.382523 -2.539190 6.000000
v 27.480406 1.037933 6.000000
v 27.112970 4.597481 6.000000
v 26.286438 8.079180 6.000000
v 25.014805 11.424077 5.999999
v 23.319601 14.575533 5.999999
v 21.229534 17.480186 5.999999
v 18.779991 20.088850 5.999999
v 16.012453 22.357355 5.999998
v 12.973779 24.247290 5.999998
v 9.715424 25.726650 5.999998
v 6.292560 26.770388 5.999998
v 29.547668 -15.785602 6.000001
v 31.257235 -12.051360 6.000001
v 32.497009 -8.135989 6.000000
v 33.248363 -4.098336 6.000000
v 33.500000 0.000915 6.000000
v 33.248138 4.100152 6.000000
v 32.496567 8.137764 6.000000
v 31.256577 12.053068 5.999999
v 29.546806 15.787216 5.999999
v 27.392956 19.284086 5.999999
v 24.827394 22.491121 5.999998
v 21.888681 25.360119 5.999998
v 18.620989 27.847960 5.999998
v 15.073424 29.917252 5.999998
v 11.299310 31.536892 5.999998
v 7.355370 32.682541 5.999998
v 28.896322 -5.109281 6.000000
v 30.757940 -16.701769 4.500001
v 32.482719 -13.033528 4.500001
v 33.771812 -9.190469 4.500000
v 34.607925 -5.224139 4.500000
v 34.979839 -1.187738 4.500000
v 34.882576 2.864594 4.500000
v 34.317432 6.878504 4.500000
v 33.291992 10.800152 4.499999
v 31.820007 14.576939 4.499999
v 29.921223 18.158207 4.499999
v 27.621105 21.495918 4.499999
v 24.950510 24.545305 4.499998
v 21.945253 27.265471 4.499998
v 18.645647 29.619923 4.499998
v 15.095947 31.577085 4.499998
v 11.343766 33.110706 4.499998
v 7.439432 34.200218 4.499998
v 7.203119 33.113850 5.948886
v 7.280015 33.467354 5.799036
v 7.346048 33.770916 5.560658
v 7.396716 34.003845 5.249998
v 7.428568 34.150272 4.888227
v 10.983432 32.058949 5.948886
v 11.100685 32.401192 5.799036
v 11.201373 32.695084 5.560658
v 11.278633 32.920593 5.249998
v 11.327200 33.062355 4.888227
v 14.616426 30.574043 5.948886
v 14.772462 30.900434 5.799036
v 14.906454 31.180714 5.560658
v 15.009269 31.395779 5.249998
v 15.073902 31.530973 4.888227
v 18.053370 28.679050 5.948886
v 18.246098 28.985210 5.799036
v 18.411596 29.248117 5.560658
v 18.538588 29.449854 5.249998
v 18.618418 29.576670 4.888227
v 21.248165 26.399385 5.948887
v 21.474998 26.681210 5.799036
v 21.669785 26.923218 5.560658
v 21.819248 27.108917 5.249998
v 21.913206 27.225655 4.888227
v 24.157959 23.765627 5.948887
v 24.415855 24.019335 5.799036
v 24.637318 24.237200 5.560658
v 24.807249 24.404373 5.249998
v 24.914074 24.509462 4.888227
v 26.743725 20.813103 5.948887
v 27.029226 21.035292 5.799037
v 27.274391 21.226089 5.560658
v 27.462511 21.372494 5.249999
v 27.580770 21.464527 4.888227
v 28.970778 17.581411 5.948887
v 29.280054 17.769100 5.799037
v 29.545633 17.930273 5.560658
v 29.749422 18.053946 5.249999
v 29.877527 18.131689 4.888227
v 30.809248 14.113904 5.948888
v 31.138149 14.264576 5.799037
v 31.420584 14.393961 5.560659
v 31.637304 14.493241 5.249999
v 31.773540 14.555652 4.888228
v 32.234474 10.457086 5.948888
v 32.578590 10.568720 5.799037
v 32.874092 10.664582 5.560659
v 33.100838 10.738140 5.249999
v 33.243374 10.784380 4.888228
v 33.227345 6.660009 5.948888
v 33.582058 6.731108 5.799037
v 33.886662 6.792161 5.560659
v 34.120392 6.839009 5.250000
v 34.267319 6.868460 4.888228
v 33.774532 2.773602 5.948889
v 34.135094 2.803210 5.799038
v 34.444710 2.828636 5.560660
v 34.682289 2.848146 5.250000
v 34.831635 2.860411 4.888229
v 33.868710 -1.150010 5.948889
v 34.230274 -1.162286 5.799038
v 34.540752 -1.172829 5.560660
v 34.778996 -1.180918 5.250000
v 34.928761 -1.186003 4.888229
v 33.508606 -5.058195 5.948889
v 33.866325 -5.112193 5.799038
v 34.173504 -5.158563 5.560660
v 34.409214 -5.194142 5.250000
v 34.557384 -5.216509 4.888229
v 32.699055 -8.898535 5.948889
v 33.048130 -8.993530 5.799038
v 33.347889 -9.075105 5.560660
v 33.577904 -9.137699 5.250000
v 33.722492 -9.177048 4.888229
v 31.450911 -12.619519 5.948890
v 31.786663 -12.754238 5.799039
v 32.074978 -12.869923 5.560661
v 32.296211 -12.958692 5.250001
v 32.435287 -13.014495 4.888230
v 29.780918 -16.171238 5.948890
v 30.098843 -16.343872 5.799039
v 30.371849 -16.492119 5.560661
v 30.581335 -16.605871 5.250001
v 30.713024 -16.677378 4.888230
v 13.492572 -9.497395 0.000001
v 22.487619 -15.828992 0.000001
v 22.487619 -15.828992 5.500001
v 13.492572 -9.497395 5.500001
v 24.254061 -12.961118 0.000001
v 25.656649 -9.898806 0.000001
v 26.674347 -6.687995 0.000001
v 27.291883 -3.376853 0.000000
v 27.499996 -0.015053 0.000000
v 27.295563 3.346973 -0.000000
v 26.681652 6.658789 -0.000001
v 25.667471 9.870712 -0.000001
v 24.268234 12.934558 -0.000001
v 22.504934 15.804363 -0.000001
v 20.404022 18.437077 -0.000001
v 17.997019 20.793205 -0.000002
v 15.320027 22.837399 -0.000002
v 12.413209 24.538994 -0.000002
v 9.320174 25.872463 -0.000002
v 6.087319 26.817802 -0.000002
v 2.763145 27.360830 -0.000002
v 2.763145 27.360830 5.499998
v 6.087319 26.817802 5.499998
v 9.320174 25.872463 5.499998
v 12.413209 24.538994 5.499998
v 15.320027 22.837399 5.499998
v 17.997019 20.793205 5.499999
v 20.404022 18.437077 5.499999
v 22.504934 15.804363 5.499999
v 24.268234 12.934558 5.499999
v 25.667471 9.870712 5.499999
v 26.681652 6.658790 5.500000
v 27.295563 3.346973 5.500000
v 27.499996 -0.015053 5.500000
v 27.291883 -3.376853 5.500000
v 26.674347 -6.687994 5.500000
v 25.656649 -9.898806 5.500001
v 24.254061 -12.961118 5.500001
v 1.777248 16.404005 -0.000001
v 1.777248 16.404005 5.499999
v 4.181561 15.961345 -0.000001
v 6.494077 15.168288 -0.000001
v 8.664029 14.042243 -0.000001
v 10.643781 12.607931 -0.000001
v 12.389871 10.896839 -0.000001
v 13.863968 8.946529 -0.000001
v 15.033711 6.799818 -0.000001
v 15.873422 4.503831 -0.000000
v 16.364664 2.108972 -0.000000
v 16.496656 -0.332185 0.000000
v 16.266499 -2.766050 0.000000
v 15.679244 -5.139192 0.000000
v 14.747786 -7.399514 0.000001
v 14.747786 -7.399514 5.500000
v 15.679244 -5.139192 5.500000
v 16.266499 -2.766050 5.500000
v 16.496656 -0.332185 5.500000
v 16.364664 2.108973 5.500000
v 15.873422 4.503831 5.500000
v 15.033711 6.799819 5.500000
v 13.863968 8.946529 5.500000
v 12.389871 10.896839 5.499999
v 10.643781 12.607931 5.499999
v 8.664029 14.042243 5.499999
v 6.494077 15.168288 5.499999
v 4.181561 15.961345 5.499999
v 22.698532 -4.791669 5.500000
v 13.222539 11.568463 5.499999
v 8.484542 19.748529 5.499999
v 17.960535 3.388397 5.500000
v 22.698532 -4.791670 0.000000
v 17.960535 3.388396 -0.000000
v 8.484542 19.748529 -0.000001
v 13.222539 11.568463 -0.000001
v 19.003040 26.776241 -5.500002
v 18.754040 26.420630 -5.462021
v 18.512604 26.075825 -5.349234
v 18.286070 25.752300 -5.165066
v 18.081322 25.459888 -4.915113
v 17.904577 25.207474 -4.606971
v 17.761211 25.002726 -4.250002
v 17.655577 24.851864 -3.855052
v 17.590883 24.759474 -3.434122
v 17.569099 24.728361 -3.000002
v 17.590883 24.759474 -2.565882
v 17.655577 24.851864 -2.144952
v 17.761211 25.002726 -1.750002
v 17.904577 25.207474 -1.393033
v 18.081322 25.459888 -1.084891
v 18.286070 25.752300 -0.834938
v 18.512604 26.075825 -0.650770
v 18.754040 26.420630 -0.537983
v 19.003040 26.776241 -0.500002
v 19.252043 27.131851 -0.537983
v 19.493479 27.476658 -0.650770
v 19.720011 27.800180 -0.834938
v 19.924761 28.092592 -1.084891
v 20.101503 28.345009 -1.393033
v 20.244869 28.549757 -1.750002
v 20.350506 28.700619 -2.144952
v 20.415197 28.793009 -2.565882
v 20.436981 28.824121 -3.000002
v 20.415197 28.793009 -3.434122
v 20.350506 28.700619 -3.855052
v 20.244869 28.549757 -4.250002
v 20.101503 28.345009 -4.606971
v 19.924761 28.092592 -4.915113
v 19.720011 27.800180 -5.165066
v 19.493479 27.476658 -5.349234
v 19.252043 27.131851 -5.462021
v 15.726433 29.070547 -5.500002
v 15.975434 29.426157 -5.462021
v 16.216869 29.770964 -5.349235
v 16.443403 30.094486 -5.165066
v 16.648151 30.386900 -4.915113
v 16.824896 30.639315 -4.606971
v 16.968262 30.844063 -4.250002
v 17.073896 30.994925 -3.855052
v 17.138590 31.087315 -3.434122
v 17.160374 31.118427 -3.000002
v 17.138590 31.087315 -2.565882
v 17.073896 30.994925 -2.144952
v 16.968262 30.844063 -1.750002
v 16.824896 30.639315 -1.393033
v 16.648151 30.386900 -1.084891
v 16.443403 30.094486 -0.834938
v 16.216869 29.770964 -0.650770
v 15.975434 29.426157 -0.537983
v 15.726433 29.070547 -0.500002
v 15.477431 28.714935 -0.537983
v 15.235996 28.370131 -0.650770
v 15.009462 28.046606 -0.834938
v 14.804713 27.754194 -1.084891
v 14.627970 27.501780 -1.393033
v 14.484603 27.297029 -1.750002
v 14.378969 27.146170 -2.144952
v 14.314276 27.053778 -2.565882
v 14.292492 27.022667 -3.000002
v 14.314276 27.053778 -3.434122
v 14.378969 27.146170 -3.855052
v 14.484603 27.297029 -4.250002
v 14.627970 27.501780 -4.606971
v 14.804713 27.754194 -4.915113
v 15.009462 28.046606 -5.165066
v 15.235996 28.370131 -5.349234
v 15.477431 28.714935 -5.462021
v 32.690426 -3.068996 -5.500000
v 32.245731 -3.030091 -5.459824
v 31.815331 -2.992435 -5.340587
v 31.413055 -2.957241 -5.146122
v 31.051838 -2.925638 -4.882679
v 30.743284 -2.898643 -4.558725
v 30.497314 -2.877123 -4.184672
v 30.321833 -2.861771 -3.772542
v 30.222479 -2.853078 -3.335583
v 30.202446 -2.851326 -2.887838
v 30.262381 -2.856569 -2.443698
v 30.400352 -2.868640 -2.017437
v 30.611933 -2.887151 -1.622758
v 30.890314 -2.911506 -1.272343
v 31.226555 -2.940923 -0.977458
v 31.609844 -2.974457 -0.747578
v 32.027863 -3.011029 -0.590093
v 32.467178 -3.049464 -0.510064
v 32.913670 -3.088527 -0.510064
v 33.352985 -3.126962 -0.590093
v 33.771008 -3.163534 -0.747578
v 34.154297 -3.197068 -0.977458
v 34.490536 -3.226485 -1.272343
v 34.768921 -3.250840 -1.622758
v 34.980495 -3.269351 -2.017437
v 35.118469 -3.281422 -2.443698
v 35.178406 -3.286666 -2.887838
v 35.158371 -3.284913 -3.335583
v 35.059017 -3.276221 -3.772542
v 34.883537 -3.260868 -4.184671
v 34.637566 -3.239348 -4.558724
v 34.329014 -3.212353 -4.882679
v 33.967793 -3.180752 -5.146122
v 33.565521 -3.145556 -5.340587
v 33.135120 -3.107902 -5.459824
v 33.039047 0.915783 -5.500000
v 33.483742 0.876878 -5.459824
v 33.914143 0.839222 -5.340587
v 34.316418 0.804028 -5.146122
v 34.677635 0.772425 -4.882679
v 34.986191 0.745430 -4.558725
v 35.232159 0.723911 -4.184672
v 35.407642 0.708558 -3.772542
v 35.506996 0.699866 -3.335583
v 35.527027 0.698113 -2.887838
v 35.467094 0.703357 -2.443698
v 35.329121 0.715428 -2.017437
v 35.117542 0.733939 -1.622758
v 34.839157 0.758294 -1.272343
v 34.502918 0.787711 -0.977458
v 34.119629 0.821245 -0.747578
v 33.701611 0.857817 -0.590093
v 33.262295 0.896252 -0.510064
v 32.815804 0.935315 -0.510064
v 32.376488 0.973750 -0.590093
v 31.958466 1.010322 -0.747578
v 31.575176 1.043855 -0.977458
v 31.238937 1.073272 -1.272343
v 30.960554 1.097628 -1.622758
v 30.748976 1.116138 -2.017437
v 30.611004 1.128210 -2.443698
v 30.551069 1.133453 -2.887838
v 30.571100 1.131701 -3.335583
v 30.670456 1.123008 -3.772542
v 30.845938 1.107656 -4.184672
v 31.091908 1.086136 -4.558725
v 31.400461 1.059141 -4.882679
v 31.761679 1.027538 -5.146122
v 32.163956 0.992344 -5.340587
v 32.594357 0.954689 -5.459824
v -19.654167 12.051130 5.499999
v -19.647541 12.054722 5.499999
v -19.647541 12.054722 5.509999
v -19.654167 12.051130 5.509999
v -19.885109 11.777609 5.499999
v -19.872969 11.813479 5.499999
v -19.852949 11.847875 5.499999
v -19.795479 11.914235 5.499999
v -19.795479 11.914235 5.509999
v -19.852949 11.847875 5.509999
v -19.872969 11.813479 5.509999
v -19.885109 11.777609 5.509999
v -20.416960 11.462914 5.499999
v -20.250311 11.481554 5.499999
v -20.169485 11.493184 5.499999
v -20.093487 11.513125 5.499999
v -20.024681 11.546459 5.499999
v -19.993715 11.569736 5.499999
v -19.965437 11.598265 5.499999
v -19.940142 11.632682 5.499999
v -19.918123 11.673622 5.499999
v -19.899679 11.721719 5.499999
v -19.899679 11.721719 5.509999
v -19.918123 11.673622 5.509999
v -19.940142 11.632682 5.509999
v -19.965437 11.598265 5.509999
v -19.993715 11.569736 5.509999
v -20.024681 11.546459 5.509999
v -20.093487 11.513125 5.509999
v -20.169485 11.493184 5.509999
v -20.250311 11.481554 5.509999
v -20.416960 11.462914 5.509999
v -19.397442 12.634460 5.499999
v -19.506174 12.613550 5.499999
v -19.610632 12.583774 5.499999
v -19.710440 12.545539 5.499999
v -19.805231 12.499250 5.499999
v -19.894638 12.445310 5.499999
v -19.978291 12.384126 5.499999
v -20.055817 12.316102 5.499999
v -20.126848 12.241644 5.499999
v -20.191015 12.161155 5.499999
v -20.247952 12.075041 5.499999
v -20.297281 11.983708 5.499999
v -20.338640 11.887559 5.499999
v -20.371656 11.787001 5.499999
v -20.395962 11.682437 5.499999
v -20.411186 11.574273 5.499999
v -20.411186 11.574273 5.509999
v -20.395962 11.682437 5.509999
v -20.371656 11.787001 5.509999
v -20.338640 11.887559 5.509999
v -20.297281 11.983708 5.509999
v -20.247952 12.075041 5.509999
v -20.191015 12.161155 5.509999
v -20.126848 12.241644 5.509999
v -20.055817 12.316102 5.509999
v -19.978291 12.384126 5.509999
v -19.894638 12.445310 5.509999
v -19.805231 12.499250 5.509999
v -19.710440 12.545539 5.509999
v -19.610632 12.583774 5.509999
v -19.506174 12.613550 5.509999
v -19.397442 12.634460 5.509999
v -18.119579 11.873264 5.499999
v -18.153015 11.966593 5.499999
v -18.195452 12.055490 5.499999
v -18.246290 12.139599 5.499999
v -18.304926 12.218561 5.499999
v -18.370756 12.292019 5.499999
v -18.443180 12.359614 5.499999
v -18.521593 12.420990 5.499999
v -18.605394 12.475789 5.499999
v -18.693979 12.523652 5.499999
v -18.786749 12.564222 5.499999
v -18.883097 12.597142 5.499999
v -18.982422 12.622053 5.499999
v -19.084122 12.638598 5.499999
v -19.187593 12.646420 5.499999
v -19.292234 12.645160 5.499999
v -19.292234 12.645160 5.509999
v -19.187593 12.646420 5.509999
v -19.084122 12.638598 5.509999
v -18.982422 12.622053 5.509999
v -18.883097 12.597142 5.509999
v -18.786749 12.564222 5.509999
v -18.693979 12.523652 5.509999
v -18.605394 12.475789 5.509999
v -18.521593 12.420990 5.509999
v -18.443180 12.359614 5.509999
v -18.370756 12.292019 5.509999
v -18.304926 12.218561 5.509999
v -18.246290 12.139599 5.509999
v -18.195452 12.055490 5.509999
v -18.153015 11.966593 5.509999
v -18.119579 11.873264 5.509999
v -18.747616 11.997358 5.499999
v -18.709597 11.956068 5.499999
v -18.671738 11.920925 5.499999
v -18.596228 11.867644 5.499999
v -18.520527 11.834641 5.499999
v -18.444073 11.819044 5.499999
v -18.366310 11.817980 5.499999
v -18.286680 11.828577 5.499999
v -18.204624 11.847962 5.499999
v -18.204624 11.847962 5.509999
v -18.286680 11.828577 5.509999
v -18.366310 11.817980 5.509999
v -18.444073 11.819044 5.509999
v -18.520527 11.834641 5.509999
v -18.596228 11.867644 5.509999
v -18.671738 11.920925 5.509999
v -18.709597 11.956068 5.509999
v -18.747616 11.997358 5.509999
v -19.639767 12.062880 5.499999
v -19.510508 12.124264 5.499999
v -19.384846 12.168073 5.499999
v -19.263517 12.193156 5.499999
v -19.147259 12.198360 5.499999
v -19.091259 12.193148 5.499999
v -19.036802 12.182535 5.499999
v -18.983980 12.166376 5.499999
v -18.932886 12.144527 5.499999
v -18.883612 12.116845 5.499999
v -18.836245 12.083185 5.499999
v -18.790882 12.043404 5.499999
v -18.790882 12.043404 5.509999
v -18.836245 12.083185 5.509999
v -18.883612 12.116845 5.509999
v -18.932886 12.144527 5.509999
v -18.983980 12.166376 5.509999
v -19.036802 12.182535 5.509999
v -19.091259 12.193148 5.509999
v -19.147259 12.198360 5.509999
v -19.263517 12.193156 5.509999
v -19.384846 12.168073 5.509999
v -19.510508 12.124264 5.509999
v -19.639767 12.062880 5.509999
v -15.717421 15.272244 5.499999
v -15.757248 15.115499 5.499999
v -15.757248 15.115499 5.509999
v -15.717421 15.272244 5.509999
v -16.079636 16.039188 5.499999
v -15.983510 15.970905 5.499999
v -15.900702 15.892315 5.499999
v -15.831815 15.804632 5.499999
v -15.777458 15.709068 5.499999
v -15.738234 15.606834 5.499999
v -15.714749 15.499144 5.499999
v -15.707610 15.387210 5.499999
v -15.707610 15.387210 5.509999
v -15.714749 15.499144 5.509999
v -15.738234 15.606834 5.509999
v -15.777458 15.709068 5.509999
v -15.831815 15.804632 5.509999
v -15.900702 15.892315 5.509999
v -15.983510 15.970905 5.509999
v -16.079636 16.039188 5.509999
v -16.905300 15.990358 5.499999
v -16.808788 16.051672 5.499999
v -16.706915 16.097418 5.499999
v -16.601402 16.127487 5.499999
v -16.493977 16.141785 5.499999
v -16.386362 16.140205 5.499999
v -16.280285 16.122648 5.499999
v -16.177467 16.089008 5.499999
v -16.177467 16.089008 5.509999
v -16.280285 16.122648 5.509999
v -16.386362 16.140205 5.509999
v -16.493977 16.141785 5.509999
v -16.601402 16.127487 5.509999
v -16.706915 16.097418 5.509999
v -16.808788 16.051672 5.509999
v -16.905300 15.990358 5.509999
v -17.178324 15.188229 5.499999
v -17.202305 15.300975 5.499999
v -17.208084 15.413813 5.499999
v -17.196463 15.524914 5.499999
v -17.168238 15.632450 5.499999
v -17.124210 15.734591 5.499999
v -17.065180 15.829508 5.499999
v -16.991943 15.915374 5.499999
v -16.991943 15.915374 5.509999
v -17.065180 15.829508 5.509999
v -17.124210 15.734591 5.509999
v -17.168238 15.632450 5.509999
v -17.196463 15.524914 5.509999
v -17.208084 15.413813 5.509999
v -17.202305 15.300975 5.509999
v -17.178324 15.188229 5.509999
v -16.571980 14.653699 5.499999
v -16.683195 14.677346 5.499999
v -16.784655 14.714009 5.499999
v -16.876175 14.763347 5.499999
v -16.957575 14.825019 5.499999
v -17.028671 14.898683 5.499999
v -17.089283 14.984001 5.499999
v -17.139229 15.080630 5.499999
v -17.139229 15.080630 5.509999
v -17.089283 14.984001 5.509999
v -17.028671 14.898683 5.509999
v -16.957575 14.825019 5.509999
v -16.876175 14.763347 5.509999
v -16.784655 14.714009 5.509999
v -16.683195 14.677346 5.509999
v -16.571980 14.653699 5.509999
v -15.765252 15.097829 5.499999
v -15.836837 14.980178 5.499999
v -15.916404 14.879323 5.499999
v -16.004143 14.795741 5.499999
v -16.100239 14.729913 5.499999
v -16.204884 14.682316 5.499999
v -16.318262 14.653429 5.499999
v -16.440563 14.643731 5.499999
v -16.440563 14.643731 5.509999
v -16.318262 14.653429 5.509999
v -16.204884 14.682316 5.509999
v -16.100239 14.729913 5.509999
v -16.004143 14.795741 5.509999
v -15.916404 14.879323 5.509999
v -15.836837 14.980178 5.509999
v -15.765252 15.097829 5.509999
v -15.763221 15.104407 5.499999
v -15.763221 15.104407 5.509999
v -15.552269 16.235786 5.499999
v -15.761412 16.379770 5.499999
v -15.968345 16.507444 5.499999
v -15.968345 16.507444 5.509999
v -15.761412 16.379770 5.509999
v -15.552269 16.235786 5.509999
v -15.471633 16.084394 5.499999
v -15.507943 16.153854 5.499999
v -15.507943 16.153854 5.509999
v -15.471633 16.084394 5.509999
v -15.646027 14.504317 5.499999
v -15.565694 14.584102 5.499999
v -15.494388 14.668654 5.499999
v -15.432157 14.757493 5.499999
v -15.379053 14.850139 5.499999
v -15.335123 14.946113 5.499999
v -15.300419 15.044935 5.499999
v -15.274988 15.146128 5.499999
v -15.258882 15.249210 5.499999
v -15.252149 15.353703 5.499999
v -15.254838 15.459128 5.499999
v -15.267001 15.565005 5.499999
v -15.288685 15.670854 5.499999
v -15.319941 15.776197 5.499999
v -15.360818 15.880555 5.499999
v -15.411365 15.983447 5.499999
v -15.411365 15.983447 5.509999
v -15.360818 15.880555 5.509999
v -15.319941 15.776197 5.509999
v -15.288685 15.670854 5.509999
v -15.267001 15.565005 5.509999
v -15.254838 15.459128 5.509999
v -15.252149 15.353703 5.509999
v -15.258882 15.249210 5.509999
v -15.274988 15.146128 5.509999
v -15.300419 15.044935 5.509999
v -15.335123 14.946113 5.509999
v -15.379053 14.850139 5.509999
v -15.432157 14.757493 5.509999
v -15.494388 14.668654 5.509999
v -15.565694 14.584102 5.509999
v -15.646027 14.504317 5.509999
v -17.219271 14.454756 5.499999
v -17.129629 14.388924 5.499999
v -17.035997 14.332373 5.499999
v -16.938980 14.285083 5.499999
v -16.839186 14.247033 5.499999
v -16.737221 14.218206 5.499999
v -16.633694 14.198583 5.499999
v -16.529209 14.188143 5.499999
v -16.424377 14.186869 5.499999
v -16.319803 14.194740 5.499999
v -16.216097 14.211738 5.499999
v -16.113859 14.237844 5.499999
v -16.013704 14.273038 5.499999
v -15.916237 14.317301 5.499999
v -15.822063 14.370615 5.499999
v -15.731791 14.432960 5.499999
v -15.731791 14.432960 5.509999
v -15.822063 14.370615 5.509999
v -15.916237 14.317301 5.509999
v -16.013704 14.273038 5.509999
v -16.113859 14.237844 5.509999
v -16.216097 14.211738 5.509999
v -16.319803 14.194740 5.509999
v -16.424377 14.186869 5.509999
v -16.529209 14.188143 5.509999
v -16.633694 14.198583 5.509999
v -16.737221 14.218206 5.509999
v -16.839186 14.247033 5.509999
v -16.938980 14.285083 5.509999
v -17.035997 14.332373 5.509999
v -17.129629 14.388924 5.509999
v -17.219271 14.454756 5.509999
v -17.496801 16.007383 5.499999
v -17.548363 15.909433 5.499999
v -17.590178 15.808490 5.499999
v -17.622368 15.705221 5.499999
v -17.645054 15.600295 5.499999
v -17.658354 15.494377 5.499999
v -17.662386 15.388137 5.499999
v -17.657270 15.282240 5.499999
v -17.643126 15.177355 5.499999
v -17.620073 15.074148 5.499999
v -17.588230 14.973287 5.499999
v -17.547718 14.875439 5.499999
v -17.498653 14.781272 5.499999
v -17.441158 14.691453 5.499999
v -17.375349 14.606649 5.499999
v -17.301348 14.527527 5.499999
v -17.301348 14.527527 5.509999
v -17.375349 14.606649 5.509999
v -17.441158 14.691453 5.509999
v -17.498653 14.781272 5.509999
v -17.547718 14.875439 5.509999
v -17.588230 14.973287 5.509999
v -17.620073 15.074148 5.509999
v -17.643126 15.177355 5.509999
v -17.657270 15.282240 5.509999
v -17.662386 15.388137 5.509999
v -17.658354 15.494377 5.509999
v -17.645054 15.600295 5.509999
v -17.622368 15.705221 5.509999
v -17.590178 15.808490 5.509999
v -17.548363 15.909433 5.509999
v -17.496801 16.007383 5.509999
v -16.081306 16.543957 5.499999
v -16.194250 16.570721 5.499999
v -16.306681 16.587889 5.499999
v -16.418104 16.595612 5.499999
v -16.528028 16.594046 5.499999
v -16.635958 16.583340 5.499999
v -16.741396 16.563650 5.499999
v -16.843851 16.535130 5.499999
v -16.942829 16.497929 5.499999
v -17.037836 16.452204 5.499999
v -17.128378 16.398106 5.499999
v -17.213959 16.335789 5.499999
v -17.294085 16.265404 5.499999
v -17.368263 16.187105 5.499999
v -17.436001 16.101048 5.499999
v -17.436001 16.101048 5.509999
v -17.368263 16.187105 5.509999
v -17.294085 16.265404 5.509999
v -17.213959 16.335789 5.509999
v -17.128378 16.398106 5.509999
v -17.037836 16.452204 5.509999
v -16.942829 16.497929 5.509999
v -16.843851 16.535130 5.509999
v -16.741396 16.563650 5.509999
v -16.635958 16.583340 5.509999
v -16.528028 16.594046 5.509999
v -16.418104 16.595612 5.509999
v -16.306681 16.587889 5.509999
v -16.194250 16.570721 5.509999
v -16.081306 16.543957 5.509999
v -19.050425 13.773067 5.499999
v -19.306557 13.407271 5.499999
v -19.306557 13.407271 5.509999
v -19.050425 13.773067 5.509999
v -18.451338 13.353582 5.499999
v -18.757015 13.567620 5.499999
v -18.757015 13.567620 5.509999
v -18.451338 13.353582 5.509999
v -18.023937 13.963973 5.499999
v -18.023937 13.963973 5.509999
v -17.654160 13.705051 5.499999
v -17.654160 13.705051 5.509999
v -18.069517 13.111857 5.499999
v -17.856428 13.416179 5.499999
v -17.856428 13.416179 5.509999
v -18.069517 13.111857 5.509999
v -17.335457 13.023973 5.499999
v -17.427431 12.988698 5.499999
v -17.519321 12.965290 5.499999
v -17.611139 12.954426 5.499999
v -17.702896 12.956779 5.499999
v -17.794601 12.973024 5.499999
v -17.886267 13.003836 5.499999
v -17.977901 13.049889 5.499999
v -17.977901 13.049889 5.509999
v -17.886267 13.003836 5.509999
v -17.794601 12.973024 5.509999
v -17.702896 12.956779 5.509999
v -17.611139 12.954426 5.509999
v -17.519321 12.965290 5.509999
v -17.427431 12.988698 5.509999
v -17.335457 13.023973 5.509999
v -16.884319 13.842398 5.499999
v -16.885345 13.707429 5.499999
v -16.900082 13.580232 5.499999
v -16.929581 13.461587 5.499999
v -16.974899 13.352276 5.499999
v -17.037090 13.253077 5.499999
v -17.117210 13.164774 5.499999
v -17.216314 13.088145 5.499999
v -17.216314 13.088145 5.509999
v -17.117210 13.164774 5.509999
v -17.037090 13.253077 5.509999
v -16.974899 13.352276 5.509999
v -16.929581 13.461587 5.509999
v -16.900082 13.580232 5.509999
v -16.885345 13.707429 5.509999
v -16.884319 13.842398 5.509999
v -16.467241 13.915646 5.499999
v -16.671925 13.879699 5.499999
v -16.671925 13.879699 5.509999
v -16.467241 13.915646 5.509999
v -16.946585 12.722438 5.499999
v -16.808588 12.833503 5.499999
v -16.691189 12.959245 5.499999
v -16.595243 13.097768 5.499999
v -16.521608 13.247173 5.499999
v -16.471134 13.405562 5.499999
v -16.444679 13.571035 5.499999
v -16.443096 13.741696 5.499999
v -16.451900 13.828379 5.499999
v -16.451900 13.828379 5.509999
v -16.443096 13.741696 5.509999
v -16.444679 13.571035 5.509999
v -16.471134 13.405562 5.509999
v -16.521608 13.247173 5.509999
v -16.595243 13.097768 5.509999
v -16.691189 12.959245 5.509999
v -16.808588 12.833503 5.509999
v -16.946585 12.722438 5.509999
v -18.332071 12.725112 5.499999
v -18.243444 12.672992 5.499999
v -18.154362 12.627892 5.499999
v -18.064978 12.589791 5.499999
v -17.975449 12.558670 5.499999
v -17.885931 12.534509 5.499999
v -17.796579 12.517288 5.499999
v -17.707554 12.506988 5.499999
v -17.619005 12.503589 5.499999
v -17.531092 12.507070 5.499999
v -17.443970 12.517412 5.499999
v -17.357796 12.534596 5.499999
v -17.272722 12.558601 5.499999
v -17.188910 12.589407 5.499999
v -17.106512 12.626995 5.499999
v -17.025684 12.671346 5.499999
v -17.025684 12.671346 5.509999
v -17.106512 12.626995 5.509999
v -17.188910 12.589407 5.509999
v -17.272722 12.558601 5.509999
v -17.357796 12.534596 5.509999
v -17.443970 12.517412 5.509999
v -17.531092 12.507070 5.509999
v -17.619005 12.503589 5.509999
v -17.707554 12.506988 5.509999
v -17.796579 12.517288 5.509999
v -17.885931 12.534509 5.509999
v -17.975449 12.558670 5.509999
v -18.064978 12.589791 5.509999
v -18.154362 12.627892 5.509999
v -18.243444 12.672992 5.509999
v -18.332071 12.725112 5.509999
v -18.829044 13.072936 5.499999
v -18.585028 12.902128 5.499999
v -18.585028 12.902128 5.509999
v -18.829044 13.072936 5.509999
v -21.313829 8.916166 5.500000
v -21.277325 8.890605 5.500000
v -21.250341 8.871711 5.500000
v -21.250341 8.871711 5.510000
v -21.277325 8.890605 5.510000
v -21.313829 8.916166 5.510000
v -21.431269 9.120043 5.500000
v -21.375938 9.022277 5.500000
v -21.375938 9.022277 5.510000
v -21.431269 9.120043 5.510000
v -20.608503 10.927552 5.499999
v -20.760967 10.895150 5.499999
v -20.903107 10.844714 5.499999
v -21.034250 10.777806 5.499999
v -21.153721 10.695989 5.499999
v -21.260843 10.600826 5.499999
v -21.354944 10.493878 5.499999
v -21.435349 10.376709 5.499999
v -21.501381 10.250881 5.499999
v -21.552364 10.117956 5.499999
v -21.587629 9.979498 5.499999
v -21.606497 9.837068 5.499999
v -21.608294 9.692230 5.499999
v -21.592342 9.546546 5.499999
v -21.557972 9.401578 5.500000
v -21.504505 9.258890 5.500000
v -21.504505 9.258890 5.510000
v -21.557972 9.401578 5.510000
v -21.592342 9.546546 5.509999
v -21.608294 9.692230 5.509999
v -21.606497 9.837068 5.509999
v -21.587629 9.979498 5.509999
v -21.552364 10.117956 5.509999
v -21.501381 10.250881 5.509999
v -21.435349 10.376709 5.509999
v -21.354944 10.493878 5.509999
v -21.260843 10.600826 5.509999
v -21.153721 10.695989 5.509999
v -21.034250 10.777806 5.509999
v -20.903107 10.844714 5.509999
v -20.760967 10.895150 5.509999
v -20.608503 10.927552 5.509999
v -20.553320 10.553475 5.499999
v -20.565495 10.636006 5.499999
v -20.579067 10.728014 5.499999
v -20.579067 10.728014 5.509999
v -20.565495 10.636006 5.509999
v -20.553320 10.553475 5.509999
v -21.004045 10.188363 5.499999
v -20.907850 10.287649 5.499999
v -20.796141 10.376549 5.499999
v -20.796141 10.376549 5.509999
v -20.907850 10.287649 5.509999
v -21.004045 10.188363 5.509999
v -20.855993 9.161706 5.500000
v -20.914967 9.210823 5.500000
v -20.967859 9.264281 5.500000
v -21.014555 9.321581 5.500000
v -21.054935 9.382221 5.500000
v -21.088882 9.445701 5.500000
v -21.116278 9.511521 5.499999
v -21.137005 9.579181 5.499999
v -21.150946 9.648181 5.499999
v -21.157984 9.718020 5.499999
v -21.157999 9.788197 5.499999
v -21.150875 9.858214 5.499999
v -21.136496 9.927568 5.499999
v -21.114738 9.995760 5.499999
v -21.085491 10.062291 5.499999
v -21.048634 10.126658 5.499999
v -21.048634 10.126658 5.509999
v -21.085491 10.062291 5.509999
v -21.114738 9.995760 5.509999
v -21.136496 9.927568 5.509999
v -21.150875 9.858214 5.509999
v -21.157999 9.788197 5.509999
v -21.157984 9.718020 5.509999
v -21.150946 9.648181 5.509999
v -21.137005 9.579181 5.509999
v -21.116278 9.511521 5.509999
v -21.088882 9.445701 5.510000
v -21.054935 9.382221 5.510000
v -21.014555 9.321581 5.510000
v -20.967859 9.264281 5.510000
v -20.914967 9.210823 5.510000
v -20.855993 9.161706 5.510000
v -20.362576 8.813341 5.500000
v -20.362576 8.813341 5.510000
v -19.845970 8.451555 5.500000
v -19.983047 8.547512 5.500000
v -20.113354 8.638713 5.500000
v -20.113354 8.638713 5.510000
v -19.983047 8.547512 5.510000
v -19.845970 8.451555 5.510000
v -20.096914 8.089943 5.500000
v -19.969740 8.274391 5.500000
v -19.969740 8.274391 5.510000
v -20.096914 8.089943 5.510000
v -20.174433 8.135068 5.500000
v -20.152267 8.110288 5.500000
v -20.133631 8.095105 5.500000
v -20.124851 8.090832 5.500000
v -20.116014 8.088622 5.500000
v -20.106806 8.088363 5.500000
v -20.106806 8.088363 5.510000
v -20.116014 8.088622 5.510000
v -20.124851 8.090832 5.510000
v -20.133631 8.095105 5.510000
v -20.152267 8.110288 5.510000
v -20.174433 8.135068 5.510000
v -20.917496 8.690804 5.500000
v -20.550409 8.425720 5.500000
v -20.364754 8.284228 5.500000
v -20.364754 8.284228 5.510000
v -20.550409 8.425720 5.510000
v -20.917496 8.690804 5.510000
v -21.080843 8.785698 5.500000
v -21.080843 8.785698 5.510000
v -18.664488 10.943741 5.499999
v -18.666580 10.941940 5.499999
v -18.666580 10.941940 5.509999
v -18.664488 10.943741 5.509999
v -18.649075 10.964318 5.499999
v -18.649075 10.964318 5.509999
v -18.603113 11.020501 5.499999
v -18.603113 11.020501 5.509999
v -18.563375 11.093875 5.499999
v -18.568638 11.075294 5.499999
v -18.577435 11.057097 5.499999
v -18.577435 11.057097 5.509999
v -18.568638 11.075294 5.509999
v -18.563375 11.093875 5.509999
v -18.036432 11.410270 5.499999
v -18.207113 11.396582 5.499999
v -18.288765 11.384314 5.499999
v -18.364729 11.362601 5.499999
v -18.432590 11.327071 5.499999
v -18.462727 11.302760 5.499999
v -18.489931 11.273355 5.499999
v -18.513901 11.238310 5.499999
v -18.534332 11.197080 5.499999
v -18.550924 11.149117 5.499999
v -18.550924 11.149117 5.509999
v -18.534332 11.197080 5.509999
v -18.513901 11.238310 5.509999
v -18.489931 11.273355 5.509999
v -18.462727 11.302760 5.509999
v -18.432590 11.327071 5.509999
v -18.364729 11.362601 5.509999
v -18.288765 11.384314 5.509999
v -18.207113 11.396582 5.509999
v -18.036432 11.410270 5.509999
v -18.987303 10.258786 5.499999
v -18.883972 10.284382 5.499999
v -18.784706 10.318267 5.499999
v -18.689892 10.359988 5.499999
v -18.599907 10.409095 5.499999
v -18.515137 10.465136 5.499999
v -18.435965 10.527662 5.499999
v -18.362776 10.596220 5.499999
v -18.295948 10.670359 5.499999
v -18.235870 10.749628 5.499999
v -18.182922 10.833577 5.499999
v -18.137487 10.921754 5.499999
v -18.099951 11.013707 5.499999
v -18.070692 11.108987 5.499999
v -18.050098 11.207142 5.499999
v -18.038551 11.307720 5.499999
v -18.038551 11.307720 5.509999
v -18.050098 11.207142 5.509999
v -18.070692 11.108987 5.509999
v -18.099951 11.013707 5.509999
v -18.137487 10.921754 5.509999
v -18.182922 10.833577 5.509999
v -18.235870 10.749628 5.509999
v -18.295948 10.670359 5.509999
v -18.362776 10.596220 5.509999
v -18.435965 10.527662 5.509999
v -18.515137 10.465136 5.509999
v -18.599907 10.409095 5.509999
v -18.689892 10.359988 5.509999
v -18.784706 10.318267 5.509999
v -18.883972 10.284382 5.509999
v -18.987303 10.258786 5.509999
v -20.337847 11.000519 5.499999
v -20.291119 10.898326 5.499999
v -20.237394 10.802574 5.499999
v -20.177101 10.713478 5.499999
v -20.110657 10.631252 5.499999
v -20.038485 10.556113 5.499999
v -19.961008 10.488275 5.499999
v -19.878647 10.427953 5.499999
v -19.791824 10.375362 5.499999
v -19.700964 10.330718 5.499999
v -19.606485 10.294236 5.499999
v -19.508814 10.266131 5.499999
v -19.408367 10.246617 5.499999
v -19.305573 10.235911 5.499999
v -19.200848 10.234227 5.499999
v -19.094618 10.241780 5.499999
v -19.094618 10.241780 5.509999
v -19.200848 10.234227 5.509999
v -19.305573 10.235911 5.509999
v -19.408367 10.246617 5.509999
v -19.508814 10.266131 5.509999
v -19.606485 10.294236 5.509999
v -19.700964 10.330718 5.509999
v -19.791824 10.375362 5.509999
v -19.878647 10.427953 5.509999
v -19.961008 10.488275 5.509999
v -20.038485 10.556113 5.509999
v -20.110657 10.631252 5.509999
v -20.177101 10.713478 5.509999
v -20.237394 10.802574 5.509999
v -20.291119 10.898326 5.509999
v -20.337847 11.000519 5.509999
v -19.714745 10.886019 5.499999
v -19.753412 10.930217 5.499999
v -19.791718 10.967045 5.499999
v -19.829742 10.997023 5.499999
v -19.867577 11.020673 5.499999
v -19.943007 11.051073 5.499999
v -20.018700 11.062411 5.499999
v -20.095343 11.058857 5.499999
v -20.173622 11.044578 5.499999
v -20.173622 11.044578 5.509999
v -20.095343 11.058857 5.509999
v -20.018700 11.062411 5.509999
v -19.943007 11.051073 5.509999
v -19.867577 11.020673 5.509999
v -19.829742 10.997023 5.509999
v -19.791718 10.967045 5.509999
v -19.753412 10.930217 5.509999
v -19.714745 10.886019 5.509999
v -18.676762 10.928274 5.499999
v -18.743290 10.875642 5.499999
v -18.811604 10.828965 5.499999
v -18.881271 10.788397 5.499999
v -18.951864 10.754090 5.499999
v -19.022951 10.726194 5.499999
v -19.094107 10.704862 5.499999
v -19.164896 10.690247 5.499999
v -19.234892 10.682500 5.499999
v -19.303665 10.681773 5.499999
v -19.370787 10.688218 5.499999
v -19.435825 10.701988 5.499999
v -19.498350 10.723234 5.499999
v -19.557936 10.752108 5.499999
v -19.614149 10.788762 5.499999
v -19.666561 10.833348 5.499999
v -19.666561 10.833348 5.509999
v -19.614149 10.788762 5.509999
v -19.557936 10.752108 5.509999
v -19.498350 10.723234 5.509999
v -19.435825 10.701988 5.509999
v -19.370787 10.688218 5.509999
v -19.303665 10.681773 5.509999
v -19.234892 10.682500 5.509999
v -19.164896 10.690247 5.509999
v -19.094107 10.704862 5.509999
v -19.022951 10.726194 5.509999
v -18.951864 10.754090 5.509999
v -18.881271 10.788397 5.509999
v -18.811604 10.828965 5.509999
v -18.743290 10.875642 5.509999
v -18.676762 10.928274 5.509999
v 2.464499 27.389345 5.999998
v 2.464499 27.389345 -0.000002
v 3.136635 34.859165 -0.000003
v 3.136635 34.859165 4.499997
v 3.132055 34.808262 4.888226
v 3.118625 34.659016 5.249998
v 3.097262 34.421597 5.560658
v 3.069422 34.112186 5.799036
v 3.037000 33.751869 5.948886
v 3.002208 33.365204 5.999998
v -1.112877 27.477472 -0.000002
v -4.671409 27.100330 -0.000002
v -8.150842 26.264305 -0.000002
v -11.492258 24.983555 -0.000002
v -14.639079 23.279762 -0.000002
v -17.538019 21.181782 -0.000002
v -20.139996 18.725134 -0.000001
v -22.400944 15.951418 -0.000001
v -24.282583 12.907601 -0.000001
v -25.753052 9.645223 -0.000001
v -26.787451 6.219525 -0.000000
v -27.368263 2.688513 -0.000000
v -27.485659 -0.888022 0.000000
v -27.137646 -4.449521 0.000000
v -26.330116 -7.935678 0.000001
v -25.076748 -11.287461 0.000001
v -31.882189 -14.440432 0.000001
v -33.337975 -10.657372 0.000001
v -34.346596 -6.731364 0.000001
v -34.894531 -2.715070 0.000000
v -34.974430 1.337642 -0.000000
v -34.585217 5.372412 -0.000000
v -33.732113 9.335122 -0.000001
v -32.426563 13.172621 -0.000001
v -30.686079 16.833435 -0.000001
v -28.534002 20.268465 -0.000002
v -25.999203 23.431635 -0.000002
v -23.115675 26.280518 -0.000002
v -19.922098 28.776899 -0.000002
v -16.461309 30.887300 -0.000002
v -12.779725 32.583408 -0.000002
v -8.926726 33.842484 -0.000003
v -4.953994 34.647625 -0.000003
v -0.914815 34.988041 -0.000003
v -29.411901 -4.280366 0.000000
v -9.295994 30.450861 -0.000002
v -25.076748 -11.287461 6.000001
v -30.521111 -13.809843 6.000001
v -30.786638 -13.932863 5.971180
v -31.041965 -14.051156 5.885824
v -31.277275 -14.160175 5.747213
v -31.483530 -14.255733 5.560670
v -31.652800 -14.334156 5.333368
v -31.778580 -14.392430 5.074035
v -31.856033 -14.428315 4.792642
v -31.882189 -14.440432 4.500001
v -1.112877 27.477472 5.999998
v -4.671409 27.100330 5.999998
v -8.150842 26.264305 5.999998
v -11.492258 24.983555 5.999998
v -14.639079 23.279762 5.999998
v -17.538019 21.181782 5.999999
v -20.139996 18.725134 5.999999
v -22.400944 15.951418 5.999999
v -24.282583 12.907601 5.999999
v -25.753052 9.645223 5.999999
v -26.787451 6.219525 6.000000
v -27.368263 2.688514 6.000000
v -27.485659 -0.888022 6.000000
v -27.137646 -4.449521 6.000000
v -26.330116 -7.935678 6.000000
v -1.103102 33.481834 5.999998
v -5.191833 33.095238 5.999998
v -9.202532 32.211231 5.999998
v -13.074919 30.843096 5.999998
v -16.750792 29.011395 5.999998
v -20.174906 26.743656 5.999998
v -23.295794 24.073971 5.999998
v -26.066551 21.042456 5.999999
v -28.445534 17.694677 5.999999
v -30.396986 14.080952 5.999999
v -31.891579 10.255594 5.999999
v -32.906849 6.276096 6.000000
v -33.427532 2.202270 6.000000
v -33.445812 -1.904657 6.000000
v -32.961407 -5.982955 6.000000
v -31.981596 -9.971333 6.000001
v -10.023394 27.579590 5.999998
v -0.914815 34.988041 4.499997
v -4.953994 34.647625 4.499998
v -8.926726 33.842484 4.499998
v -12.779725 32.583408 4.499998
v -16.461309 30.887300 4.499998
v -19.922098 28.776899 4.499998
v -23.115675 26.280518 4.499998
v -25.999203 23.431635 4.499998
v -28.534002 20.268465 4.499999
v -30.686079 16.833435 4.499999
v -32.426563 13.172621 4.499999
v -33.732113 9.335122 4.500000
v -34.585217 5.372413 4.500000
v -34.974430 1.337642 4.500000
v -34.894531 -2.715070 4.500000
v -34.346596 -6.731363 4.500000
v -33.337975 -10.657372 4.500001
v -32.278996 -10.318841 5.948890
v -32.623589 -10.428999 5.799039
v -32.919495 -10.523594 5.560661
v -33.146553 -10.596180 5.250001
v -33.289288 -10.641808 4.888230
v -33.255581 -6.517542 5.948889
v -33.610600 -6.587121 5.799038
v -33.915459 -6.646869 5.560660
v -34.149387 -6.692714 5.250000
v -34.296440 -6.721533 4.888229
v -33.786110 -2.628825 5.948889
v -34.146793 -2.656889 5.799038
v -34.456516 -2.680989 5.560660
v -34.694176 -2.699480 5.250000
v -34.843575 -2.711105 4.888229
v -33.863468 1.295152 5.948889
v -34.224976 1.308978 5.799038
v -34.535412 1.320851 5.560660
v -34.773613 1.329962 5.250000
v -34.923355 1.335689 4.888229
v -33.486622 5.201758 5.948888
v -33.844105 5.257289 5.799037
v -34.151085 5.304975 5.560659
v -34.386635 5.341566 5.250000
v -34.534710 5.364567 4.888228
v -32.660618 9.038593 5.948888
v -33.009281 9.135084 5.799037
v -33.308689 9.217942 5.560659
v -33.538433 9.281522 5.250000
v -33.682854 9.321490 4.888228
v -31.396538 12.754194 5.948888
v -31.731709 12.890350 5.799037
v -32.019527 13.007271 5.560659
v -32.240379 13.096987 5.249999
v -32.379211 13.153385 4.888228
v -29.711340 16.298723 5.948887
v -30.028521 16.472719 5.799037
v -30.300890 16.622133 5.560658
v -30.509886 16.736782 5.249999
v -30.641268 16.808853 4.888227
v -27.627623 19.624640 5.948887
v -27.922560 19.834141 5.799037
v -28.175829 20.014044 5.560658
v -28.370167 20.152088 5.249999
v -28.492334 20.238867 4.888227
v -25.173340 22.687330 5.948887
v -25.442076 22.929527 5.799036
v -25.672846 23.137506 5.560658
v -25.849920 23.297096 5.249998
v -25.961235 23.397417 4.888227
v -22.381409 25.445719 5.948887
v -22.620338 25.717363 5.799036
v -22.825514 25.950628 5.560658
v -22.982950 26.129620 5.249998
v -23.081919 26.242140 4.888227
v -19.289276 27.862804 5.948887
v -19.495197 28.160252 5.799036
v -19.672026 28.415676 5.560658
v -19.807711 28.611670 5.249998
v -19.893007 28.734877 4.888227
v -15.938417 29.906168 5.948886
v -16.108566 30.225430 5.799036
v -16.254679 30.499584 5.560658
v -16.366793 30.709951 5.249998
v -16.437269 30.842196 4.888227
v -12.373778 31.548403 5.948886
v -12.505873 31.885195 5.799036
v -12.619306 32.174404 5.560658
v -12.706346 32.396324 5.249998
v -12.761062 32.535828 4.888227
v -8.643170 32.767479 5.948886
v -8.735439 33.117287 5.799036
v -8.814673 33.417671 5.560658
v -8.875471 33.648167 5.249998
v -8.913690 33.793060 4.888227
v -4.796631 33.547047 5.948886
v -4.847837 33.905174 5.799036
v -4.891809 34.212708 5.560658
v -4.925550 34.448689 5.249998
v -4.946760 34.597031 4.888227
v -0.885756 33.876652 5.948886
v -0.895212 34.238300 5.799036
v -0.903331 34.548855 5.560658
v -0.909562 34.787148 5.249997
v -0.913479 34.936951 4.888226
v 1.478699 16.433607 -0.000001
v 2.464499 27.389345 -0.000002
v 2.464499 27.389345 5.499998
v 1.478699 16.433607 5.499999
v -0.902373 27.485191 -0.000002
v -4.255707 27.168713 -0.000002
v -7.545199 26.444658 -0.000002
v -10.721501 25.323891 -0.000002
v -13.736962 23.823221 -0.000002
v -16.546345 21.965164 -0.000002
v -19.107506 19.777594 -0.000001
v -21.382023 17.293325 -0.000001
v -23.335773 14.549629 -0.000001
v -24.939447 11.587664 -0.000001
v -26.168989 8.451864 -0.000001
v -27.005953 5.189272 -0.000000
v -27.437780 1.848833 -0.000000
v -27.457996 -1.519342 0.000000
v -27.066298 -4.864725 0.000000
v -26.268559 -8.137128 0.000001
v -25.076748 -11.287461 0.000001
v -25.076748 -11.287461 5.500001
v -26.268559 -8.137128 5.500000
v -27.066298 -4.864725 5.500000
v -27.457996 -1.519342 5.500000
v -27.437780 1.848833 5.500000
v -27.005953 5.189272 5.500000
v -26.168989 8.451864 5.500000
v -24.939447 11.587664 5.499999
v -23.335773 14.549629 5.499999
v -21.382023 17.293325 5.499999
v -19.107506 19.777594 5.499999
v -16.546345 21.965164 5.499999
v -13.736962 23.823221 5.499998
v -10.721501 25.323891 5.499998
v -7.545199 26.444658 5.499998
v -4.255707 27.168713 5.499998
v -0.902373 27.485191 5.499998
v -15.094909 -6.662861 0.000001
v -15.094909 -6.662860 5.500000
v -15.913711 -4.359335 0.000000
v -16.383162 -1.960109 0.000000
v -16.492954 0.482148 -0.000000
v -16.240679 2.913819 -0.000000
v -15.631875 5.281524 -0.000000
v -14.679906 7.533284 -0.000001
v -13.405670 9.619667 -0.000001
v -11.837142 11.494871 -0.000001
v -10.008755 13.117729 -0.000001
v -7.960647 14.452616 -0.000001
v -5.737780 15.470226 -0.000001
v -3.388951 16.148220 -0.000001
v -0.965726 16.471714 -0.000001
v -0.965726 16.471714 5.499999
v -3.388951 16.148220 5.499999
v -5.737780 15.470226 5.499999
v -7.960647 14.452616 5.499999
v -10.008755 13.117729 5.499999
v -11.837142 11.494871 5.499999
v -13.405670 9.619667 5.499999
v -14.679906 7.533285 5.500000
v -15.631875 5.281525 5.500000
v -16.240679 2.913820 5.500000
v -16.492954 0.482148 5.500000
v -16.383162 -1.960109 5.500000
v -15.913711 -4.359334 5.500000
v -7.199558 22.053341 5.499999
v -16.629852 5.666823 5.500000
v -21.344999 -2.526436 5.500000
v -11.914705 13.860082 5.499999
v -7.199558 22.053341 -0.000002
v -11.914705 13.860082 -0.000001
v -21.344999 -2.526436 0.000000
v -16.629852 5.666823 -0.000000
v -32.690426 3.068995 -5.500000
v -32.257957 3.031160 -5.462019
v -31.838629 2.994473 -5.349232
v -31.445183 2.960051 -5.165064
v -31.089571 2.928939 -4.915111
v -30.782602 2.902083 -4.606969
v -30.533600 2.880298 -4.250000
v -30.350134 2.864247 -3.855050
v -30.237776 2.854417 -3.434120
v -30.199938 2.851106 -3.000000
v -30.237776 2.854417 -2.565880
v -30.350134 2.864247 -2.144950
v -30.533600 2.880298 -1.750000
v -30.782602 2.902083 -1.393031
v -31.089571 2.928939 -1.084889
v -31.445183 2.960051 -0.834936
v -31.838629 2.994473 -0.650768
v -32.257957 3.031160 -0.537981
v -32.690426 3.068996 -0.500000
v -33.122894 3.106832 -0.537981
v -33.542221 3.143518 -0.650768
v -33.935669 3.177940 -0.834936
v -34.291279 3.209052 -1.084889
v -34.598248 3.235909 -1.393031
v -34.847252 3.257693 -1.750000
v -35.030716 3.273745 -2.144950
v -35.143078 3.283575 -2.565880
v -35.180912 3.286885 -3.000000
v -35.143078 3.283575 -3.434120
v -35.030716 3.273745 -3.855050
v -34.847252 3.257693 -4.250000
v -34.598248 3.235909 -4.606969
v -34.291279 3.209052 -4.915112
v -33.935669 3.177939 -5.165064
v -33.542221 3.143517 -5.349232
v -33.122894 3.106832 -5.462019
v -33.039047 -0.915783 -5.500000
v -33.471516 -0.877947 -5.462019
v -33.890846 -0.841261 -5.349232
v -34.284290 -0.806838 -5.165064
v -34.639900 -0.775727 -4.915111
v -34.946873 -0.748870 -4.606969
v -35.195873 -0.727085 -4.250000
v -35.379341 -0.711034 -3.855050
v -35.491699 -0.701204 -3.434120
v -35.529533 -0.697894 -3.000000
v -35.491699 -0.701204 -2.565880
v -35.379341 -0.711034 -2.144950
v -35.195873 -0.727085 -1.750000
v -34.946873 -0.748870 -1.393031
v -34.639900 -0.775727 -1.084889
v -34.284290 -0.806838 -0.834936
v -33.890846 -0.841261 -0.650768
v -33.471516 -0.877947 -0.537981
v -33.039047 -0.915783 -0.500000
v -32.606579 -0.953619 -0.537981
v -32.187252 -0.990306 -0.650768
v -31.793804 -1.024728 -0.834936
v -31.438194 -1.055840 -1.084889
v -31.131226 -1.082696 -1.393031
v -30.882223 -1.104481 -1.750000
v -30.698755 -1.120532 -2.144950
v -30.586397 -1.130362 -2.565880
v -30.548561 -1.133673 -3.000000
v -30.586397 -1.130362 -3.434120
v -30.698755 -1.120532 -3.855050
v -30.882223 -1.104481 -4.250000
v -31.131226 -1.082696 -4.606969
v -31.438194 -1.055840 -4.915111
v -31.793804 -1.024728 -5.165064
v -32.187252 -0.990306 -5.349232
v -32.606579 -0.953619 -5.462019
v -13.687384 29.845238 -5.500002
v -13.498731 29.440668 -5.459826
v -13.316141 29.049103 -5.340590
v -13.145483 28.683125 -5.146124
v -12.992242 28.354500 -4.882681
v -12.861344 28.073788 -4.558727
v -12.756995 27.850010 -4.184674
v -12.682550 27.690363 -3.772544
v -12.640401 27.599974 -3.335585
v -12.631903 27.581749 -2.887840
v -12.657329 27.636274 -2.443700
v -12.715861 27.761799 -2.017439
v -12.805620 27.954287 -1.622760
v -12.923719 28.207550 -1.272345
v -13.066362 28.513451 -0.977460
v -13.228966 28.862156 -0.747580
v -13.406304 29.242458 -0.590095
v -13.592676 29.642136 -0.510066
v -13.782092 30.048340 -0.510066
v -13.968464 30.448015 -0.590095
v -14.145802 30.828318 -0.747580
v -14.308406 31.177023 -0.977460
v -14.451050 31.482924 -1.272345
v -14.569149 31.736187 -1.622760
v -14.658907 31.928675 -2.017439
v -14.717440 32.054199 -2.443700
v -14.742866 32.108727 -2.887840
v -14.734368 32.090500 -3.335585
v -14.692219 32.000111 -3.772544
v -14.617774 31.840464 -4.184674
v -14.513425 31.616686 -4.558727
v -14.382527 31.335974 -4.882681
v -14.229286 31.007347 -5.146124
v -14.058628 30.641371 -5.340590
v -13.876038 30.249805 -5.459826
v -17.312616 28.154762 -5.500002
v -17.501268 28.559332 -5.459826
v -17.683859 28.950897 -5.340590
v -17.854517 29.316875 -5.146124
v -18.007757 29.645500 -4.882681
v -18.138657 29.926212 -4.558727
v -18.243006 30.149990 -4.184674
v -18.317450 30.309637 -3.772544
v -18.359598 30.400026 -3.335585
v -18.368097 30.418251 -2.887840
v -18.342670 30.363726 -2.443700
v -18.284140 30.238201 -2.017439
v -18.194380 30.045713 -1.622760
v -18.076281 29.792450 -1.272345
v -17.933638 29.486549 -0.977460
v -17.771034 29.137844 -0.747580
v -17.593697 28.757542 -0.590095
v -17.407324 28.357864 -0.510066
v -17.217909 27.951660 -0.510066
v -17.031536 27.551985 -0.590095
v -16.854198 27.171682 -0.747580
v -16.691593 26.822977 -0.977460
v -16.548950 26.517076 -1.272345
v -16.430851 26.263813 -1.622760
v -16.341093 26.071325 -2.017439
v -16.282560 25.945803 -2.443700
v -16.257133 25.891275 -2.887840
v -16.265633 25.909500 -3.335585
v -16.307781 25.999889 -3.772544
v -16.382227 26.159536 -4.184674
v -16.486574 26.383314 -4.558727
v -16.617474 26.664026 -4.882681
v -16.770714 26.992653 -5.146124
v -16.941372 27.358629 -5.340589
v -17.123962 27.750195 -5.459826
v 0.000000 16.500000 5.999999
v 2.459197 16.315708 5.999999
v 4.863460 15.766951 5.999999
v 7.159082 14.865986 5.999999
v 9.294781 13.632940 5.999999
v 11.222850 12.095356 5.999999
v 12.900219 10.287582 5.999999
v 14.289419 8.250000 6.000000
v 15.359417 6.028128 6.000000
v 16.086311 3.671596 6.000000
v 16.453863 1.233047 6.000000
v 16.453863 -1.233047 6.000000
v 16.086311 -3.671595 6.000000
v 15.359417 -6.028127 6.000000
v 14.289419 -8.250000 6.000000
v 12.900219 -10.287582 6.000001
v 11.222850 -12.095356 6.000001
v 9.294781 -13.632940 6.000001
v 7.159082 -14.865986 6.000001
v 4.863460 -15.766951 6.000001
v 2.459197 -16.315708 6.000001
v 0.000000 -16.500000 6.000001
v -2.459197 -16.315708 6.000001
v -4.863460 -15.766951 6.000001
v -7.159082 -14.865986 6.000001
v -9.294781 -13.632940 6.000001
v -11.222850 -12.095356 6.000001
v -12.900219 -10.287582 6.000001
v -14.289419 -8.250000 6.000000
v -15.359417 -6.028127 6.000000
v -16.086311 -3.671595 6.000000
v -16.453863 -1.233047 6.000000
v -16.453863 1.233047 6.000000
v -16.086311 3.671596 6.000000
v -15.359417 6.028128 6.000000
v -14.289419 8.250000 6.000000
v -12.900219 10.287582 5.999999
v -11.222850 12.095356 5.999999
v -9.294781 13.632940 5.999999
v -7.159082 14.865986 5.999999
v -4.863460 15.766951 5.999999
v -2.459197 16.315708 5.999999
v 0.000000 16.500000 -0.000001
v -2.459197 16.315708 -0.000001
v -4.863460 15.766951 -0.000001
v -7.159082 14.865986 -0.000001
v -9.294781 13.632940 -0.000001
v -11.222850 12.095356 -0.000001
v -12.900219 10.287582 -0.000001
v -14.289419 8.250000 -0.000001
v -15.359417 6.028127 -0.000000
v -16.086311 3.671595 -0.000000
v -16.453863 1.233047 -0.000000
v -16.453863 -1.233047 0.000000
v -16.086311 -3.671595 0.000000
v -15.359417 -6.028127 0.000000
v -14.289419 -8.250000 0.000001
v -12.900219 -10.287582 0.000001
v -11.222850 -12.095356 0.000001
v -9.294781 -13.632940 0.000001
v -7.159082 -14.865986 0.000001
v -4.863460 -15.766951 0.000001
v -2.459197 -16.315708 0.000001
v 0.000000 -16.500000 0.000001
v 2.459197 -16.315708 0.000001
v 4.863460 -15.766951 0.000001
v 7.159082 -14.865986 0.000001
v 9.294781 -13.632940 0.000001
v 11.222850 -12.095356 0.000001
v 12.900219 -10.287582 0.000001
v 14.289419 -8.250000 0.000001
v 15.359417 -6.028127 0.000000
v 16.086311 -3.671595 0.000000
v 16.453863 -1.233047 0.000000
v 16.453863 1.233047 -0.000000
v 16.086311 3.671595 -0.000000
v 15.359417 6.028127 -0.000000
v 14.289419 8.250000 -0.000001
v 12.900219 10.287582 -0.000001
v 11.222850 12.095356 -0.000001
v 9.294781 13.632940 -0.000001
v 7.159082 14.865986 -0.000001
v 4.863460 15.766951 -0.000001
v 2.459197 16.315708 -0.000001
v 5.484621 -5.500000 6.000000
v 5.484621 5.500000 6.000000
v -5.484621 5.500000 6.000000
v -5.484621 -5.500000 6.000000
v -5.484621 -5.500000 0.000000
v -5.484621 5.500000 -0.000000
v 5.484621 5.500000 -0.000000
v 5.484621 -5.500000 0.000000
vn 0.5214 0.8533 -0.0000
vn 0.5249 0.8512 -0.0000
vn 0.5249 0.8511 -0.0000
vn -0.3122 0.9500 -0.0000
vn -0.0873 0.9962 -0.0000
vn 0.0823 0.9966 -0.0000
vn 0.2608 0.9654 -0.0000
vn 0.2122 0.9772 -0.0000
vn 0.7788 0.6272 -0.0000
vn 0.8055 0.5926 -0.0000
vn 0.7578 0.6525 -0.0000
vn 0.7577 0.6526 -0.0000
vn 0.6493 0.7605 -0.0000
vn 0.4551 0.8905 -0.0000
vn 0.4551 0.8904 -0.0000
vn 0.3255 0.9456 -0.0000
vn 0.1831 0.9831 -0.0000
vn 0.1828 0.9832 -0.0000
vn 0.0392 0.9992 -0.0000
vn 0.0393 0.9992 -0.0000
vn -0.0951 0.9955 -0.0000
vn -0.2130 0.9770 -0.0000
vn -0.7838 -0.6210 -0.0000
vn -0.7266 -0.6871 -0.0000
vn -0.7840 -0.6208 -0.0000
vn -0.6635 -0.7482 -0.0000
vn -0.5949 -0.8038 -0.0000
vn -0.5215 -0.8532 -0.0000
vn -0.4440 -0.8960 -0.0000
vn -0.3629 -0.9318 -0.0000
vn -0.2789 -0.9603 -0.0000
vn -0.1926 -0.9813 -0.0000
vn -0.1048 -0.9945 -0.0000
vn -0.0161 -0.9999 -0.0000
vn 0.0728 -0.9973 -0.0000
vn 0.1612 -0.9869 -0.0000
vn 0.2481 -0.9687 -0.0000
vn 0.3330 -0.9429 -0.0000
vn 0.4149 -0.9099 -0.0000
vn 0.4929 -0.8701 -0.0000
vn -0.7285 0.6851 -0.0000
vn -0.7949 0.6068 -0.0000
vn -0.7946 0.6072 -0.0000
vn -0.8511 0.5250 -0.0000
vn -0.8513 0.5247 -0.0000
vn -0.8978 0.4403 -0.0000
vn -0.9351 0.3543 -0.0000
vn -0.9633 0.2683 -0.0000
vn -0.9633 0.2686 -0.0000
vn -0.9832 0.1824 -0.0000
vn -0.9831 0.1829 -0.0000
vn -0.9952 0.0979 -0.0000
vn -0.9999 0.0136 -0.0000
vn -0.9976 -0.0697 -0.0000
vn -0.9883 -0.1523 -0.0000
vn -0.9723 -0.2339 -0.0000
vn -0.9723 -0.2336 -0.0000
vn -0.9492 -0.3147 -0.0000
vn -0.9191 -0.3939 -0.0000
vn -0.9192 -0.3938 -0.0000
vn -0.8814 -0.4723 -0.0000
vn -0.8363 -0.5483 -0.0000
vn -0.8365 -0.5480 -0.0000
vn 0.9432 -0.3322 -0.0000
vn 0.9651 -0.2618 -0.0000
vn 0.9652 -0.2617 -0.0000
vn 0.9835 -0.1808 -0.0000
vn 1.0000 0.0093 -0.0000
vn 0.9759 0.2180 -0.0000
vn 0.9759 0.2181 -0.0000
vn 0.9123 0.4096 -0.0000
vn 0.8308 0.5565 -0.0000
vn 0.7565 0.6540 -0.0000
vn 0.7035 0.7107 -0.0000
vn 0.6759 0.7370 -0.0000
vn 0.5288 0.8488 -0.0000
vn 0.6091 0.7931 -0.0000
vn 0.6990 0.7151 -0.0000
vn 0.7950 0.6066 -0.0000
vn 0.8877 0.4605 -0.0000
vn 0.9280 0.3726 -0.0000
vn 0.9612 0.2758 -0.0000
vn 0.9850 0.1726 -0.0000
vn 0.9850 0.1727 -0.0000
vn 0.9978 0.0656 -0.0000
vn 0.9991 -0.0412 -0.0000
vn 0.9895 -0.1448 -0.0000
vn 0.9894 -0.1451 -0.0000
vn 0.9701 -0.2429 -0.0000
vn 0.9701 -0.2428 -0.0000
vn 0.2408 0.9706 -0.0000
vn 0.2300 0.9732 -0.0000
vn -0.0000 -0.0000 1.0000
vn -0.0000 -0.0000 -1.0000
vn 0.3575 -0.9339 -0.0000
vn 0.2670 -0.9637 -0.0000
vn 0.9997 -0.0252 -0.0000
vn 0.9864 -0.1641 -0.0000
vn 0.9528 -0.3036 -0.0000
vn 0.8981 -0.4398 -0.0000
vn 0.8980 -0.4400 -0.0000
vn 0.8223 -0.5691 -0.0000
vn 0.7271 -0.6865 -0.0000
vn 0.6153 -0.7883 -0.0000
vn 0.4907 -0.8713 -0.0000
vn 0.3983 0.9172 -0.0000
vn 0.5254 0.8509 -0.0000
vn 0.3983 0.9173 -0.0000
vn 0.5257 0.8507 -0.0000
vn 0.6422 0.7666 -0.0000
vn 0.7461 0.6658 -0.0000
vn 0.8351 0.5501 -0.0000
vn 0.9072 0.4207 -0.0000
vn 0.9599 0.2802 -0.0000
vn 0.9915 0.1301 -0.0000
vn -0.7262 0.6875 -0.0000
vn -0.6078 0.7941 -0.0000
vn -0.4762 0.8794 -0.0000
vn -0.4762 0.8793 -0.0000
vn -0.3360 0.9419 -0.0000
vn -0.1903 0.9817 -0.0000
vn -0.1906 0.9817 -0.0000
vn -0.0419 0.9991 -0.0000
vn 0.1071 0.9942 -0.0000
vn 0.2550 0.9669 -0.0000
vn 0.2548 0.9670 -0.0000
vn -0.9294 -0.3690 -0.0000
vn -0.9697 -0.2443 -0.0000
vn -0.9946 -0.1038 -0.0000
vn -0.9989 0.0478 -0.0000
vn -0.9796 0.2011 -0.0000
vn -0.9375 0.3480 -0.0000
vn -0.8770 0.4805 -0.0000
vn -0.8770 0.4804 -0.0000
vn -0.8045 0.5939 -0.0000
vn -0.8045 0.5940 -0.0000
vn 0.0304 -0.9995 -0.0000
vn -0.0810 -0.9967 -0.0000
vn -0.2110 -0.9775 -0.0000
vn -0.3561 -0.9345 -0.0000
vn -0.5074 -0.8617 -0.0000
vn -0.5075 -0.8617 -0.0000
vn -0.6511 -0.7590 -0.0000
vn -0.7734 -0.6339 -0.0000
vn -0.8662 -0.4996 -0.0000
vn 0.2216 -0.9751 -0.0000
vn 0.2230 -0.9748 -0.0000
vn 0.2215 -0.9752 -0.0000
vn 0.0337 -0.9994 -0.0000
vn 0.0255 -0.9997 -0.0000
vn -0.9962 0.0872 -0.0000
vn -0.9980 0.0625 -0.0000
vn -0.9999 -0.0115 -0.0000
vn -0.8920 0.4520 -0.0000
vn -0.8225 0.5688 -0.0000
vn -0.8911 0.4537 -0.0000
vn 0.3038 0.9528 -0.0000
vn 0.2193 0.9757 -0.0000
vn 0.1319 0.9913 -0.0000
vn 0.0422 0.9991 -0.0000
vn -0.0487 0.9988 -0.0000
vn -0.1397 0.9902 -0.0000
vn -0.2296 0.9733 -0.0000
vn -0.3174 0.9483 -0.0000
vn -0.4022 0.9156 -0.0000
vn -0.4831 0.8756 -0.0000
vn -0.5593 0.8290 -0.0000
vn -0.6302 0.7764 -0.0000
vn -0.6953 0.7187 -0.0000
vn -0.7542 0.6566 -0.0000
vn -0.8067 0.5909 -0.0000
vn -0.8527 0.5225 -0.0000
vn 0.9880 -0.1542 -0.0000
vn 0.9979 -0.0647 -0.0000
vn 0.9997 0.0252 -0.0000
vn 0.9934 0.1148 -0.0000
vn 0.9793 0.2023 -0.0000
vn 0.9576 0.2880 -0.0000
vn 0.9286 0.3710 -0.0000
vn 0.8926 0.4509 -0.0000
vn 0.8499 0.5270 -0.0000
vn 0.8007 0.5991 -0.0000
vn 0.7453 0.6667 -0.0000
vn 0.6840 0.7295 -0.0000
vn 0.6172 0.7868 -0.0000
vn 0.5451 0.8384 -0.0000
vn 0.4686 0.8834 -0.0000
vn 0.4683 0.8835 -0.0000
vn 0.3876 0.9218 -0.0000
vn -0.0066 -1.0000 -0.0000
vn 0.0849 -0.9964 -0.0000
vn -0.0065 -1.0000 -0.0000
vn 0.1752 -0.9845 -0.0000
vn 0.1756 -0.9845 -0.0000
vn 0.2629 -0.9648 -0.0000
vn 0.3473 -0.9378 -0.0000
vn 0.4279 -0.9038 -0.0000
vn 0.5045 -0.8634 -0.0000
vn 0.5768 -0.8169 -0.0000
vn 0.6446 -0.7645 -0.0000
vn 0.7078 -0.7064 -0.0000
vn 0.7661 -0.6427 -0.0000
vn 0.8192 -0.5735 -0.0000
vn 0.8667 -0.4989 -0.0000
vn 0.9078 -0.4195 -0.0000
vn 0.9079 -0.4191 -0.0000
vn 0.9423 -0.3347 -0.0000
vn 0.9422 -0.3350 -0.0000
vn 0.9693 -0.2459 -0.0000
vn -0.9853 -0.1707 -0.0000
vn -0.9687 -0.2483 -0.0000
vn -0.9456 -0.3255 -0.0000
vn -0.9158 -0.4016 -0.0000
vn -0.8794 -0.4760 -0.0000
vn -0.8364 -0.5482 -0.0000
vn -0.7867 -0.6173 -0.0000
vn -0.7306 -0.6829 -0.0000
vn -0.6681 -0.7440 -0.0000
vn -0.5997 -0.8002 -0.0000
vn -0.5258 -0.8506 -0.0000
vn -0.4468 -0.8946 -0.0000
vn -0.3636 -0.9316 -0.0000
vn -0.2769 -0.9609 -0.0000
vn -0.1879 -0.9822 -0.0000
vn -0.0975 -0.9952 -0.0000
vn -0.0872 -0.9962 -0.0000
vn 0.0872 0.9962 -0.0000
vn -0.5877 -0.8091 -0.0000
vn -0.6722 -0.7404 -0.0000
vn -0.7589 -0.6512 -0.0000
vn -0.8413 -0.5405 -0.0000
vn -0.9116 -0.4111 -0.0000
vn -0.9628 -0.2704 -0.0000
vn -0.9919 -0.1273 -0.0000
vn -0.9919 -0.1272 -0.0000
vn -1.0000 0.0081 -0.0000
vn -0.9916 0.1295 -0.0000
vn 0.5338 -0.8456 -0.0000
vn 0.4484 -0.8939 -0.0000
vn 0.3402 -0.9404 -0.0000
vn 0.3402 -0.9403 -0.0000
vn 0.2067 -0.9784 -0.0000
vn 0.0494 -0.9988 -0.0000
vn -0.1236 -0.9923 -0.0000
vn -0.2966 -0.9550 -0.0000
vn -0.4552 -0.8904 -0.0000
vn -0.4553 -0.8904 -0.0000
vn -0.7665 -0.6423 -0.0000
vn -0.7665 -0.6422 -0.0000
vn 0.4249 0.9053 -0.0000
vn 0.2941 0.9558 -0.0000
vn 0.1542 0.9880 -0.0000
vn 0.0082 1.0000 -0.0000
vn -0.1399 0.9902 -0.0000
vn -0.2860 0.9582 -0.0000
vn -0.4257 0.9049 -0.0000
vn -0.5547 0.8320 -0.0000
vn -0.6141 0.7893 -0.0000
vn -0.6695 0.7428 -0.0000
vn 0.9993 -0.0384 -0.0000
vn 0.9997 0.0235 -0.0000
vn 0.9997 0.0231 -0.0000
vn 0.9961 0.0877 -0.0000
vn 0.9880 0.1543 -0.0000
vn 0.9881 0.1539 -0.0000
vn 0.9749 0.2226 -0.0000
vn 0.9564 0.2919 -0.0000
vn 0.9563 0.2923 -0.0000
vn 0.9320 0.3624 -0.0000
vn 0.9018 0.4321 -0.0000
vn 0.8657 0.5005 -0.0000
vn 0.8239 0.5667 -0.0000
vn 0.7769 0.6296 -0.0000
vn 0.7252 0.6886 -0.0000
vn 0.6695 0.7428 -0.0000
vn 0.6108 0.7918 -0.0000
vn 0.5499 0.8352 -0.0000
vn 0.5497 0.8354 -0.0000
vn 0.4875 0.8731 -0.0000
vn 0.4878 0.8730 -0.0000
vn 0.9962 -0.0871 -0.0000
vn 0.9962 -0.0869 -0.0000
vn 0.9962 -0.0872 -0.0000
vn 0.8782 -0.4783 -0.0000
vn 0.8555 -0.5178 -0.0000
vn 0.8884 -0.4591 -0.0000
vn -0.7851 -0.6193 -0.0000
vn -0.6976 -0.7165 -0.0000
vn -0.5975 -0.8019 -0.0000
vn -0.4888 -0.8724 -0.0000
vn -0.3740 -0.9274 -0.0000
vn -0.3738 -0.9275 -0.0000
vn -0.2560 -0.9667 -0.0000
vn -0.1375 -0.9905 -0.0000
vn -0.0187 -0.9998 -0.0000
vn 0.0987 -0.9951 -0.0000
vn 0.2141 -0.9768 -0.0000
vn 0.3269 -0.9450 -0.0000
vn 0.4364 -0.8998 -0.0000
vn 0.4359 -0.9000 -0.0000
vn 0.5408 -0.8411 -0.0000
vn 0.5413 -0.8409 -0.0000
vn 0.6400 -0.7684 -0.0000
vn 0.7303 -0.6831 -0.0000
vn 0.8105 -0.5857 -0.0000
vn -0.6210 0.7838 -0.0000
vn 0.1538 0.9881 -0.0000
vn 0.3180 0.9481 -0.0000
vn 0.4013 0.9160 -0.0000
vn 0.3693 0.9293 -0.0000
vn -0.9924 0.1227 -0.0000
vn -0.9761 0.2172 -0.0000
vn -0.9507 0.3101 -0.0000
vn -0.9165 0.4001 -0.0000
vn -0.9165 0.4000 -0.0000
vn -0.8738 0.4864 -0.0000
vn -0.8228 0.5683 -0.0000
vn -0.7640 0.6452 -0.0000
vn -0.6975 0.7166 -0.0000
vn -0.6237 0.7816 -0.0000
vn -0.5429 0.8398 -0.0000
vn -0.4556 0.8902 -0.0000
vn -0.3622 0.9321 -0.0000
vn -0.3625 0.9320 -0.0000
vn -0.2638 0.9646 -0.0000
vn -0.1614 0.9869 -0.0000
vn -0.0565 0.9984 -0.0000
vn 0.0493 0.9988 -0.0000
vn -0.9961 0.0883 -0.0000
vn -0.9962 0.0870 -0.0000
vn 0.0754 0.9972 -0.0000
vn 0.0839 0.9965 -0.0000
vn 0.0871 0.9962 -0.0000
vn 0.9376 -0.3477 -0.0000
vn 0.9669 -0.2551 -0.0000
vn 0.9998 -0.0192 -0.0000
vn 0.9998 -0.0193 -0.0000
vn 0.9854 0.1701 -0.0000
vn 0.9253 0.3791 -0.0000
vn 0.9253 0.3792 -0.0000
vn 0.8281 0.5605 -0.0000
vn 0.8282 0.5605 -0.0000
vn 0.7266 0.6870 -0.0000
vn 0.9966 -0.0821 -0.0000
vn 0.9928 -0.1195 -0.0000
vn 0.9910 -0.1340 -0.0000
vn 0.9909 -0.1343 -0.0000
vn 0.9892 -0.1463 -0.0000
vn 0.9995 0.0320 -0.0000
vn 0.9987 0.0508 -0.0000
vn -0.0001 -0.0000 1.0000
vn -0.3294 -0.9442 -0.0000
vn -0.3310 -0.9436 -0.0000
vn -0.1500 -0.9887 -0.0000
vn -0.0958 -0.9954 -0.0000
vn -0.1472 -0.9891 -0.0000
vn -0.1475 -0.9891 -0.0000
vn -0.1461 -0.9893 -0.0000
vn 0.3441 -0.9389 -0.0000
vn 0.1519 -0.9884 -0.0000
vn 0.0044 -1.0000 -0.0000
vn -0.8183 -0.5748 -0.0000
vn -0.8076 -0.5898 -0.0000
vn -0.7478 -0.6640 -0.0000
vn -0.7478 -0.6639 -0.0000
vn -0.6281 -0.7781 -0.0000
vn -0.4248 -0.9053 -0.0000
vn -0.4247 -0.9053 -0.0000
vn -0.2927 -0.9562 -0.0000
vn -0.2926 -0.9562 -0.0000
vn -0.1491 -0.9888 -0.0000
vn -0.0057 -1.0000 -0.0000
vn -0.0058 -1.0000 -0.0000
vn 0.1281 -0.9918 -0.0000
vn 0.2453 -0.9694 -0.0000
vn 0.2454 -0.9694 -0.0000
vn 0.7494 0.6621 -0.0000
vn 0.6899 0.7239 -0.0000
vn 0.6253 0.7804 -0.0000
vn 0.5565 0.8309 -0.0000
vn 0.4841 0.8750 -0.0000
vn 0.4086 0.9127 -0.0000
vn 0.3303 0.9439 -0.0000
vn 0.2495 0.9684 -0.0000
vn 0.1667 0.9860 -0.0000
vn 0.0819 0.9966 -0.0000
vn -0.0044 1.0000 -0.0000
vn -0.0918 0.9958 -0.0000
vn -0.1799 0.9837 -0.0000
vn -0.2679 0.9634 -0.0000
vn -0.3551 0.9348 -0.0000
vn -0.4402 0.8979 -0.0000
vn -0.4405 0.8978 -0.0000
vn -0.5226 0.8526 -0.0000
vn 0.7907 -0.6122 -0.0000
vn 0.8380 -0.5456 -0.0000
vn 0.8804 -0.4742 -0.0000
vn 0.9172 -0.3985 -0.0000
vn 0.9477 -0.3191 -0.0000
vn 0.9716 -0.2365 -0.0000
vn 0.9885 -0.1515 -0.0000
vn 0.9997 0.0229 -0.0000
vn 0.9938 0.1108 -0.0000
vn 0.9802 0.1979 -0.0000
vn 0.9589 0.2836 -0.0000
vn 0.9302 0.3670 -0.0000
vn 0.8944 0.4472 -0.0000
vn 0.8520 0.5236 -0.0000
vn 0.8035 0.5953 -0.0000
vn -0.9334 0.3588 -0.0000
vn -0.9592 0.2826 -0.0000
vn -0.9593 0.2825 -0.0000
vn -0.9812 0.1929 -0.0000
vn -0.9812 0.1930 -0.0000
vn -0.9959 0.0903 -0.0000
vn -0.9959 0.0902 -0.0000
vn -0.9997 -0.0230 -0.0000
vn -0.9658 -0.2593 -0.0000
vn -0.8863 -0.4632 -0.0000
vn -0.7978 -0.6030 -0.0000
vn -0.7319 -0.6815 -0.0000
vn -0.7319 -0.6814 -0.0000
vn -0.7059 -0.7083 -0.0000
vn -0.3370 -0.9415 -0.0000
vn -0.4012 -0.9160 -0.0000
vn -0.4652 -0.8852 -0.0000
vn -0.5289 -0.8487 -0.0000
vn -0.5285 -0.8489 -0.0000
vn -0.5920 -0.8059 -0.0000
vn -0.6550 -0.7557 -0.0000
vn -0.7167 -0.6974 -0.0000
vn -0.7767 -0.6298 -0.0000
vn -0.7768 -0.6297 -0.0000
vn -0.8338 -0.5521 -0.0000
vn -0.8862 -0.4634 -0.0000
vn -0.8861 -0.4635 -0.0000
vn -0.9315 -0.3638 -0.0000
vn -0.9674 -0.2534 -0.0000
vn -0.9673 -0.2535 -0.0000
vn -0.9909 -0.1345 -0.0000
vn -0.9909 -0.1343 -0.0000
vn -1.0000 -0.0094 -0.0000
vn -1.0000 -0.0091 -0.0000
vn -0.9931 0.1175 -0.0000
vn -0.9704 0.2414 -0.0000
vn -0.1259 -0.9920 -0.0000
vn -0.1065 -0.9943 -0.0000
vn -0.1066 -0.9943 -0.0000
vn 0.0001 -0.0000 1.0000
vn -0.4204 0.9073 -0.0000
vn -0.4204 0.9074 -0.0000
vn 0.5756 0.8177 -0.0000
vn -0.8114 0.5845 -0.0000
vn -0.7286 0.6849 -0.0000
vn -0.6335 0.7737 -0.0000
vn -0.5277 0.8494 -0.0000
vn -0.4129 0.9108 -0.0000
vn -0.2912 0.9567 -0.0000
vn -0.1645 0.9864 -0.0000
vn -0.0350 0.9994 -0.0000
vn 0.0950 0.9955 -0.0000
vn 0.2235 0.9747 -0.0000
vn 0.3482 0.9374 -0.0000
vn 0.4670 0.8843 -0.0000
vn 0.5778 0.8162 -0.0000
vn 0.6789 0.7342 -0.0000
vn 0.7685 0.6398 -0.0000
vn 0.8451 0.5346 -0.0000
vn 0.9073 0.4204 -0.0000
vn 0.8128 -0.5826 -0.0000
vn 0.7971 -0.5714 0.1951
vn 0.7400 -0.6727 -0.0000
vn 0.7147 -0.6498 0.2588
vn 0.6572 -0.7537 -0.0000
vn 0.6348 -0.7280 0.2588
vn 0.5657 -0.8246 -0.0000
vn 0.5464 -0.7965 0.2588
vn 0.4665 -0.8845 -0.0000
vn 0.4506 -0.8544 0.2588
vn 0.3611 -0.9325 -0.0000
vn 0.3488 -0.9007 0.2588
vn 0.2509 -0.9680 -0.0000
vn 0.2424 -0.9350 0.2588
vn 0.1373 -0.9905 -0.0000
vn 0.1326 -0.9568 0.2588
vn 0.0219 -0.9998 -0.0000
vn 0.0211 -0.9657 0.2587
vn -0.0939 -0.9956 -0.0000
vn -0.0907 -0.9617 0.2587
vn -0.2084 -0.9781 -0.0000
vn -0.2013 -0.9448 0.2587
vn -0.3200 -0.9474 -0.0000
vn -0.3091 -0.9151 0.2588
vn -0.4274 -0.9040 -0.0000
vn -0.4129 -0.8733 0.2588
vn -0.5291 -0.8486 -0.0000
vn -0.5111 -0.8196 0.2588
vn -0.6237 -0.7817 -0.0000
vn -0.6024 -0.7551 0.2588
vn -0.7099 -0.7043 -0.0000
vn -0.6857 -0.6804 0.2587
vn -0.7865 -0.6175 -0.0000
vn -0.7597 -0.5965 0.2588
vn -0.8527 -0.5225 -0.0000
vn -0.8236 -0.5047 0.2588
vn -0.9073 -0.4204 -0.0000
vn -0.8764 -0.4061 0.2588
vn -0.7385 -0.4525 0.4999
vn -0.7858 -0.3641 0.5000
vn -0.6029 -0.3694 0.7071
vn -0.6416 -0.2972 0.7071
vn -0.4263 -0.2612 0.8660
vn -0.4537 -0.2102 0.8660
vn -0.2207 -0.1352 0.9659
vn -0.2348 -0.1088 0.9659
vn -0.2036 -0.1598 0.9659
vn -0.1838 -0.1823 0.9659
vn -0.1615 -0.2023 0.9659
vn -0.1370 -0.2195 0.9659
vn -0.1107 -0.2338 0.9660
vn -0.0828 -0.2451 0.9659
vn -0.0539 -0.2530 0.9660
vn -0.0243 -0.2576 0.9659
vn 0.0057 -0.2587 0.9659
vn 0.0355 -0.2564 0.9659
vn 0.0649 -0.2506 0.9659
vn 0.0935 -0.2413 0.9659
vn 0.1208 -0.2289 0.9659
vn 0.1465 -0.2134 0.9659
vn 0.1701 -0.1951 0.9659
vn 0.1915 -0.1741 0.9659
vn 0.1585 -0.1137 0.9808
vn 0.3110 -0.2230 0.9239
vn 0.3700 -0.3363 0.8660
vn 0.4515 -0.3237 0.8315
vn 0.5232 -0.4756 0.7071
vn 0.5747 -0.4120 0.7071
vn 0.6757 -0.4845 0.5556
vn 0.6408 -0.5826 0.5000
vn 0.7509 -0.5383 0.3827
vn 0.3286 -0.3769 0.8660
vn 0.2828 -0.4123 0.8660
vn 0.2333 -0.4423 0.8660
vn 0.1806 -0.4663 0.8660
vn 0.1255 -0.4840 0.8660
vn 0.0687 -0.4953 0.8660
vn 0.0109 -0.4999 0.8660
vn -0.0469 -0.4978 0.8660
vn -0.1042 -0.4890 0.8660
vn -0.1600 -0.4737 0.8660
vn -0.2137 -0.4521 0.8660
vn -0.2646 -0.4243 0.8660
vn -0.3118 -0.3908 0.8660
vn -0.3550 -0.3522 0.8660
vn -0.3933 -0.3088 0.8660
vn 0.4647 -0.5330 0.7071
vn 0.4000 -0.5831 0.7071
vn 0.3299 -0.6254 0.7071
vn 0.2554 -0.6594 0.7071
vn 0.1774 -0.6845 0.7071
vn 0.0971 -0.7004 0.7071
vn 0.0155 -0.7069 0.7071
vn -0.0664 -0.7040 0.7071
vn -0.1473 -0.6916 0.7071
vn -0.2263 -0.6699 0.7071
vn -0.3023 -0.6393 0.7071
vn -0.3741 -0.6000 0.7071
vn -0.4410 -0.5528 0.7071
vn -0.5020 -0.4981 0.7071
vn -0.5562 -0.4367 0.7071
vn 0.5692 -0.6527 0.5000
vn 0.4899 -0.7142 0.5000
vn 0.4040 -0.7660 0.4999
vn 0.3128 -0.8076 0.4999
vn 0.2173 -0.8383 0.5000
vn 0.1189 -0.8578 0.5000
vn 0.0189 -0.8658 0.5000
vn -0.0813 -0.8622 0.4999
vn -0.1805 -0.8470 0.5000
vn -0.2772 -0.8205 0.4999
vn -0.3702 -0.7829 0.5000
vn -0.4582 -0.7349 0.5000
vn -0.5401 -0.6770 0.4999
vn -0.6148 -0.6100 0.5000
vn -0.6812 -0.5348 0.4999
vn 0.8127 -0.5826 -0.0000
vn -0.8492 -0.5281 -0.0000
vn -0.7782 -0.6280 -0.0000
vn -0.6956 -0.7184 -0.0000
vn -0.6026 -0.7981 -0.0000
vn -0.5005 -0.8658 -0.0000
vn -0.3909 -0.9204 -0.0000
vn -0.2754 -0.9613 -0.0000
vn -0.1558 -0.9878 -0.0000
vn -0.0339 -0.9994 -0.0000
vn 0.0885 -0.9961 -0.0000
vn 0.2096 -0.9778 -0.0000
vn 0.3276 -0.9448 -0.0000
vn 0.4406 -0.8977 -0.0000
vn 0.5471 -0.8371 -0.0000
vn 0.6453 -0.7639 -0.0000
vn 0.7339 -0.6793 -0.0000
vn 0.8114 -0.5845 -0.0000
vn -0.8071 0.5904 -0.0000
vn -0.7110 0.7032 -0.0000
vn -0.5993 0.8005 -0.0000
vn -0.4745 0.8803 -0.0000
vn -0.3392 0.9407 -0.0000
vn -0.1965 0.9805 -0.0000
vn -0.0494 0.9988 -0.0000
vn -0.0495 0.9988 -0.0000
vn 0.0987 0.9951 -0.0000
vn 0.2446 0.9696 -0.0000
vn 0.3852 0.9228 -0.0000
vn 0.5173 0.8558 -0.0000
vn 0.6381 0.7699 -0.0000
vn 0.6381 0.7700 -0.0000
vn 0.7449 0.6672 -0.0000
vn 0.8353 0.5498 -0.0000
vn -0.0734 0.1574 -0.9848
vn 0.0734 -0.1574 -0.9848
vn 0.1445 -0.3100 -0.9397
vn 0.2113 -0.4532 -0.8660
vn 0.2717 -0.5826 -0.7660
vn 0.3237 -0.6943 -0.6428
vn 0.3660 -0.7849 -0.5000
vn 0.3971 -0.8517 -0.3420
vn 0.4162 -0.8925 -0.1736
vn 0.4226 -0.9063 -0.0000
vn 0.4162 -0.8925 0.1736
vn 0.3971 -0.8516 0.3420
vn 0.3971 -0.8517 0.3420
vn 0.3660 -0.7849 0.5000
vn 0.3237 -0.6943 0.6428
vn 0.2717 -0.5826 0.7660
vn 0.2113 -0.4532 0.8660
vn 0.1445 -0.3100 0.9397
vn 0.0734 -0.1574 0.9848
vn -0.0734 0.1574 0.9848
vn -0.1445 0.3100 0.9397
vn -0.2113 0.4532 0.8660
vn -0.2717 0.5826 0.7660
vn -0.3237 0.6943 0.6428
vn -0.3660 0.7849 0.5000
vn -0.3971 0.8517 0.3420
vn -0.4162 0.8925 0.1736
vn -0.4226 0.9063 -0.0000
vn -0.4162 0.8925 -0.1737
vn -0.4162 0.8925 -0.1736
vn -0.3971 0.8517 -0.3420
vn -0.3660 0.7849 -0.5000
vn -0.3237 0.6943 -0.6428
vn -0.2717 0.5826 -0.7660
vn -0.2113 0.4532 -0.8660
vn -0.1445 0.3100 -0.9397
vn -0.9063 -0.4226 -0.0000
vn 0.9063 0.4226 -0.0000
vn 0.9063 0.4227 -0.0000
vn 0.1024 0.1463 -0.9839
vn -0.1024 -0.1463 -0.9839
vn -0.2015 -0.2878 -0.9362
vn -0.2942 -0.4201 -0.8584
vn -0.2942 -0.4201 -0.8585
vn -0.3774 -0.5390 -0.7531
vn -0.4484 -0.6404 -0.6235
vn -0.5051 -0.7213 -0.4739
vn -0.5455 -0.7791 -0.3090
vn -0.5684 -0.8117 -0.1342
vn -0.5730 -0.8183 0.0449
vn -0.5592 -0.7986 0.2225
vn -0.5274 -0.7532 0.3930
vn -0.4787 -0.6836 0.5509
vn -0.4146 -0.5921 0.6911
vn -0.3371 -0.4815 0.8090
vn -0.2489 -0.3554 0.9010
vn -0.1526 -0.2179 0.9640
vn -0.0514 -0.0734 0.9960
vn 0.0514 0.0734 0.9960
vn 0.1526 0.2179 0.9640
vn 0.2489 0.3554 0.9010
vn 0.3371 0.4815 0.8090
vn 0.4146 0.5921 0.6911
vn 0.4787 0.6836 0.5509
vn 0.5274 0.7532 0.3930
vn 0.5592 0.7986 0.2225
vn 0.5730 0.8183 0.0449
vn 0.5684 0.8117 -0.1342
vn 0.5455 0.7791 -0.3090
vn 0.5051 0.7213 -0.4739
vn 0.4484 0.6404 -0.6235
vn 0.3774 0.5390 -0.7531
vn 0.3774 0.5389 -0.7531
vn 0.2942 0.4201 -0.8584
vn 0.2015 0.2878 -0.9362
vn -0.8192 0.5736 -0.0000
vn -0.8191 0.5736 -0.0000
vn -0.8192 0.5735 -0.0000
vn 0.8192 -0.5736 -0.0000
vn 0.8191 -0.5736 -0.0000
vn -0.9997 0.0249 -0.0000
vn -0.9996 0.0290 -0.0000
vn -0.9997 0.0248 -0.0000
vn -0.6666 -0.7454 -0.0000
vn -0.8191 -0.5737 -0.0000
vn -0.8190 -0.5737 -0.0000
vn -0.9042 -0.4270 -0.0000
vn -0.9043 -0.4270 -0.0000
vn -0.9664 -0.2569 -0.0000
vn -0.9524 -0.3048 -0.0000
vn -0.9326 0.3609 -0.0000
vn -0.9160 0.4012 -0.0000
vn -0.9440 0.3299 -0.0000
vn -0.9833 0.1821 -0.0000
vn -0.9987 -0.0511 -0.0000
vn -0.9816 -0.1910 -0.0000
vn -0.9816 -0.1909 -0.0000
vn -0.9428 -0.3333 -0.0000
vn -0.9430 -0.3329 -0.0000
vn -0.8850 -0.4656 -0.0000
vn -0.8850 -0.4655 -0.0000
vn -0.8146 -0.5800 -0.0000
vn -0.8145 -0.5801 -0.0000
vn -0.7396 -0.6730 -0.0000
vn 0.9297 -0.3684 -0.0000
vn 0.9583 -0.2857 -0.0000
vn 0.9297 -0.3683 -0.0000
vn 0.9797 -0.2004 -0.0000
vn 0.9936 -0.1133 -0.0000
vn 0.9997 -0.0250 -0.0000
vn 0.9980 0.0635 -0.0000
vn 0.9884 0.1517 -0.0000
vn 0.9711 0.2387 -0.0000
vn 0.9461 0.3238 -0.0000
vn 0.9137 0.4065 -0.0000
vn 0.8740 0.4860 -0.0000
vn 0.8273 0.5617 -0.0000
vn 0.7741 0.6330 -0.0000
vn 0.7149 0.6993 -0.0000
vn 0.6501 0.7598 -0.0000
vn 0.5805 0.8142 -0.0000
vn 0.5071 0.8619 -0.0000
vn -0.2291 -0.9734 -0.0000
vn -0.1280 -0.9918 -0.0000
vn -0.0286 -0.9996 -0.0000
vn 0.0679 -0.9977 -0.0000
vn 0.0676 -0.9977 -0.0000
vn 0.1608 -0.9870 -0.0000
vn 0.2496 -0.9683 -0.0000
vn 0.2495 -0.9684 -0.0000
vn 0.3332 -0.9429 -0.0000
vn 0.4128 -0.9108 -0.0000
vn 0.4881 -0.8728 -0.0000
vn 0.4886 -0.8725 -0.0000
vn 0.5592 -0.8291 -0.0000
vn 0.6260 -0.7798 -0.0000
vn 0.6887 -0.7251 -0.0000
vn 0.7471 -0.6647 -0.0000
vn 0.8009 -0.5988 -0.0000
vn 0.8497 -0.5272 -0.0000
vn 0.8928 -0.4504 -0.0000
vn -0.1839 0.9829 -0.0000
vn -0.2560 0.9667 -0.0000
vn -0.2559 0.9667 -0.0000
vn -0.3352 0.9422 -0.0000
vn -0.5081 0.8613 -0.0000
vn -0.6768 0.7362 -0.0000
vn -0.8108 0.5853 -0.0000
vn -0.8109 0.5852 -0.0000
vn -0.8974 0.4412 -0.0000
vn -0.9446 0.3281 -0.0000
vn -0.9672 0.2539 -0.0000
vn -0.9762 0.2169 -0.0000
vn -0.9994 0.0335 -0.0000
vn -0.9914 0.1310 -0.0000
vn -0.9688 0.2478 -0.0000
vn -0.9229 0.3851 -0.0000
vn -0.8426 0.5385 -0.0000
vn -0.7866 0.6175 -0.0000
vn -0.7194 0.6946 -0.0000
vn -0.6417 0.7670 -0.0000
vn -0.6419 0.7668 -0.0000
vn -0.5557 0.8313 -0.0000
vn -0.5558 0.8313 -0.0000
vn -0.4639 0.8859 -0.0000
vn -0.3689 0.9295 -0.0000
vn -0.3693 0.9293 -0.0000
vn -0.2747 0.9615 -0.0000
vn -0.2748 0.9615 -0.0000
vn -0.9609 -0.2767 -0.0000
vn -0.9578 -0.2874 -0.0000
vn -0.9609 -0.2768 -0.0000
vn 0.6300 0.7766 -0.0000
vn 0.7011 0.7131 -0.0000
vn -0.4780 0.8784 -0.0000
vn -0.3511 0.9363 -0.0000
vn -0.3514 0.9362 -0.0000
vn -0.2135 0.9770 -0.0000
vn -0.0679 0.9977 -0.0000
vn 0.0817 0.9967 -0.0000
vn 0.0818 0.9967 -0.0000
vn 0.2310 0.9730 -0.0000
vn 0.3750 0.9270 -0.0000
vn 0.5092 0.8606 -0.0000
vn -0.9935 -0.1137 -0.0000
vn -0.9996 0.0296 -0.0000
vn -0.9935 -0.1136 -0.0000
vn -0.9849 0.1729 -0.0000
vn -0.9497 0.3133 -0.0000
vn -0.8939 0.4482 -0.0000
vn -0.8179 0.5753 -0.0000
vn -0.7226 0.6912 -0.0000
vn -0.6081 0.7939 -0.0000
vn -0.2323 -0.9726 -0.0000
vn -0.3839 -0.9234 -0.0000
vn -0.3838 -0.9234 -0.0000
vn -0.5234 -0.8521 -0.0000
vn -0.5233 -0.8521 -0.0000
vn -0.6477 -0.7619 -0.0000
vn -0.7549 -0.6559 -0.0000
vn -0.8443 -0.5359 -0.0000
vn -0.9146 -0.4043 -0.0000
vn -0.9148 -0.4040 -0.0000
vn -0.9649 -0.2626 -0.0000
vn 0.7843 -0.6204 -0.0000
vn 0.6965 -0.7176 -0.0000
vn 0.6964 -0.7176 -0.0000
vn 0.5871 -0.8095 -0.0000
vn 0.4581 -0.8889 -0.0000
vn 0.4583 -0.8888 -0.0000
vn 0.3159 -0.9488 -0.0000
vn 0.1674 -0.9859 -0.0000
vn 0.1673 -0.9859 -0.0000
vn 0.0223 -0.9998 -0.0000
vn 0.0224 -0.9997 -0.0000
vn -0.1121 -0.9937 -0.0000
vn 0.8504 0.5261 -0.0000
vn 0.9037 0.4282 -0.0000
vn 0.9520 0.3060 -0.0000
vn 0.9520 0.3061 -0.0000
vn 0.9873 0.1588 -0.0000
vn 1.0000 -0.0086 -0.0000
vn 0.9829 -0.1844 -0.0000
vn 0.9357 -0.3529 -0.0000
vn 0.8658 -0.5003 -0.0000
vn 0.8658 -0.5004 -0.0000
vn 0.7338 0.6794 -0.0000
vn 0.7328 0.6804 -0.0000
vn 0.7337 0.6795 -0.0000
vn 0.8487 0.5289 -0.0000
vn 0.8530 0.5219 -0.0000
vn 0.4449 -0.8956 -0.0000
vn 0.5099 -0.8602 -0.0000
vn 0.0546 -0.9985 -0.0000
vn -0.0814 -0.9967 -0.0000
vn 0.0526 -0.9986 -0.0000
vn -0.9770 -0.2132 -0.0000
vn -0.9546 -0.2979 -0.0000
vn -0.9770 -0.2134 -0.0000
vn -0.9244 -0.3815 -0.0000
vn -0.8863 -0.4630 -0.0000
vn -0.8406 -0.5416 -0.0000
vn -0.7877 -0.6160 -0.0000
vn -0.7281 -0.6854 -0.0000
vn -0.6625 -0.7490 -0.0000
vn -0.5918 -0.8061 -0.0000
vn -0.5167 -0.8562 -0.0000
vn -0.4382 -0.8989 -0.0000
vn -0.3573 -0.9340 -0.0000
vn -0.2748 -0.9615 -0.0000
vn -0.1915 -0.9815 -0.0000
vn -0.1084 -0.9941 -0.0000
vn -0.1081 -0.9941 -0.0000
vn -0.0262 -0.9997 -0.0000
vn -0.3605 0.9328 -0.0000
vn -0.4429 0.8966 -0.0000
vn -0.3603 0.9328 -0.0000
vn -0.5216 0.8532 -0.0000
vn -0.5961 0.8029 -0.0000
vn -0.5958 0.8031 -0.0000
vn -0.6649 0.7470 -0.0000
vn -0.7282 0.6853 -0.0000
vn -0.7856 0.6187 -0.0000
vn -0.8368 0.5476 -0.0000
vn -0.8813 0.4725 -0.0000
vn -0.9192 0.3938 -0.0000
vn -0.9501 0.3120 -0.0000
vn -0.9737 0.2276 -0.0000
vn -0.9900 0.1410 -0.0000
vn -0.9986 0.0532 -0.0000
vn -0.9986 0.0529 -0.0000
vn -0.9993 -0.0362 -0.0000
vn -0.9921 -0.1253 -0.0000
vn 0.8693 0.4943 -0.0000
vn 0.8205 0.5717 -0.0000
vn 0.8203 0.5719 -0.0000
vn 0.7647 0.6444 -0.0000
vn 0.7650 0.6440 -0.0000
vn 0.7037 0.7105 -0.0000
vn 0.7041 0.7101 -0.0000
vn 0.6382 0.7699 -0.0000
vn 0.6385 0.7696 -0.0000
vn 0.5688 0.8225 -0.0000
vn 0.4955 0.8686 -0.0000
vn 0.4191 0.9079 -0.0000
vn 0.3398 0.9405 -0.0000
vn 0.2579 0.9662 -0.0000
vn 0.1735 0.9848 -0.0000
vn 0.1739 0.9848 -0.0000
vn 0.0870 0.9962 -0.0000
vn -0.0013 1.0000 -0.0000
vn -0.0909 0.9959 -0.0000
vn -0.1814 0.9834 -0.0000
vn -0.2716 0.9624 -0.0000
vn 0.6405 -0.7679 -0.0000
vn 0.6994 -0.7148 -0.0000
vn 0.7546 -0.6561 -0.0000
vn 0.8057 -0.5923 -0.0000
vn 0.8520 -0.5236 -0.0000
vn 0.8929 -0.4503 -0.0000
vn 0.9280 -0.3727 -0.0000
vn 0.9566 -0.2913 -0.0000
vn 0.9784 -0.2066 -0.0000
vn 0.9929 -0.1193 -0.0000
vn 0.9995 -0.0300 -0.0000
vn 0.9982 0.0604 -0.0000
vn 0.9885 0.1509 -0.0000
vn 0.9706 0.2406 -0.0000
vn 0.9445 0.3284 -0.0000
vn 0.9107 0.4132 -0.0000
vn 0.9945 -0.1044 -0.0000
vn 0.9773 -0.2120 -0.0000
vn 0.9434 -0.3316 -0.0000
vn 0.8888 -0.4583 -0.0000
vn 0.8119 -0.5838 -0.0000
vn 0.7155 -0.6986 -0.0000
vn 0.6062 -0.7953 -0.0000
vn 0.6061 -0.7954 -0.0000
vn 0.3836 -0.9235 -0.0000
vn 0.4654 0.8851 -0.0000
vn 0.6443 0.7648 -0.0000
vn 0.7440 0.6682 -0.0000
vn 0.8403 0.5421 -0.0000
vn 0.9211 0.3892 -0.0000
vn 0.9212 0.3892 -0.0000
vn 0.9755 0.2202 -0.0000
vn 0.9754 0.2203 -0.0000
vn 0.9987 0.0510 -0.0000
vn 0.9395 -0.3427 -0.0000
vn 0.9395 -0.3426 -0.0000
vn -0.9964 -0.0847 -0.0000
vn -0.9748 -0.2232 -0.0000
vn -0.9328 -0.3605 -0.0000
vn -0.8701 -0.4928 -0.0000
vn -0.7875 -0.6163 -0.0000
vn -0.6868 -0.7268 -0.0000
vn -0.5708 -0.8211 -0.0000
vn -0.4432 -0.8964 -0.0000
vn -0.3765 -0.9264 -0.0000
vn -0.3085 -0.9512 -0.0000
vn -0.4664 0.8846 -0.0000
vn -0.5202 0.8541 -0.0000
vn -0.5736 0.8191 -0.0000
vn -0.5737 0.8190 -0.0000
vn -0.6276 0.7785 -0.0000
vn -0.6803 0.7330 -0.0000
vn -0.7311 0.6823 -0.0000
vn -0.7313 0.6821 -0.0000
vn -0.7798 0.6260 -0.0000
vn -0.8251 0.5650 -0.0000
vn -0.8663 0.4995 -0.0000
vn -0.9027 0.4302 -0.0000
vn -0.9337 0.3580 -0.0000
vn -0.9589 0.2837 -0.0000
vn -0.9780 0.2084 -0.0000
vn -0.9911 0.1331 -0.0000
vn -0.9983 0.0586 -0.0000
vn -0.9999 -0.0141 -0.0000
vn -0.4227 0.9063 -0.0000
vn -0.4228 0.9062 -0.0000
vn -0.4229 0.9062 -0.0000
vn -0.0249 0.9997 -0.0000
vn 0.0207 0.9998 -0.0000
vn -0.0466 0.9989 -0.0000
vn 0.9289 -0.3703 -0.0000
vn 0.9694 -0.2454 -0.0000
vn 0.9932 -0.1164 -0.0000
vn 0.9932 -0.1165 -0.0000
vn 0.9999 0.0131 -0.0000
vn 0.9902 0.1398 -0.0000
vn 0.9902 0.1399 -0.0000
vn 0.9652 0.2614 -0.0000
vn 0.9264 0.3766 -0.0000
vn 0.9264 0.3765 -0.0000
vn 0.8753 0.4837 -0.0000
vn 0.8125 0.5830 -0.0000
vn 0.7389 0.6738 -0.0000
vn 0.6550 0.7556 -0.0000
vn 0.5610 0.8278 -0.0000
vn 0.4576 0.8892 -0.0000
vn 0.4579 0.8890 -0.0000
vn 0.3457 0.9383 -0.0000
vn 0.3460 0.9383 -0.0000
vn 0.2263 0.9741 -0.0000
vn 0.2260 0.9741 -0.0000
vn 0.1015 0.9948 -0.0000
vn -0.3682 -0.9297 -0.0000
vn -0.3683 -0.9297 -0.0000
vn -0.9326 -0.3608 -0.0000
vn -0.9801 -0.1986 -0.0000
vn -0.9801 -0.1987 -0.0000
vn -0.9939 -0.1105 -0.0000
vn -0.9895 -0.1449 -0.0000
vn 0.3900 -0.9208 -0.0000
vn 0.2996 -0.9541 -0.0000
vn 0.2999 -0.9540 -0.0000
vn 0.2068 -0.9784 -0.0000
vn 0.1118 -0.9937 -0.0000
vn 0.0157 -0.9999 -0.0000
vn -0.0808 -0.9967 -0.0000
vn -0.1768 -0.9842 -0.0000
vn -0.2718 -0.9623 -0.0000
vn -0.3651 -0.9310 -0.0000
vn -0.4555 -0.8902 -0.0000
vn -0.4554 -0.8903 -0.0000
vn -0.5431 -0.8396 -0.0000
vn -0.6261 -0.7797 -0.0000
vn -0.7034 -0.7108 -0.0000
vn -0.7740 -0.6332 -0.0000
vn -0.8364 -0.5481 -0.0000
vn -0.8896 -0.4567 -0.0000
vn 0.4217 -0.9068 -0.0000
vn 0.4228 -0.9062 -0.0000
vn -0.9013 -0.4332 -0.0000
vn -0.9049 -0.4256 -0.0000
vn -0.9063 -0.4227 -0.0000
vn -0.1677 0.9858 -0.0000
vn -0.2625 0.9649 -0.0000
vn -0.4833 0.8755 -0.0000
vn -0.6400 0.7684 -0.0000
vn -0.7910 0.6118 -0.0000
vn -0.8995 0.4369 -0.0000
vn -0.9583 0.2857 -0.0000
vn -0.9583 0.2858 -0.0000
vn -0.4272 0.9042 -0.0000
vn -0.3929 0.9196 -0.0000
vn -0.3795 0.9252 -0.0000
vn -0.3679 0.9299 -0.0000
vn -0.5275 0.8496 -0.0000
vn -0.5434 0.8395 -0.0000
vn 0.9824 0.1866 -0.0000
vn 0.9828 0.1849 -0.0000
vn 0.9824 0.1869 -0.0000
vn 0.9827 0.1851 -0.0000
vn 0.9312 0.3645 -0.0000
vn 0.9099 0.4147 -0.0000
vn 0.9302 0.3671 -0.0000
vn 0.9303 0.3669 -0.0000
vn 0.9298 0.3681 -0.0000
vn 0.6411 0.7675 -0.0000
vn 0.7800 0.6257 -0.0000
vn 0.8638 0.5038 -0.0000
vn 0.9069 -0.4213 -0.0000
vn 0.9145 -0.4045 -0.0000
vn 0.9489 -0.3156 -0.0000
vn 0.9879 -0.1549 -0.0000
vn 0.9964 0.0848 -0.0000
vn 0.9744 0.2248 -0.0000
vn 0.9744 0.2247 -0.0000
vn 0.9309 0.3653 -0.0000
vn 0.8689 0.4950 -0.0000
vn 0.8688 0.4952 -0.0000
vn 0.7949 0.6068 -0.0000
vn 0.7948 0.6068 -0.0000
vn 0.7169 0.6972 -0.0000
vn -0.9481 0.3180 -0.0000
vn -0.9719 0.2355 -0.0000
vn -0.9480 0.3183 -0.0000
vn -0.9885 0.1513 -0.0000
vn -0.9978 0.0665 -0.0000
vn -0.9998 -0.0182 -0.0000
vn -0.9947 -0.1025 -0.0000
vn -0.9826 -0.1859 -0.0000
vn -0.9634 -0.2681 -0.0000
vn -0.9372 -0.3487 -0.0000
vn -0.9041 -0.4274 -0.0000
vn -0.9043 -0.4269 -0.0000
vn -0.8639 -0.5037 -0.0000
vn -0.8167 -0.5771 -0.0000
vn -0.8165 -0.5774 -0.0000
vn -0.7620 -0.6476 -0.0000
vn -0.7008 -0.7134 -0.0000
vn -0.7004 -0.7137 -0.0000
vn -0.6320 -0.7749 -0.0000
vn -0.5573 -0.8303 -0.0000
vn -0.4770 -0.8789 -0.0000
vn 0.1349 0.9909 -0.0000
vn 0.0535 0.9986 -0.0000
vn -0.0295 0.9996 -0.0000
vn -0.1134 0.9935 -0.0000
vn -0.1975 0.9803 -0.0000
vn -0.2810 0.9597 -0.0000
vn -0.3631 0.9318 -0.0000
vn -0.5197 0.8543 -0.0000
vn -0.5928 0.8053 -0.0000
vn -0.5929 0.8053 -0.0000
vn -0.6615 0.7499 -0.0000
vn -0.7251 0.6886 -0.0000
vn -0.7829 0.6221 -0.0000
vn -0.8345 0.5510 -0.0000
vn -0.8794 0.4761 -0.0000
vn -0.9173 0.3982 -0.0000
vn 0.1560 -0.9878 -0.0000
vn 0.2349 -0.9720 -0.0000
vn 0.3235 -0.9462 -0.0000
vn 0.4198 -0.9076 -0.0000
vn 0.5198 -0.8543 -0.0000
vn 0.7075 -0.7067 -0.0000
vn 0.8442 -0.5360 -0.0000
vn 0.8443 -0.5359 -0.0000
vn 0.9211 -0.3894 -0.0000
vn 0.9561 -0.2931 -0.0000
vn 0.9664 -0.2572 -0.0000
vn 0.9839 0.1789 -0.0000
vn 0.9939 0.1105 -0.0000
vn 0.9992 0.0397 -0.0000
vn 0.9994 -0.0333 -0.0000
vn 0.9994 -0.0334 -0.0000
vn 0.9940 -0.1098 -0.0000
vn 0.9939 -0.1099 -0.0000
vn 0.9819 -0.1894 -0.0000
vn 0.9819 -0.1895 -0.0000
vn 0.9623 -0.2721 -0.0000
vn 0.9338 -0.3578 -0.0000
vn 0.8950 -0.4460 -0.0000
vn 0.8950 -0.4461 -0.0000
vn 0.8445 -0.5356 -0.0000
vn 0.8444 -0.5356 -0.0000
vn 0.7807 -0.6249 -0.0000
vn 0.7031 -0.7111 -0.0000
vn 0.6119 -0.7910 -0.0000
vn 0.6118 -0.7910 -0.0000
vn 0.5082 -0.8612 -0.0000
vn 0.5078 -0.8615 -0.0000
vn 0.3948 -0.9188 -0.0000
vn 0.2762 -0.9611 -0.0000
vn 0.9221 0.3870 -0.0000
vn 0.9144 0.4049 -0.0000
vn -0.5756 -0.8177 -0.0000
vn -0.9960 0.0896 -0.0000
vn -0.1005 -0.9949 -0.0000
vn -0.2288 -0.9735 -0.0000
vn -0.3533 -0.9355 -0.0000
vn -0.4718 -0.8817 -0.0000
vn -0.5823 -0.8130 -0.0000
vn -0.6829 -0.7305 -0.0000
vn -0.7720 -0.6356 -0.0000
vn -0.8480 -0.5300 -0.0000
vn -0.9096 -0.4154 -0.0000
vn -0.9559 -0.2938 -0.0000
vn -0.9859 -0.1672 -0.0000
vn -0.9993 -0.0377 -0.0000
vn -0.9957 0.0923 -0.0000
vn -0.9753 0.2208 -0.0000
vn -0.9384 0.3456 -0.0000
vn -0.8856 0.4645 -0.0000
vn -0.8177 0.5756 -0.0000
vn 0.0982 0.9952 -0.0000
vn 0.0963 0.9760 0.1951
vn 0.2126 0.9771 -0.0000
vn 0.2053 0.9439 0.2588
vn 0.3241 0.9460 -0.0000
vn 0.3131 0.9138 0.2587
vn 0.4313 0.9022 -0.0000
vn 0.4166 0.8715 0.2587
vn 0.5327 0.8463 -0.0000
vn 0.5146 0.8175 0.2587
vn 0.6270 0.7790 -0.0000
vn 0.6057 0.7525 0.2587
vn 0.7129 0.7013 -0.0000
vn 0.6886 0.6774 0.2587
vn 0.7892 0.6142 -0.0000
vn 0.7623 0.5932 0.2588
vn 0.8549 0.5188 -0.0000
vn 0.8258 0.5011 0.2588
vn 0.9091 0.4165 -0.0000
vn 0.8781 0.4023 0.2589
vn 0.9512 0.3086 -0.0000
vn 0.9188 0.2981 0.2588
vn 0.9805 0.1965 -0.0000
vn 0.9471 0.1898 0.2588
vn 0.9966 0.0819 -0.0000
vn 0.9627 0.0791 0.2587
vn 0.9994 -0.0339 -0.0000
vn 0.9654 -0.0328 0.2588
vn 0.9888 -0.1493 -0.0000
vn 0.9551 -0.1442 0.2588
vn 0.9649 -0.2626 -0.0000
vn 0.9320 -0.2536 0.2587
vn 0.9281 -0.3724 -0.0000
vn 0.8964 -0.3597 0.2589
vn 0.8788 -0.4772 -0.0000
vn 0.8489 -0.4609 0.2587
vn 0.8177 -0.5756 -0.0000
vn 0.7899 -0.5560 0.2588
vn 0.7611 -0.4133 0.4999
vn 0.7082 -0.4985 0.5000
vn 0.6214 -0.3374 0.7071
vn 0.5782 -0.4070 0.7071
vn 0.4394 -0.2386 0.8660
vn 0.4089 -0.2878 0.8660
vn 0.2275 -0.1235 0.9659
vn 0.2117 -0.1490 0.9659
vn 0.2402 -0.0964 0.9659
vn 0.2497 -0.0679 0.9659
vn 0.2559 -0.0387 0.9659
vn 0.2586 -0.0088 0.9659
vn 0.2579 0.0212 0.9659
vn 0.2537 0.0508 0.9659
vn 0.2462 0.0799 0.9659
vn 0.2353 0.1078 0.9659
vn 0.2212 0.1342 0.9660
vn 0.2043 0.1590 0.9659
vn 0.1845 0.1815 0.9659
vn 0.1622 0.2016 0.9659
vn 0.1378 0.2191 0.9659
vn 0.1116 0.2335 0.9659
vn 0.0839 0.2448 0.9659
vn 0.0550 0.2529 0.9659
vn 0.0192 0.1941 0.9808
vn 0.0377 0.3808 0.9239
vn 0.1063 0.4886 0.8660
vn 0.0546 0.5529 0.8315
vn 0.1503 0.6909 0.7071
vn 0.0695 0.7037 0.7071
vn 0.0817 0.8274 0.5556
vn 0.1841 0.8462 0.5000
vn 0.0907 0.9194 0.3827
vn 0.1621 0.4730 0.8660
vn 0.2157 0.4511 0.8660
vn 0.2664 0.4231 0.8660
vn 0.3135 0.3895 0.8660
vn 0.3564 0.3506 0.8660
vn 0.3946 0.3071 0.8660
vn 0.4274 0.2594 0.8660
vn 0.4546 0.2082 0.8660
vn 0.4756 0.1543 0.8660
vn 0.4903 0.0983 0.8660
vn 0.4983 0.0409 0.8660
vn 0.4997 -0.0170 0.8660
vn 0.4944 -0.0746 0.8660
vn 0.4825 -0.1313 0.8660
vn 0.4640 -0.1862 0.8660
vn 0.2292 0.6689 0.7071
vn 0.3050 0.6380 0.7071
vn 0.3767 0.5984 0.7071
vn 0.4434 0.5509 0.7071
vn 0.5041 0.4959 0.7071
vn 0.5580 0.4343 0.7071
vn 0.6045 0.3669 0.7071
vn 0.6429 0.2945 0.7071
vn 0.6726 0.2182 0.7071
vn 0.6933 0.1390 0.7071
vn 0.7047 0.0579 0.7071
vn 0.7067 -0.0240 0.7071
vn 0.6992 -0.1055 0.7071
vn 0.6823 -0.1857 0.7071
vn 0.6563 -0.2633 0.7071
vn 0.2807 0.8193 0.4999
vn 0.3735 0.7813 0.5000
vn 0.4614 0.7329 0.4999
vn 0.5430 0.6747 0.4999
vn 0.6174 0.6073 0.5000
vn 0.6835 0.5319 0.5000
vn 0.7404 0.4493 0.5000
vn 0.7874 0.3607 0.4999
vn 0.8238 0.2672 0.4999
vn 0.8492 0.1702 0.4999
vn 0.8631 0.0709 0.5000
vn 0.8655 -0.0294 0.5000
vn 0.8564 -0.1293 0.4999
vn 0.8357 -0.2274 0.4999
vn 0.8037 -0.3225 0.5000
vn 0.9966 0.0818 -0.0000
vn 0.8820 -0.4713 -0.0000
vn 0.9330 -0.3600 -0.0000
vn 0.9700 -0.2432 -0.0000
vn 0.9924 -0.1228 -0.0000
vn 1.0000 -0.0005 -0.0000
vn 0.9926 0.1217 -0.0000
vn 0.9702 0.2421 -0.0000
vn 0.9334 0.3589 -0.0000
vn 0.8825 0.4703 -0.0000
vn 0.8184 0.5747 -0.0000
vn 0.7420 0.6704 -0.0000
vn 0.6544 0.7561 -0.0000
vn 0.5571 0.8305 -0.0000
vn 0.4514 0.8923 -0.0000
vn 0.3389 0.9408 -0.0000
vn 0.2214 0.9752 -0.0000
vn 0.1005 0.9949 -0.0000
vn -0.1077 -0.9942 -0.0000
vn -0.2534 -0.9674 -0.0000
vn -0.3936 -0.9193 -0.0000
vn -0.5251 -0.8510 -0.0000
vn -0.6451 -0.7641 -0.0000
vn -0.7509 -0.6604 -0.0000
vn -0.8402 -0.5422 -0.0000
vn -0.9111 -0.4121 -0.0000
vn -0.9620 -0.2730 -0.0000
vn -0.9918 -0.1278 -0.0000
vn -0.9998 0.0201 -0.0000
vn -0.9858 0.1676 -0.0000
vn -0.9503 0.3115 -0.0000
vn -0.8938 0.4485 -0.0000
vn -0.8178 0.5756 -0.0000
vn -0.0996 -0.1422 -0.9848
vn 0.0996 0.1422 -0.9848
vn 0.1962 0.2802 -0.9397
vn 0.2868 0.4096 -0.8660
vn 0.3687 0.5265 -0.7660
vn 0.4394 0.6275 -0.6428
vn 0.4967 0.7094 -0.5000
vn 0.5390 0.7697 -0.3420
vn 0.5390 0.7698 -0.3420
vn 0.5649 0.8067 -0.1737
vn 0.5736 0.8192 -0.0000
vn 0.5649 0.8067 0.1737
vn 0.5390 0.7697 0.3420
vn 0.5390 0.7698 0.3420
vn 0.4967 0.7094 0.5000
vn 0.4394 0.6275 0.6428
vn 0.3687 0.5265 0.7660
vn 0.2868 0.4096 0.8660
vn 0.1962 0.2802 0.9397
vn 0.0996 0.1422 0.9848
vn -0.0996 -0.1422 0.9848
vn -0.1962 -0.2802 0.9397
vn -0.2868 -0.4096 0.8660
vn -0.3687 -0.5265 0.7660
vn -0.4394 -0.6275 0.6428
vn -0.4967 -0.7094 0.5000
vn -0.5390 -0.7698 0.3420
vn -0.5649 -0.8067 0.1736
vn -0.5736 -0.8192 -0.0000
vn -0.5649 -0.8067 -0.1736
vn -0.5390 -0.7698 -0.3420
vn -0.4967 -0.7094 -0.5000
vn -0.4394 -0.6275 -0.6428
vn -0.3687 -0.5265 -0.7660
vn -0.2868 -0.4096 -0.8660
vn -0.1962 -0.2802 -0.9397
vn -0.1779 0.0156 -0.9839
vn 0.1779 -0.0156 -0.9839
vn 0.3500 -0.0306 -0.9362
vn 0.5109 -0.0447 -0.8584
vn 0.6554 -0.0573 -0.7531
vn 0.7789 -0.0681 -0.6235
vn 0.8772 -0.0767 -0.4739
vn 0.9474 -0.0829 -0.3090
vn 0.9872 -0.0864 -0.1342
vn 0.9952 -0.0871 0.0449
vn 0.9712 -0.0850 0.2225
vn 0.9160 -0.0801 0.3930
vn 0.8314 -0.0727 0.5509
vn 0.7200 -0.0630 0.6911
vn 0.5855 -0.0512 0.8090
vn 0.4322 -0.0378 0.9010
vn 0.2650 -0.0232 0.9640
vn 0.0893 -0.0078 0.9960
vn -0.0893 0.0078 0.9960
vn -0.2650 0.0232 0.9640
vn -0.4322 0.0378 0.9010
vn -0.5855 0.0512 0.8090
vn -0.7200 0.0630 0.6911
vn -0.8314 0.0727 0.5509
vn -0.9160 0.0801 0.3930
vn -0.9712 0.0850 0.2225
vn -0.9952 0.0871 0.0449
vn -0.9872 0.0864 -0.1342
vn -0.9474 0.0829 -0.3090
vn -0.8772 0.0767 -0.4739
vn -0.7789 0.0681 -0.6235
vn -0.6554 0.0573 -0.7531
vn -0.5109 0.0447 -0.8584
vn -0.3500 0.0306 -0.9362
vn -0.0871 -0.9962 -0.0000
vn 0.4784 -0.8782 -0.0000
vn 0.4747 -0.8802 -0.0000
vn 0.4783 -0.8782 -0.0000
vn 0.4746 -0.8802 -0.0000
vn 0.9788 -0.2046 -0.0000
vn 0.9064 -0.4225 -0.0000
vn 0.8219 -0.5696 -0.0000
vn 0.7057 -0.7085 -0.0000
vn 0.7402 -0.6724 -0.0000
vn 0.1538 -0.9881 -0.0000
vn 0.1105 -0.9939 -0.0000
vn 0.1863 -0.9825 -0.0000
vn 0.3339 -0.9426 -0.0000
vn 0.3340 -0.9426 -0.0000
vn 0.5436 -0.8393 -0.0000
vn 0.6561 -0.7547 -0.0000
vn 0.6561 -0.7546 -0.0000
vn 0.7597 -0.6502 -0.0000
vn 0.8458 -0.5335 -0.0000
vn 0.8458 -0.5336 -0.0000
vn 0.9096 -0.4154 -0.0000
vn 0.9527 -0.3041 -0.0000
vn -0.1458 0.9893 -0.0000
vn -0.2317 0.9728 -0.0000
vn -0.1459 0.9893 -0.0000
vn -0.3162 0.9487 -0.0000
vn -0.3986 0.9171 -0.0000
vn -0.4782 0.8783 -0.0000
vn -0.5540 0.8325 -0.0000
vn -0.6256 0.7802 -0.0000
vn -0.6922 0.7217 -0.0000
vn -0.7535 0.6575 -0.0000
vn -0.8088 0.5880 -0.0000
vn -0.8579 0.5139 -0.0000
vn -0.9001 0.4356 -0.0000
vn -0.9353 0.3539 -0.0000
vn -0.9630 0.2694 -0.0000
vn -0.9831 0.1831 -0.0000
vn -0.9954 0.0957 -0.0000
vn -1.0000 0.0082 -0.0000
vn 0.9575 0.2883 -0.0000
vn 0.9229 0.3850 -0.0000
vn 0.8800 0.4751 -0.0000
vn 0.8300 0.5578 -0.0000
vn 0.8299 0.5579 -0.0000
vn 0.7746 0.6325 -0.0000
vn 0.7744 0.6327 -0.0000
vn 0.7140 0.7001 -0.0000
vn 0.7139 0.7003 -0.0000
vn 0.6496 0.7603 -0.0000
vn 0.6497 0.7602 -0.0000
vn 0.5824 0.8129 -0.0000
vn 0.5820 0.8132 -0.0000
vn 0.5115 0.8593 -0.0000
vn 0.5118 0.8591 -0.0000
vn 0.4384 0.8988 -0.0000
vn 0.3623 0.9321 -0.0000
vn 0.2836 0.9590 -0.0000
vn 0.2021 0.9794 -0.0000
vn 0.1184 0.9930 -0.0000
vn 0.1181 0.9930 -0.0000
vn 0.0317 0.9995 -0.0000
vn 0.0320 0.9995 -0.0000
vn -0.0567 0.9984 -0.0000
vn -0.7593 -0.6508 -0.0000
vn -0.7092 -0.7050 -0.0000
vn -0.6483 -0.7613 -0.0000
vn -0.4919 -0.8706 -0.0000
vn -0.2991 -0.9542 -0.0000
vn -0.1014 -0.9948 -0.0000
vn 0.0666 -0.9978 -0.0000
vn 0.1881 -0.9821 -0.0000
vn 0.2638 -0.9646 -0.0000
vn 0.3003 -0.9539 -0.0000
vn 0.4707 -0.8823 -0.0000
vn 0.3823 -0.9240 -0.0000
vn 0.2698 -0.9629 -0.0000
vn 0.1279 -0.9918 -0.0000
vn -0.0450 -0.9990 -0.0000
vn -0.1416 -0.9899 -0.0000
vn -0.1415 -0.9899 -0.0000
vn -0.2418 -0.9703 -0.0000
vn -0.2416 -0.9704 -0.0000
vn -0.3434 -0.9392 -0.0000
vn -0.4421 -0.8970 -0.0000
vn -0.5353 -0.8447 -0.0000
vn -0.6205 -0.7842 -0.0000
vn -0.6206 -0.7841 -0.0000
vn -0.6954 -0.7187 -0.0000
vn -0.6953 -0.7187 -0.0000
vn 0.7201 -0.6938 -0.0000
vn 0.7278 -0.6858 -0.0000
vn 0.7202 -0.6938 -0.0000
vn -0.9876 0.1573 -0.0000
vn -0.9681 0.2506 -0.0000
vn -0.9875 0.1573 -0.0000
vn -0.5217 -0.8532 -0.0000
vn -0.6351 -0.7724 -0.0000
vn -0.6354 -0.7722 -0.0000
vn -0.7393 -0.6733 -0.0000
vn -0.8298 -0.5581 -0.0000
vn -0.9040 -0.4275 -0.0000
vn -0.9581 -0.2865 -0.0000
vn -0.9903 -0.1388 -0.0000
vn -0.9999 0.0107 -0.0000
vn 0.5951 -0.8036 -0.0000
vn 0.4742 -0.8804 -0.0000
vn 0.5952 -0.8036 -0.0000
vn 0.4739 -0.8806 -0.0000
vn 0.3424 -0.9395 -0.0000
vn 0.3428 -0.9394 -0.0000
vn 0.2035 -0.9791 -0.0000
vn 0.0588 -0.9983 -0.0000
vn -0.0892 -0.9960 -0.0000
vn -0.0889 -0.9960 -0.0000
vn -0.2373 -0.9714 -0.0000
vn -0.3832 -0.9237 -0.0000
vn 0.9585 0.2851 -0.0000
vn 0.9916 0.1293 -0.0000
vn 0.9916 0.1294 -0.0000
vn 0.9996 -0.0272 -0.0000
vn 0.9837 -0.1801 -0.0000
vn 0.9837 -0.1800 -0.0000
vn 0.9454 -0.3258 -0.0000
vn 0.8862 -0.4633 -0.0000
vn 0.8073 -0.5902 -0.0000
vn 0.7097 -0.7045 -0.0000
vn 0.7100 -0.7042 -0.0000
vn 0.1452 0.9894 -0.0000
vn 0.2733 0.9619 -0.0000
vn 0.4074 0.9132 -0.0000
vn 0.5405 0.8413 -0.0000
vn 0.6637 0.7480 -0.0000
vn 0.7701 0.6379 -0.0000
vn 0.7702 0.6379 -0.0000
vn 0.8546 0.5193 -0.0000
vn 0.8545 0.5194 -0.0000
vn 0.9166 0.3998 -0.0000
vn -0.8809 0.4734 -0.0000
vn -0.8227 0.5685 -0.0000
vn -0.7411 0.6714 -0.0000
vn -0.6312 0.7756 -0.0000
vn -0.4925 0.8703 -0.0000
vn -0.3318 0.9434 -0.0000
vn -0.3317 0.9434 -0.0000
vn -0.1623 0.9867 -0.0000
vn 0.0004 1.0000 -0.0000
vn -0.9552 0.2958 -0.0000
vn -0.9557 0.2945 -0.0000
vn -0.9553 0.2958 -0.0000
vn -0.9557 0.2943 -0.0000
vn -0.8824 0.4705 -0.0000
vn -0.8785 0.4778 -0.0000
vn 0.5532 0.8330 -0.0000
vn 0.5532 0.8331 -0.0000
vn 0.4900 0.8717 -0.0000
vn 0.8374 0.5465 -0.0000
vn 0.9038 0.4279 -0.0000
vn 0.8385 0.5449 -0.0000
vn 0.6731 -0.7395 -0.0000
vn 0.7353 -0.6778 -0.0000
vn 0.7925 -0.6098 -0.0000
vn 0.8442 -0.5361 -0.0000
vn 0.8894 -0.4572 -0.0000
vn 0.9274 -0.3742 -0.0000
vn 0.9577 -0.2878 -0.0000
vn 0.9799 -0.1993 -0.0000
vn 0.9940 -0.1094 -0.0000
vn 0.9998 -0.0194 -0.0000
vn 0.9976 0.0699 -0.0000
vn 0.9875 0.1576 -0.0000
vn 0.9701 0.2428 -0.0000
vn 0.9458 0.3249 -0.0000
vn 0.9151 0.4032 -0.0000
vn 0.8788 0.4772 -0.0000
vn -0.6275 -0.7786 -0.0000
vn -0.5550 -0.8318 -0.0000
vn -0.6276 -0.7786 -0.0000
vn -0.4781 -0.8783 -0.0000
vn -0.3976 -0.9176 -0.0000
vn -0.3145 -0.9493 -0.0000
vn -0.2294 -0.9733 -0.0000
vn -0.1430 -0.9897 -0.0000
vn -0.0558 -0.9984 -0.0000
vn 0.0315 -0.9995 -0.0000
vn 0.1185 -0.9930 -0.0000
vn 0.2048 -0.9788 -0.0000
vn 0.2897 -0.9571 -0.0000
vn 0.3729 -0.9279 -0.0000
vn 0.4535 -0.8912 -0.0000
vn 0.4532 -0.8914 -0.0000
vn 0.5310 -0.8474 -0.0000
vn 0.6043 -0.7968 -0.0000
vn 0.6045 -0.7966 -0.0000
vn -0.8624 0.5062 -0.0000
vn -0.9053 0.4247 -0.0000
vn -0.8625 0.5061 -0.0000
vn -0.9055 0.4244 -0.0000
vn -0.9402 0.3405 -0.0000
vn -0.9670 0.2547 -0.0000
vn -0.9858 0.1681 -0.0000
vn -0.9967 0.0814 -0.0000
vn -1.0000 -0.0052 -0.0000
vn -0.9958 -0.0910 -0.0000
vn -0.9844 -0.1760 -0.0000
vn -0.9657 -0.2598 -0.0000
vn -0.9397 -0.3421 -0.0000
vn -0.8654 -0.5011 -0.0000
vn -0.8170 -0.5767 -0.0000
vn -0.7610 -0.6488 -0.0000
vn -0.6980 -0.7161 -0.0000
vn 0.3448 0.9387 -0.0000
vn 0.2693 0.9631 -0.0000
vn 0.1909 0.9816 -0.0000
vn 0.1101 0.9939 -0.0000
vn 0.0275 0.9996 -0.0000
vn -0.1413 0.9900 -0.0000
vn -0.2261 0.9741 -0.0000
vn -0.3103 0.9506 -0.0000
vn -0.3098 0.9508 -0.0000
vn -0.3931 0.9195 -0.0000
vn -0.4738 0.8807 -0.0000
vn -0.5513 0.8343 -0.0000
vn -0.5514 0.8343 -0.0000
vn -0.6250 0.7806 -0.0000
vn -0.6937 0.7203 -0.0000
vn -0.7566 0.6538 -0.0000
vn -0.8131 0.5821 -0.0000
vn 0.5736 0.8191 -0.0000
vn -0.4069 0.9135 -0.0000
vn -0.3051 0.9523 -0.0000
vn -0.1845 0.9828 -0.0000
vn -0.0474 0.9989 -0.0000
vn -0.0475 0.9989 -0.0000
vn 0.0995 0.9950 -0.0000
vn 0.2472 0.9690 -0.0000
vn 0.3857 0.9226 -0.0000
vn 0.5070 0.8620 -0.0000
vn 0.6080 0.7940 -0.0000
vn -0.9992 -0.0394 -0.0000
vn -0.9845 0.1755 -0.0000
vn -0.9845 0.1756 -0.0000
vn -0.9507 0.3102 -0.0000
vn -0.8896 0.4567 -0.0000
vn -0.7977 0.6031 -0.0000
vn -0.7976 0.6032 -0.0000
vn -0.6785 0.7346 -0.0000
vn -0.5435 0.8394 -0.0000
vn -0.1730 0.9849 -0.0000
vn 0.5716 -0.8206 -0.0000
vn 0.6804 -0.7328 -0.0000
vn 0.6807 -0.7326 -0.0000
vn 0.7785 -0.6276 -0.0000
vn 0.8619 -0.5071 -0.0000
vn 0.9275 -0.3739 -0.0000
vn 0.9729 -0.2314 -0.0000
vn 0.9965 -0.0838 -0.0000
vn 0.9979 0.0644 -0.0000
vn 0.9905 0.1372 -0.0000
vn 0.9780 0.2084 -0.0000
vn -0.5329 -0.8462 -0.0000
vn -0.4795 -0.8775 -0.0000
vn -0.4224 -0.9064 -0.0000
vn -0.4221 -0.9065 -0.0000
vn -0.3608 -0.9327 -0.0000
vn -0.3604 -0.9328 -0.0000
vn -0.2946 -0.9556 -0.0000
vn -0.2251 -0.9743 -0.0000
vn -0.1522 -0.9884 -0.0000
vn -0.0767 -0.9971 -0.0000
vn 0.0003 -1.0000 -0.0000
vn 0.0006 -1.0000 -0.0000
vn 0.0788 -0.9969 -0.0000
vn 0.1568 -0.9876 -0.0000
vn 0.2337 -0.9723 -0.0000
vn 0.3088 -0.9511 -0.0000
vn 0.3803 -0.9249 -0.0000
vn 0.4483 -0.8939 -0.0000
vn 0.5121 -0.8589 -0.0000
vn -0.5735 -0.8192 -0.0000
vn -0.5734 -0.8193 -0.0000
vn -0.5733 -0.8193 -0.0000
vn -0.5736 -0.8191 -0.0000
vn -0.8533 -0.5214 -0.0000
vn -0.8762 -0.4820 -0.0000
vn -0.8418 -0.5399 -0.0000
vn -0.1438 0.9896 -0.0000
vn -0.2721 0.9623 -0.0000
vn -0.2717 0.9624 -0.0000
vn -0.3953 0.9186 -0.0000
vn -0.3957 0.9184 -0.0000
vn -0.5114 0.8594 -0.0000
vn -0.5112 0.8595 -0.0000
vn -0.6162 0.7876 -0.0000
vn -0.6163 0.7875 -0.0000
vn -0.7091 0.7051 -0.0000
vn -0.7894 0.6139 -0.0000
vn -0.7891 0.6143 -0.0000
vn -0.8565 0.5162 -0.0000
vn -0.9111 0.4121 -0.0000
vn -0.9530 0.3030 -0.0000
vn -0.9819 0.1894 -0.0000
vn -0.9974 0.0720 -0.0000
vn -0.9989 -0.0477 -0.0000
vn -0.9855 -0.1696 -0.0000
vn -0.9568 -0.2907 -0.0000
vn -0.9568 -0.2908 -0.0000
vn -0.9123 -0.4095 -0.0000
vn 0.9893 0.1459 -0.0000
vn 0.9893 0.1460 -0.0000
vn 0.7788 -0.6272 -0.0000
vn 0.6621 -0.7494 -0.0000
vn 0.5926 -0.8055 -0.0000
vn 0.6202 -0.7844 -0.0000
vn 0.6025 0.7981 -0.0000
vn 0.6764 0.7365 -0.0000
vn 0.6762 0.7368 -0.0000
vn 0.7439 0.6683 -0.0000
vn 0.8047 0.5937 -0.0000
vn 0.8581 0.5135 -0.0000
vn 0.9036 0.4284 -0.0000
vn 0.9408 0.3390 -0.0000
vn 0.9693 0.2458 -0.0000
vn 0.9888 0.1493 -0.0000
vn 0.9888 0.1494 -0.0000
vn 0.9987 0.0503 -0.0000
vn 0.9987 -0.0506 -0.0000
vn 0.9883 -0.1523 -0.0000
vn 0.9673 -0.2538 -0.0000
vn 0.9355 -0.3534 -0.0000
vn 0.9354 -0.3537 -0.0000
vn 0.8404 -0.5420 -0.0000
vn 0.5744 0.8186 -0.0000
vn 0.5745 0.8185 -0.0000
vn 0.5735 0.8192 -0.0000
vn 0.5734 0.8193 -0.0000
vn 0.8258 -0.5639 -0.0000
vn 0.8209 -0.5710 -0.0000
vn 0.8210 -0.5709 -0.0000
vn -0.7699 -0.6381 -0.0000
vn -0.7044 -0.7098 -0.0000
vn -0.7699 -0.6382 -0.0000
vn -0.5166 -0.8563 -0.0000
vn -0.5166 -0.8562 -0.0000
vn -0.3454 -0.9385 -0.0000
vn -0.3454 -0.9384 -0.0000
vn -0.1342 -0.9909 -0.0000
vn -0.1343 -0.9909 -0.0000
vn 0.0713 -0.9975 -0.0000
vn 0.2317 -0.9728 -0.0000
vn -0.5694 -0.8221 -0.0000
vn -0.5999 -0.8001 -0.0000
vn -0.5999 -0.8000 -0.0000
vn -0.6118 -0.7910 -0.0000
vn -0.6119 -0.7909 -0.0000
vn -0.6213 -0.7836 -0.0000
vn -0.4720 -0.8816 -0.0000
vn -0.4553 -0.8903 -0.0000
vn -0.6530 0.7573 -0.0000
vn -0.6515 0.7586 -0.0000
vn -0.6531 0.7573 -0.0000
vn -0.7812 0.6242 -0.0000
vn -0.8141 0.5807 -0.0000
vn -0.7830 0.6220 -0.0000
vn -0.7829 0.6222 -0.0000
vn -0.7837 0.6212 -0.0000
vn -0.9852 0.1715 -0.0000
vn -0.9319 0.3627 -0.0000
vn -0.8682 0.4962 -0.0000
vn -0.0886 0.9961 -0.0000
vn -0.1070 0.9943 -0.0000
vn -0.2011 0.9796 -0.0000
vn -0.3598 0.9330 -0.0000
vn -0.5716 0.8205 -0.0000
vn -0.6818 0.7315 -0.0000
vn -0.6819 0.7315 -0.0000
vn -0.7818 0.6235 -0.0000
vn -0.8631 0.5051 -0.0000
vn -0.8632 0.5049 -0.0000
vn -0.9229 0.3850 -0.0000
vn -0.9622 0.2723 -0.0000
vn 0.1987 -0.9801 -0.0000
vn 0.2820 -0.9594 -0.0000
vn 0.3632 -0.9317 -0.0000
vn 0.4413 -0.8974 -0.0000
vn 0.5157 -0.8568 -0.0000
vn 0.5862 -0.8102 -0.0000
vn 0.6523 -0.7580 -0.0000
vn 0.7139 -0.7003 -0.0000
vn 0.7706 -0.6373 -0.0000
vn 0.8222 -0.5693 -0.0000
vn 0.8221 -0.5693 -0.0000
vn 0.8682 -0.4962 -0.0000
vn 0.9083 -0.4184 -0.0000
vn 0.9418 -0.3361 -0.0000
vn 0.9683 -0.2497 -0.0000
vn 0.9871 -0.1599 -0.0000
vn 0.9977 -0.0674 -0.0000
vn 0.9997 0.0263 -0.0000
vn -0.9256 -0.3786 -0.0000
vn -0.8915 -0.4530 -0.0000
vn -0.8509 -0.5253 -0.0000
vn -0.8037 -0.5950 -0.0000
vn -0.7502 -0.6612 -0.0000
vn -0.6906 -0.7232 -0.0000
vn -0.6254 -0.7803 -0.0000
vn -0.4800 -0.8773 -0.0000
vn -0.4010 -0.9161 -0.0000
vn -0.3187 -0.9479 -0.0000
vn -0.2338 -0.9723 -0.0000
vn -0.1473 -0.9891 -0.0000
vn -0.0599 -0.9982 -0.0000
vn 0.0274 -0.9996 -0.0000
vn 0.1138 -0.9935 -0.0000
vn 0.7774 0.6290 -0.0000
vn 0.7244 0.6894 -0.0000
vn 0.7243 0.6895 -0.0000
vn 0.6578 0.7532 -0.0000
vn 0.5761 0.8174 -0.0000
vn 0.4799 0.8773 -0.0000
vn 0.2583 0.9661 -0.0000
vn 0.0420 0.9991 -0.0000
vn -0.1233 0.9924 -0.0000
vn -0.2242 0.9745 -0.0000
vn -0.2605 0.9655 -0.0000
vn -0.2604 0.9655 -0.0000
vn -0.6469 0.7626 -0.0000
vn -0.5927 0.8055 -0.0000
vn -0.5927 0.8054 -0.0000
vn -0.5340 0.8455 -0.0000
vn -0.4708 0.8823 -0.0000
vn -0.4709 0.8822 -0.0000
vn -0.4018 0.9157 -0.0000
vn -0.3269 0.9450 -0.0000
vn -0.3268 0.9451 -0.0000
vn -0.2456 0.9694 -0.0000
vn -0.2454 0.9694 -0.0000
vn -0.1570 0.9876 -0.0000
vn -0.0612 0.9981 -0.0000
vn -0.0613 0.9981 -0.0000
vn 0.0416 0.9991 -0.0000
vn 0.1508 0.9886 -0.0000
vn 0.2641 0.9645 -0.0000
vn 0.3790 0.9254 -0.0000
vn 0.4918 0.8707 -0.0000
vn 0.4921 0.8705 -0.0000
vn 0.5980 0.8015 -0.0000
vn 0.5983 0.8013 -0.0000
vn 0.6942 0.7197 -0.0000
vn -0.7962 0.6050 -0.0000
vn -0.8078 0.5894 -0.0000
vn -0.7962 0.6051 -0.0000
vn -0.8078 0.5895 -0.0000
vn 0.9960 -0.0896 -0.0000
vn 0.4204 -0.9073 -0.0000
vn 0.4204 -0.9074 -0.0000
vn 0.9119 0.4104 -0.0000
vn 0.9575 0.2886 -0.0000
vn 0.9868 0.1618 -0.0000
vn 0.9995 0.0323 -0.0000
vn 0.9952 -0.0978 -0.0000
vn 0.9741 -0.2262 -0.0000
vn 0.9365 -0.3507 -0.0000
vn 0.8830 -0.4694 -0.0000
vn 0.8146 -0.5801 -0.0000
vn 0.7324 -0.6809 -0.0000
vn 0.6377 -0.7702 -0.0000
vn 0.5323 -0.8465 -0.0000
vn 0.4179 -0.9085 -0.0000
vn 0.2964 -0.9551 -0.0000
vn 0.1699 -0.9855 -0.0000
vn 0.0405 -0.9992 -0.0000
vn -0.0896 -0.9960 -0.0000
vn -0.9109 -0.4126 -0.0000
vn -0.8934 -0.4046 0.1951
vn -0.9525 -0.3045 -0.0000
vn -0.9201 -0.2941 0.2588
vn -0.9813 -0.1923 -0.0000
vn -0.9479 -0.1858 0.2589
vn -0.9970 -0.0776 -0.0000
vn -0.9630 -0.0749 0.2588
vn -0.9993 0.0382 -0.0000
vn -0.9653 0.0369 0.2587
vn -0.9881 0.1535 -0.0000
vn -0.9545 0.1483 0.2588
vn -0.9638 0.2667 -0.0000
vn -0.9309 0.2576 0.2588
vn -0.9265 0.3764 -0.0000
vn -0.8949 0.3635 0.2588
vn -0.8767 0.4810 -0.0000
vn -0.8469 0.4646 0.2588
vn -0.8153 0.5791 -0.0000
vn -0.7875 0.5594 0.2588
vn -0.7428 0.6695 -0.0000
vn -0.7175 0.6467 0.2587
vn -0.6605 0.7509 -0.0000
vn -0.6379 0.7253 0.2588
vn -0.5692 0.8222 -0.0000
vn -0.5498 0.7942 0.2588
vn -0.4703 0.8825 -0.0000
vn -0.4543 0.8524 0.2588
vn -0.3651 0.9310 -0.0000
vn -0.3527 0.8993 0.2587
vn -0.2551 0.9669 -0.0000
vn -0.2464 0.9340 0.2588
vn -0.1415 0.9899 -0.0000
vn -0.1367 0.9562 0.2589
vn -0.0261 0.9997 -0.0000
vn -0.0252 0.9656 0.2588
vn 0.0896 0.9960 -0.0000
vn 0.0865 0.9620 0.2588
vn -0.0226 0.8658 0.4999
vn 0.0776 0.8625 0.5000
vn -0.0185 0.7069 0.7071
vn 0.0634 0.7043 0.7071
vn -0.0131 0.4998 0.8660
vn 0.0448 0.4980 0.8660
vn -0.0068 0.2587 0.9659
vn 0.0232 0.2578 0.9659
vn -0.0366 0.2562 0.9659
vn -0.0660 0.2503 0.9659
vn -0.0945 0.2410 0.9659
vn -0.1217 0.2284 0.9659
vn -0.1473 0.2128 0.9659
vn -0.1709 0.1943 0.9659
vn -0.1923 0.1733 0.9659
vn -0.2110 0.1499 0.9659
vn -0.2269 0.1245 0.9659
vn -0.2398 0.0974 0.9659
vn -0.2494 0.0690 0.9659
vn -0.2557 0.0397 0.9659
vn -0.2586 0.0098 0.9659
vn -0.2580 -0.0201 0.9659
vn -0.2540 -0.0498 0.9659
vn -0.2465 -0.0788 0.9659
vn -0.1777 -0.0804 0.9808
vn -0.3486 -0.1578 0.9239
vn -0.4763 -0.1522 0.8660
vn -0.5061 -0.2291 0.8315
vn -0.6735 -0.2153 0.7071
vn -0.6441 -0.2917 0.7071
vn -0.7574 -0.3430 0.5556
vn -0.8249 -0.2637 0.5000
vn -0.8416 -0.3811 0.3827
vn -0.4907 -0.0962 0.8660
vn -0.4985 -0.0388 0.8660
vn -0.4996 0.0191 0.8660
vn -0.4941 0.0767 0.8660
vn -0.4819 0.1334 0.8660
vn -0.4632 0.1882 0.8660
vn -0.4384 0.2405 0.8660
vn -0.4076 0.2896 0.8660
vn -0.3714 0.3347 0.8660
vn -0.3303 0.3755 0.8660
vn -0.2846 0.4111 0.8660
vn -0.2352 0.4412 0.8660
vn -0.1826 0.4655 0.8660
vn -0.1275 0.4835 0.8660
vn -0.0708 0.4950 0.8660
vn -0.6939 -0.1360 0.7071
vn -0.7050 -0.0549 0.7071
vn -0.7066 0.0270 0.7071
vn -0.6987 0.1085 0.7071
vn -0.6815 0.1886 0.7071
vn -0.6551 0.2661 0.7071
vn -0.6200 0.3401 0.7071
vn -0.5765 0.4095 0.7071
vn -0.5253 0.4734 0.7071
vn -0.4670 0.5310 0.7071
vn -0.4025 0.5814 0.7071
vn -0.3326 0.6240 0.7071
vn -0.2582 0.6583 0.7071
vn -0.1804 0.6838 0.7071
vn -0.1001 0.7000 0.7071
vn -0.8499 -0.1666 0.5000
vn -0.8634 -0.0672 0.5000
vn -0.8654 0.0331 0.5000
vn -0.8558 0.1329 0.4999
vn -0.8347 0.2310 0.5000
vn -0.8024 0.3259 0.5000
vn -0.7593 0.4165 0.5000
vn -0.7060 0.5015 0.5000
vn -0.6433 0.5798 0.5000
vn -0.5720 0.6503 0.5000
vn -0.4930 0.7121 0.4999
vn -0.4073 0.7643 0.5000
vn -0.3162 0.8063 0.4999
vn -0.2209 0.8374 0.5000
vn -0.1226 0.8574 0.4999
vn -0.6604 0.7509 -0.0000
vn -0.0328 0.9995 -0.0000
vn -0.1548 0.9880 -0.0000
vn -0.2744 0.9616 -0.0000
vn -0.3899 0.9209 -0.0000
vn -0.4995 0.8663 -0.0000
vn -0.6017 0.7987 -0.0000
vn -0.6948 0.7192 -0.0000
vn -0.7775 0.6288 -0.0000
vn -0.8486 0.5291 -0.0000
vn -0.9069 0.4214 -0.0000
vn -0.9516 0.3073 -0.0000
vn -0.9820 0.1887 -0.0000
vn -0.9977 0.0672 -0.0000
vn -0.9985 -0.0552 -0.0000
vn -0.9842 -0.1769 -0.0000
vn -0.9552 -0.2959 -0.0000
vn -0.9119 -0.4104 -0.0000
vn 0.9149 0.4038 -0.0000
vn 0.9645 0.2642 -0.0000
vn 0.9929 0.1188 -0.0000
vn 0.9996 -0.0292 -0.0000
vn 0.9843 -0.1766 -0.0000
vn 0.9474 -0.3201 -0.0000
vn 0.8897 -0.4566 -0.0000
vn 0.8125 -0.5830 -0.0000
vn 0.7174 -0.6967 -0.0000
vn 0.6066 -0.7950 -0.0000
vn 0.4825 -0.8759 -0.0000
vn 0.3477 -0.9376 -0.0000
vn 0.2054 -0.9787 -0.0000
vn 0.0585 -0.9983 -0.0000
vn 0.1730 -0.0151 -0.9848
vn -0.1730 0.0151 -0.9848
vn -0.3407 0.0298 -0.9397
vn -0.4981 0.0436 -0.8660
vn -0.6403 0.0560 -0.7660
vn -0.7631 0.0668 -0.6428
vn -0.8627 0.0755 -0.5000
vn -0.9361 0.0819 -0.3420
vn -0.9811 0.0858 -0.1736
vn -0.9811 0.0858 0.1736
vn -0.9361 0.0819 0.3420
vn -0.8627 0.0755 0.5000
vn -0.7631 0.0668 0.6428
vn -0.6403 0.0560 0.7660
vn -0.4981 0.0436 0.8660
vn -0.3407 0.0298 0.9397
vn -0.1730 0.0151 0.9848
vn 0.1730 -0.0151 0.9848
vn 0.3407 -0.0298 0.9397
vn 0.4981 -0.0436 0.8660
vn 0.6403 -0.0560 0.7660
vn 0.7631 -0.0668 0.6428
vn 0.8627 -0.0755 0.5000
vn 0.9361 -0.0819 0.3420
vn 0.9811 -0.0858 0.1737
vn 0.9811 -0.0858 0.1736
vn 0.9811 -0.0858 -0.1736
vn 0.9361 -0.0819 -0.3420
vn 0.8627 -0.0755 -0.5000
vn 0.7631 -0.0668 -0.6428
vn 0.6403 -0.0560 -0.7660
vn 0.4981 -0.0436 -0.8660
vn 0.3407 -0.0298 -0.9397
vn 0.0755 -0.1618 -0.9839
vn -0.0755 0.1618 -0.9839
vn -0.1485 0.3185 -0.9362
vn -0.2168 0.4648 -0.8584
vn -0.2168 0.4648 -0.8585
vn -0.2781 0.5963 -0.7531
vn -0.3304 0.7086 -0.6235
vn -0.3722 0.7981 -0.4739
vn -0.4019 0.8619 -0.3090
vn -0.4019 0.8620 -0.3090
vn -0.4188 0.8981 -0.1342
vn -0.4222 0.9054 0.0449
vn -0.4120 0.8836 0.2225
vn -0.3886 0.8334 0.3930
vn -0.3527 0.7564 0.5509
vn -0.3055 0.6551 0.6911
vn -0.2484 0.5327 0.8090
vn -0.1834 0.3932 0.9010
vn -0.1124 0.2411 0.9640
vn -0.0379 0.0812 0.9960
vn 0.0379 -0.0812 0.9960
vn 0.1124 -0.2411 0.9640
vn 0.1834 -0.3932 0.9010
vn 0.2484 -0.5327 0.8090
vn 0.3055 -0.6551 0.6911
vn 0.3527 -0.7564 0.5509
vn 0.3886 -0.8334 0.3930
vn 0.4120 -0.8836 0.2225
vn 0.4222 -0.9054 0.0449
vn 0.4188 -0.8981 -0.1342
vn 0.4019 -0.8620 -0.3090
vn 0.4019 -0.8619 -0.3090
vn 0.3722 -0.7981 -0.4739
vn 0.3304 -0.7086 -0.6235
vn 0.2781 -0.5963 -0.7531
vn 0.2168 -0.4648 -0.8585
vn 0.2168 -0.4648 -0.8584
vn 0.1485 -0.3185 -0.9362
vn 0.9063 0.4226 -0.0001
vn -0.9063 -0.4226 -0.0001
vn 0.1490 0.9888 -0.0000
vn -0.0000 1.0000 -0.0000
vn -0.1490 0.9888 -0.0000
vn -0.2948 0.9556 -0.0000
vn -0.4339 0.9010 -0.0000
vn -0.5633 0.8262 -0.0000
vn -0.6802 0.7331 -0.0000
vn -0.8660 0.5000 -0.0000
vn -0.9309 0.3653 -0.0000
vn -0.9749 0.2225 -0.0000
vn -0.9972 0.0747 -0.0000
vn -0.9972 -0.0747 -0.0000
vn -0.9749 -0.2225 -0.0000
vn -0.9309 -0.3653 -0.0000
vn -0.8660 -0.5000 -0.0000
vn -0.7818 -0.6235 -0.0000
vn -0.6802 -0.7331 -0.0000
vn -0.5633 -0.8262 -0.0000
vn -0.4339 -0.9010 -0.0000
vn -0.2948 -0.9556 -0.0000
vn -0.1490 -0.9888 -0.0000
vn -0.0000 -1.0000 -0.0000
vn 0.1490 -0.9888 -0.0000
vn 0.2948 -0.9556 -0.0000
vn 0.4339 -0.9010 -0.0000
vn 0.5633 -0.8262 -0.0000
vn 0.6802 -0.7331 -0.0000
vn 0.7818 -0.6235 -0.0000
vn 0.8660 -0.5000 -0.0000
vn 0.9309 -0.3653 -0.0000
vn 0.9749 -0.2225 -0.0000
vn 0.9972 -0.0747 -0.0000
vn 0.9972 0.0747 -0.0000
vn 0.9749 0.2225 -0.0000
vn 0.8660 0.5000 -0.0000
vn 0.7818 0.6235 -0.0000
vn 0.6802 0.7331 -0.0000
vn 0.5633 0.8262 -0.0000
vn 0.4339 0.9010 -0.0000
vn 0.2948 0.9556 -0.0000
vt -1.238478 0.000000
vt -1.230941 0.000000
vt -1.238478 0.010000
vt -1.230941 0.010000
vt -0.372594 0.000000
vt -0.326020 0.000000
vt -0.372594 0.010000
vt -0.326020 0.010000
vt -0.279445 0.000000
vt -0.279445 0.010000
vt -0.186297 0.000000
vt -0.186297 0.010000
vt 0.000000 0.000000
vt 0.000000 0.010000
vt -0.617839 0.000000
vt -0.463379 0.000000
vt -0.617839 0.010000
vt -0.463379 0.010000
vt -0.386149 0.000000
vt -0.386149 0.010000
vt -0.308919 0.000000
vt -0.308919 0.010000
vt -0.231690 0.000000
vt -0.231690 0.010000
vt -0.193075 0.000000
vt -0.193075 0.010000
vt -0.154460 0.000000
vt -0.154460 0.010000
vt -0.115845 0.000000
vt -0.115845 0.010000
vt -0.077230 0.000000
vt -0.077230 0.010000
vt -0.038615 0.000000
vt -0.038615 0.010000
vt -1.646579 0.000000
vt -1.543668 0.000000
vt -1.646579 0.010000
vt -1.543668 0.010000
vt -1.440757 0.000000
vt -1.440757 0.010000
vt -1.337846 0.000000
vt -1.337846 0.010000
vt -1.234935 0.000000
vt -1.234935 0.010000
vt -1.132023 0.000000
vt -1.132023 0.010000
vt -1.029112 0.000000
vt -1.029112 0.010000
vt -0.926201 0.000000
vt -0.926201 0.010000
vt -0.823290 0.000000
vt -0.823290 0.010000
vt -0.720378 0.000000
vt -0.720378 0.010000
vt -0.617467 0.000000
vt -0.617467 0.010000
vt -0.514556 0.000000
vt -0.514556 0.010000
vt -0.411645 0.000000
vt -0.411645 0.010000
vt -0.308734 0.000000
vt -0.308734 0.010000
vt -0.205822 0.000000
vt -0.205822 0.010000
vt -0.102911 0.000000
vt -0.102911 0.010000
vt -1.606999 0.000000
vt -1.506561 0.000000
vt -1.606999 0.010000
vt -1.506561 0.010000
vt -1.406124 0.000000
vt -1.406124 0.010000
vt -1.305687 0.000000
vt -1.305687 0.010000
vt -1.205249 0.000000
vt -1.205249 0.010000
vt -1.104812 0.000000
vt -1.104812 0.010000
vt -1.004374 0.000000
vt -1.004374 0.010000
vt -0.903937 0.000000
vt -0.903937 0.010000
vt -0.803499 0.000000
vt -0.803499 0.010000
vt -0.703062 0.000000
vt -0.703062 0.010000
vt -0.602625 0.000000
vt -0.602625 0.010000
vt -0.502187 0.000000
vt -0.502187 0.010000
vt -0.401750 0.000000
vt -0.401750 0.010000
vt -0.301312 0.000000
vt -0.301312 0.010000
vt -0.200875 0.000000
vt -0.200875 0.010000
vt -0.100437 0.000000
vt -0.100437 0.010000
vt -0.619306 0.000000
vt -0.580599 0.000000
vt -0.619306 0.010000
vt -0.580599 0.010000
vt -0.541893 0.000000
vt -0.541893 0.010000
vt -0.464479 0.000000
vt -0.464479 0.010000
vt -0.387066 0.000000
vt -0.387066 0.010000
vt -0.309653 0.000000
vt -0.309653 0.010000
vt -0.232240 0.000000
vt -0.232240 0.010000
vt -0.154826 0.000000
vt -0.154826 0.010000
vt -0.077413 0.000000
vt -0.077413 0.010000
vt 0.113594 0.000000
vt 0.113594 0.010000
vt 0.227187 0.000000
vt 0.227187 0.010000
vt 0.340781 0.000000
vt 0.340781 0.010000
vt 0.454374 0.000000
vt 0.454374 0.010000
vt 0.511171 0.000000
vt 0.511171 0.010000
vt 0.567968 0.000000
vt 0.567968 0.010000
vt 0.624765 0.000000
vt 0.624765 0.010000
vt 0.681561 0.000000
vt 0.681561 0.010000
vt 0.738358 0.000000
vt 0.738358 0.010000
vt 0.795155 0.000000
vt 0.795155 0.010000
vt 0.851952 0.000000
vt 0.851952 0.010000
vt 0.908748 0.000000
vt 0.908748 0.010000
vt 0.441903 0.000000
vt 0.453173 0.000000
vt 0.441903 0.010000
vt 0.453173 0.010000
vt -0.162133 -0.196021
vt -0.165312 -0.185209
vt -0.162336 -0.203556
vt -0.592633 -0.418908
vt -0.563666 -0.517653
vt -0.153842 -0.042576
vt -0.618643 -0.005084
vt -0.625951 -0.110322
vt -0.623942 -0.214720
vt -0.128951 0.088155
vt -0.539152 0.310440
vt -0.575410 0.205819
vt -0.601851 0.100470
vt -0.090009 0.205770
vt -0.444585 0.498155
vt -0.495814 0.406903
vt -0.036386 0.309056
vt -0.320897 0.663655
vt -0.386075 0.583853
vt -0.249660 0.737218
vt -0.003873 0.354947
vt -0.172977 0.804197
vt 0.032547 0.396800
vt -0.091458 0.864252
vt 0.072951 0.434466
vt -0.005715 0.917038
vt 0.117420 0.467791
vt 0.083643 0.962212
vt 0.166032 0.496624
vt 0.218864 0.520813
vt 0.176002 0.999432
vt 0.275997 0.540208
vt 0.270754 1.028355
vt 0.337508 0.554656
vt 0.367285 1.048637
vt 0.392276 0.566937
vt 0.441639 0.582151
vt 0.464986 1.059936
vt 0.525537 0.620904
vt 0.591970 0.669962
vt 0.563245 1.061909
vt 0.643704 0.728373
vt 0.683506 0.795185
vt 0.661452 1.054212
vt 0.714144 0.869446
vt 0.738384 0.950202
vt 0.758994 1.036502
vt -0.612781 -0.317756
vt -0.526045 -0.613468
vt -0.114437 -0.394382
vt -0.479936 -0.705831
vt -0.425504 -0.794220
vt -0.085704 -0.477334
vt -0.362916 -0.878112
vt -0.292338 -0.956985
vt -0.065924 -0.511868
vt -0.213936 -1.030315
vt -0.040930 -0.540316
vt 0.000186 -0.580882
vt 0.063201 -0.928808
vt 0.032618 -0.620902
vt 0.057064 -0.660440
vt 0.083930 -0.853020
vt 0.074222 -0.699556
vt 0.084790 -0.738311
vt 0.089465 -0.776765
vt 0.032860 -1.004618
vt -0.127875 -1.097582
vt -0.034322 -1.158261
vt 0.162133 -0.196021
vt 0.162336 -0.203556
vt 0.165312 -0.185209
vt 0.592633 -0.418908
vt 0.612781 -0.317756
vt 0.114437 -0.394382
vt 0.526045 -0.613468
vt 0.563666 -0.517653
vt 0.085704 -0.477334
vt 0.425504 -0.794220
vt 0.479936 -0.705831
vt 0.065924 -0.511868
vt 0.292338 -0.956985
vt 0.362916 -0.878112
vt 0.213936 -1.030315
vt 0.040930 -0.540316
vt -0.000186 -0.580882
vt -0.063201 -0.928808
vt -0.032618 -0.620902
vt -0.057064 -0.660440
vt -0.083930 -0.853020
vt -0.074222 -0.699556
vt -0.084790 -0.738311
vt -0.089465 -0.776765
vt -0.032860 -1.004618
vt 0.127875 -1.097582
vt 0.034322 -1.158261
vt 0.623942 -0.214720
vt 0.625951 -0.110322
vt 0.618643 -0.005084
vt 0.153842 -0.042576
vt 0.601851 0.100470
vt 0.575410 0.205819
vt 0.539152 0.310440
vt 0.128951 0.088155
vt 0.495814 0.406903
vt 0.444585 0.498155
vt 0.090009 0.205770
vt 0.386075 0.583853
vt 0.320897 0.663655
vt 0.036386 0.309056
vt 0.249660 0.737218
vt 0.003873 0.354947
vt 0.172977 0.804197
vt -0.032547 0.396800
vt 0.091458 0.864252
vt -0.072951 0.434466
vt 0.005715 0.917038
vt -0.117420 0.467791
vt -0.083643 0.962212
vt -0.166032 0.496624
vt -0.218864 0.520813
vt -0.176002 0.999432
vt -0.275997 0.540208
vt -0.270754 1.028355
vt -0.337508 0.554656
vt -0.367285 1.048637
vt -0.392276 0.566937
vt -0.441639 0.582151
vt -0.464986 1.059936
vt -0.525537 0.620904
vt -0.591970 0.669962
vt -0.563245 1.061909
vt -0.643704 0.728373
vt -0.683506 0.795185
vt -0.661452 1.054212
vt -0.714144 0.869446
vt -0.738384 0.950202
vt -0.758994 1.036502
vt -0.162079 0.000000
vt -0.162079 0.010000
vt 0.109635 0.000000
vt 0.109635 0.010000
vt 0.219270 0.000000
vt 0.219270 0.010000
vt 0.328905 0.000000
vt 0.328905 0.010000
vt 0.438540 0.000000
vt 0.438540 0.010000
vt 0.548175 0.000000
vt 0.548175 0.010000
vt 0.657810 0.000000
vt 0.657810 0.010000
vt 0.767445 0.000000
vt 0.767445 0.010000
vt 0.877080 0.000000
vt 0.877080 0.010000
vt 0.107995 0.000000
vt 0.107995 0.010000
vt 0.215990 0.000000
vt 0.215990 0.010000
vt 0.323984 0.000000
vt 0.323984 0.010000
vt 0.431979 0.000000
vt 0.431979 0.010000
vt 0.539974 0.000000
vt 0.539974 0.010000
vt 0.647969 0.000000
vt 0.647969 0.010000
vt 0.755964 0.000000
vt 0.755964 0.010000
vt 0.863959 0.000000
vt 0.863959 0.010000
vt 0.111220 0.000000
vt 0.111220 0.010000
vt 0.222439 0.000000
vt 0.222439 0.010000
vt 0.333659 0.000000
vt 0.333659 0.010000
vt 0.444879 0.000000
vt 0.444879 0.010000
vt 0.556099 0.000000
vt 0.556099 0.010000
vt 0.667318 0.000000
vt 0.667318 0.010000
vt 0.778538 0.000000
vt 0.778538 0.010000
vt 0.889758 0.000000
vt 0.889758 0.010000
vt 0.102006 0.000000
vt 0.102006 0.010000
vt 0.204011 0.000000
vt 0.204011 0.010000
vt 0.306017 0.000000
vt 0.306017 0.010000
vt 0.408022 0.000000
vt 0.408022 0.010000
vt 0.510028 0.000000
vt 0.510028 0.010000
vt 0.612034 0.000000
vt 0.612034 0.010000
vt 0.714039 0.000000
vt 0.714039 0.010000
vt 0.816045 0.000000
vt 0.816045 0.010000
vt 0.115296 0.000000
vt 0.115296 0.010000
vt 0.230592 0.000000
vt 0.230592 0.010000
vt 0.345888 0.000000
vt 0.345888 0.010000
vt 0.461183 0.000000
vt 0.461183 0.010000
vt 0.576479 0.000000
vt 0.576479 0.010000
vt 0.691775 0.000000
vt 0.691775 0.010000
vt 0.807071 0.000000
vt 0.807071 0.010000
vt 0.922367 0.000000
vt 0.922367 0.010000
vt 0.210723 0.000000
vt 0.217607 0.000000
vt 0.210723 0.010000
vt 0.217607 0.010000
vt -1.197157 0.000000
vt -1.184559 0.000000
vt -1.197157 0.010000
vt -1.184559 0.010000
vt -0.489863 0.000000
vt -0.244931 0.000000
vt -0.489863 0.010000
vt -0.244931 0.010000
vt -0.167461 0.000000
vt -0.083731 0.000000
vt -0.167461 0.010000
vt -0.083731 0.010000
vt -1.671916 0.000000
vt -1.567422 0.000000
vt -1.671916 0.010000
vt -1.567422 0.010000
vt -1.462927 0.000000
vt -1.462927 0.010000
vt -1.358432 0.000000
vt -1.358432 0.010000
vt -1.253937 0.000000
vt -1.253937 0.010000
vt -1.149443 0.000000
vt -1.149443 0.010000
vt -1.044948 0.000000
vt -1.044948 0.010000
vt -0.940453 0.000000
vt -0.940453 0.010000
vt -0.835958 0.000000
vt -0.835958 0.010000
vt -0.731463 0.000000
vt -0.731463 0.010000
vt -0.626969 0.000000
vt -0.626969 0.010000
vt -0.522474 0.000000
vt -0.522474 0.010000
vt -0.417979 0.000000
vt -0.417979 0.010000
vt -0.313484 0.000000
vt -0.313484 0.010000
vt -0.208990 0.000000
vt -0.208990 0.010000
vt -0.104495 0.000000
vt -0.104495 0.010000
vt -1.677700 0.000000
vt -1.572844 0.000000
vt -1.677700 0.010000
vt -1.572844 0.010000
vt -1.467988 0.000000
vt -1.467988 0.010000
vt -1.363132 0.000000
vt -1.363132 0.010000
vt -1.258275 0.000000
vt -1.258275 0.010000
vt -1.153419 0.000000
vt -1.153419 0.010000
vt -1.048563 0.000000
vt -1.048563 0.010000
vt -0.943706 0.000000
vt -0.943706 0.010000
vt -0.838850 0.000000
vt -0.838850 0.010000
vt -0.733994 0.000000
vt -0.733994 0.010000
vt -0.629138 0.000000
vt -0.629138 0.010000
vt -0.524281 0.000000
vt -0.524281 0.010000
vt -0.419425 0.000000
vt -0.419425 0.010000
vt -0.314569 0.000000
vt -0.314569 0.010000
vt -0.209713 0.000000
vt -0.209713 0.010000
vt -0.104856 0.000000
vt -0.104856 0.010000
vt -1.692932 0.000000
vt -1.587123 0.000000
vt -1.692932 0.010000
vt -1.587123 0.010000
vt -1.481315 0.000000
vt -1.481315 0.010000
vt -1.375507 0.000000
vt -1.375507 0.010000
vt -1.269699 0.000000
vt -1.269699 0.010000
vt -1.163890 0.000000
vt -1.163890 0.010000
vt -1.058082 0.000000
vt -1.058082 0.010000
vt -0.952274 0.000000
vt -0.952274 0.010000
vt -0.846466 0.000000
vt -0.846466 0.010000
vt -0.740658 0.000000
vt -0.740658 0.010000
vt -0.634849 0.000000
vt -0.634849 0.010000
vt -0.529041 0.000000
vt -0.529041 0.010000
vt -0.423233 0.000000
vt -0.423233 0.010000
vt -0.317425 0.000000
vt -0.317425 0.010000
vt -0.211616 0.000000
vt -0.211616 0.010000
vt -0.105808 0.000000
vt -0.105808 0.010000
vt -1.696443 0.000000
vt -1.590416 0.000000
vt -1.696443 0.010000
vt -1.590416 0.010000
vt -1.484388 0.000000
vt -1.484388 0.010000
vt -1.378360 0.000000
vt -1.378360 0.010000
vt -1.272332 0.000000
vt -1.272332 0.010000
vt -1.166305 0.000000
vt -1.166305 0.010000
vt -1.060277 0.000000
vt -1.060277 0.010000
vt -0.954249 0.000000
vt -0.954249 0.010000
vt -0.848222 0.000000
vt -0.848222 0.010000
vt -0.742194 0.000000
vt -0.742194 0.010000
vt -0.636166 0.000000
vt -0.636166 0.010000
vt -0.530139 0.000000
vt -0.530139 0.010000
vt -0.424111 0.000000
vt -0.424111 0.010000
vt -0.318083 0.000000
vt -0.318083 0.010000
vt -0.212055 0.000000
vt -0.212055 0.010000
vt -0.106028 0.000000
vt -0.106028 0.010000
vt 0.619897 0.510564
vt 0.624578 0.505517
vt 0.613277 0.521284
vt 0.971033 0.802161
vt 0.902802 0.881628
vt 1.032184 0.716130
vt 0.690674 0.384697
vt 1.085865 0.623817
vt 1.131687 0.525505
vt 0.738234 0.265362
vt 1.169257 0.421476
vt 1.198187 0.312013
vt 0.766749 0.147589
vt 1.217102 0.202061
vt 1.225958 0.092710
vt 0.775709 0.031452
vt 1.225042 -0.015504
vt 1.214641 -0.122045
vt 0.764607 -0.082971
vt 1.195043 -0.226379
vt 0.732934 -0.195603
vt 1.166533 -0.327971
vt 1.129400 -0.426283
vt 0.680183 -0.306370
vt 1.083930 -0.520783
vt 1.030410 -0.610933
vt 0.605843 -0.415194
vt 0.969127 -0.696199
vt 0.900369 -0.776044
vt 0.529756 -0.499686
vt 0.824422 -0.849935
vt 0.741573 -0.917335
vt 0.447275 -0.569221
vt 0.652109 -0.977709
vt 0.358787 -0.623811
vt 0.556318 -1.030521
vt 0.454487 -1.075237
vt 0.264678 -0.663470
vt 0.350427 -1.109931
vt 0.165334 -0.688209
vt 0.244904 -1.134458
vt 0.138557 -1.149048
vt 0.061141 -0.698042
vt 0.032024 -1.153932
vt -0.047515 -0.692981
vt -0.074060 -1.149339
vt -0.179055 -1.135500
vt -0.160247 -0.673039
vt -0.282324 -1.112646
vt -0.383230 -1.081007
vt -0.269878 -0.637434
vt -0.481136 -1.040813
vt -0.370488 -0.586021
vt -0.575402 -0.992295
vt -0.665393 -0.935682
vt -0.460894 -0.520405
vt -0.750471 -0.871206
vt -0.829997 -0.799097
vt -0.539910 -0.442194
vt -0.903335 -0.719584
vt -0.969846 -0.632899
vt -0.606353 -0.352995
vt -1.028894 -0.539272
vt -0.659038 -0.254413
vt -1.079610 -0.439784
vt -1.120270 -0.338094
vt -0.696782 -0.148056
vt -1.150988 -0.234704
vt -1.171879 -0.130120
vt -0.718399 -0.035530
vt -1.183057 -0.024845
vt -0.723243 0.078710
vt -1.184637 0.080614
vt -1.176733 0.185755
vt -0.711921 0.189808
vt -1.159460 0.290073
vt -1.132932 0.393062
vt -0.685208 0.296220
vt -1.097264 0.494220
vt -0.643877 0.396401
vt -1.052571 0.593041
vt -0.998967 0.689021
vt -0.588702 0.488807
vt -0.936566 0.781655
vt -0.520457 0.571894
vt -0.865483 0.870440
vt -0.785833 0.954870
vt -0.439917 0.644117
vt -0.697730 1.034441
vt -0.347855 0.703932
vt -0.483695 1.149813
vt -0.240657 0.753038
vt -0.254431 1.258945
vt -0.131192 0.785457
vt -0.161313 1.256366
vt -0.083004 1.253081
vt -0.020813 0.801273
vt 0.034554 1.254801
vt 0.089127 0.800566
vt 0.148935 1.247130
vt 0.259749 1.230352
vt 0.197276 0.783418
vt 0.366607 1.204749
vt 0.302280 0.749912
vt 0.469118 1.170603
vt 0.566891 1.128198
vt 0.402788 0.700127
vt 0.659536 1.077815
vt 0.746663 1.019737
vt 0.497445 0.634147
vt 0.827882 0.954247
vt -0.619897 0.510564
vt -0.613277 0.521284
vt -0.624578 0.505517
vt -0.971033 0.802161
vt -1.032184 0.716130
vt -0.902802 0.881628
vt -0.497445 0.634147
vt -0.827882 0.954247
vt -0.746663 1.019737
vt -0.402788 0.700127
vt -0.659536 1.077815
vt -0.566891 1.128198
vt -0.302280 0.749912
vt -0.469118 1.170603
vt -0.366607 1.204749
vt -0.197276 0.783418
vt -0.259749 1.230352
vt -0.089127 0.800566
vt -0.148935 1.247130
vt -0.034554 1.254801
vt 0.020813 0.801273
vt 0.083004 1.253081
vt 0.131192 0.785457
vt 0.161313 1.256366
vt 0.254431 1.258945
vt 0.240657 0.753038
vt 0.483695 1.149813
vt 0.347855 0.703932
vt 0.697730 1.034441
vt 0.439917 0.644117
vt 0.785833 0.954870
vt 0.520457 0.571894
vt 0.865483 0.870440
vt 0.936566 0.781655
vt 0.588702 0.488807
vt 0.998967 0.689021
vt 0.643877 0.396401
vt 1.052571 0.593041
vt 1.097264 0.494220
vt 0.685208 0.296220
vt 1.132932 0.393062
vt 0.711921 0.189808
vt 1.159460 0.290073
vt 1.176733 0.185755
vt 0.723243 0.078710
vt 1.184637 0.080614
vt 1.183057 -0.024845
vt 0.718399 -0.035530
vt 1.171879 -0.130120
vt 0.696782 -0.148056
vt 1.150988 -0.234704
vt 1.120270 -0.338094
vt 0.659038 -0.254413
vt 1.079610 -0.439784
vt 1.028894 -0.539272
vt 0.606353 -0.352995
vt 0.969846 -0.632899
vt 0.539910 -0.442194
vt 0.903335 -0.719584
vt 0.829997 -0.799097
vt 0.460894 -0.520405
vt 0.750471 -0.871206
vt 0.665393 -0.935682
vt 0.370488 -0.586021
vt 0.575402 -0.992295
vt 0.481136 -1.040813
vt 0.269878 -0.637434
vt 0.383230 -1.081007
vt 0.160247 -0.673039
vt 0.282324 -1.112646
vt 0.179055 -1.135500
vt 0.047515 -0.692981
vt 0.074060 -1.149339
vt -0.032024 -1.153932
vt -0.061141 -0.698042
vt -0.138557 -1.149048
vt -0.165334 -0.688209
vt -0.244904 -1.134458
vt -0.350427 -1.109931
vt -0.264678 -0.663470
vt -0.454487 -1.075237
vt -0.358787 -0.623811
vt -0.556318 -1.030521
vt -0.652109 -0.977709
vt -0.447275 -0.569221
vt -0.741573 -0.917335
vt -0.529756 -0.499686
vt -0.824422 -0.849935
vt -0.900369 -0.776044
vt -0.605843 -0.415194
vt -0.969127 -0.696199
vt -1.030410 -0.610933
vt -0.680183 -0.306370
vt -1.083930 -0.520783
vt -1.129400 -0.426283
vt -0.732934 -0.195603
vt -1.166533 -0.327971
vt -1.195043 -0.226379
vt -0.764607 -0.082971
vt -1.214641 -0.122045
vt -0.775709 0.031452
vt -1.225042 -0.015504
vt -1.225958 0.092710
vt -0.766749 0.147589
vt -1.217102 0.202061
vt -1.198187 0.312013
vt -0.738234 0.265362
vt -1.169257 0.421476
vt -1.131687 0.525505
vt -0.690674 0.384697
vt -1.085865 0.623817
vt 0.446554 0.000000
vt 0.446554 0.010000
vt 0.373165 0.000000
vt 0.373165 0.010000
vt 0.731350 0.000000
vt 0.731350 0.010000
vt 0.745150 0.000000
vt 0.745150 0.010000
vt 0.451416 0.000000
vt 0.451416 0.010000
vt 0.371509 0.000000
vt 0.371509 0.010000
vt 0.724157 0.000000
vt 0.724157 0.010000
vt -0.737504 0.000000
vt -0.645316 0.000000
vt -0.737504 0.010000
vt -0.645316 0.010000
vt -0.553128 0.000000
vt -0.553128 0.010000
vt -0.460940 0.000000
vt -0.460940 0.010000
vt -0.368752 0.000000
vt -0.368752 0.010000
vt -0.276564 0.000000
vt -0.276564 0.010000
vt -0.184376 0.000000
vt -0.184376 0.010000
vt -0.092188 0.000000
vt -0.092188 0.010000
vt -0.938658 0.000000
vt -0.821326 0.000000
vt -0.938658 0.010000
vt -0.821326 0.010000
vt -0.703994 0.000000
vt -0.703994 0.010000
vt -0.586661 0.000000
vt -0.586661 0.010000
vt -0.469329 0.000000
vt -0.469329 0.010000
vt -0.351997 0.000000
vt -0.351997 0.010000
vt -0.234665 0.000000
vt -0.234665 0.010000
vt -0.117332 0.000000
vt -0.117332 0.010000
vt 0.207815 0.000000
vt 0.207815 0.010000
vt 0.423460 0.000000
vt 0.423460 0.010000
vt -1.330266 0.000000
vt -1.163982 0.000000
vt -1.330266 0.010000
vt -1.163982 0.010000
vt -0.997699 0.000000
vt -0.997699 0.010000
vt -0.831416 0.000000
vt -0.831416 0.010000
vt -0.665133 0.000000
vt -0.665133 0.010000
vt -0.498850 0.000000
vt -0.498850 0.010000
vt -0.332566 0.000000
vt -0.332566 0.010000
vt -0.166283 0.000000
vt -0.166283 0.010000
vt -0.083142 0.000000
vt -0.083142 0.010000
vt -1.412099 0.000000
vt -1.323842 0.000000
vt -1.412099 0.010000
vt -1.323842 0.010000
vt -1.235586 0.000000
vt -1.235586 0.010000
vt -1.147330 0.000000
vt -1.147330 0.010000
vt -1.059074 0.000000
vt -1.059074 0.010000
vt -0.970818 0.000000
vt -0.970818 0.010000
vt -0.882562 0.000000
vt -0.882562 0.010000
vt -0.794305 0.000000
vt -0.794305 0.010000
vt -0.706049 0.000000
vt -0.706049 0.010000
vt -0.617793 0.000000
vt -0.617793 0.010000
vt -0.529537 0.000000
vt -0.529537 0.010000
vt -0.441281 0.000000
vt -0.441281 0.010000
vt -0.353025 0.000000
vt -0.353025 0.010000
vt -0.264768 0.000000
vt -0.264768 0.010000
vt -0.176512 0.000000
vt -0.176512 0.010000
vt -0.088256 0.000000
vt -0.088256 0.010000
vt 0.588147 0.000000
vt 0.588147 0.010000
vt 0.882220 0.000000
vt 0.882220 0.010000
vt 1.176294 0.000000
vt 1.176294 0.010000
vt -1.002412 -0.951837
vt -0.813690 -1.356553
vt -0.677786 -0.800462
vt -0.285391 -1.110182
vt -0.339584 -0.642756
vt -0.015458 -0.984261
vt 0.060666 -0.432953
vt 0.264319 -0.853703
vt 0.160140 -0.384594
vt 0.353770 -0.803010
vt 0.245841 -0.328262
vt 0.437370 -0.748412
vt 0.318357 -0.264284
vt 0.515058 -0.690054
vt 0.586774 -0.628080
vt 0.378278 -0.192988
vt 0.652457 -0.562636
vt 0.426194 -0.114702
vt 0.712046 -0.493866
vt 0.765480 -0.421917
vt 0.462694 -0.029753
vt 0.812698 -0.346931
vt 0.853640 -0.269056
vt 0.488368 0.061531
vt 0.888244 -0.188435
vt 0.916450 -0.105213
vt 0.938197 -0.019536
vt 0.503806 0.158822
vt 0.953424 0.068451
vt 0.962071 0.158604
vt 0.507802 0.294088
vt 0.964076 0.250778
vt 0.959379 0.344827
vt 0.932193 0.519868
vt 0.490992 0.418228
vt 0.881995 0.684409
vt 0.454579 0.531765
vt 0.810003 0.836761
vt 0.717433 0.975235
vt 0.399766 0.635224
vt 0.605502 1.098140
vt 0.327758 0.729126
vt 0.475425 1.203788
vt 0.239759 0.813996
vt 0.328419 1.290489
vt 0.136971 0.890356
vt 0.094491 1.161319
vt 0.020598 0.958730
vt 0.248948 1.326206
vt 0.165702 1.356553
vt -0.096341 -0.096251
vt -0.654498 0.032579
vt -0.245376 0.223356
vt 0.015458 -0.984261
vt -0.060666 -0.432953
vt -0.264319 -0.853703
vt -0.160140 -0.384594
vt -0.353770 -0.803010
vt -0.245841 -0.328262
vt -0.437370 -0.748412
vt -0.318357 -0.264284
vt -0.515058 -0.690054
vt -0.586774 -0.628080
vt -0.378278 -0.192988
vt -0.652457 -0.562636
vt -0.426194 -0.114702
vt -0.712046 -0.493866
vt -0.765480 -0.421917
vt -0.462694 -0.029753
vt -0.812698 -0.346931
vt -0.853640 -0.269056
vt -0.488368 0.061531
vt -0.888244 -0.188435
vt -0.916450 -0.105213
vt -0.938197 -0.019536
vt -0.503806 0.158822
vt -0.953424 0.068451
vt -0.962071 0.158604
vt -0.507802 0.294088
vt -0.964076 0.250778
vt -0.959379 0.344827
vt -0.932193 0.519868
vt -0.490992 0.418228
vt -0.881995 0.684409
vt -0.454579 0.531765
vt -0.810003 0.836761
vt -0.717433 0.975235
vt -0.399766 0.635224
vt -0.605502 1.098140
vt -0.327758 0.729126
vt -0.475425 1.203788
vt -0.239759 0.813996
vt -0.328419 1.290489
vt -0.136971 0.890356
vt -0.094491 1.161319
vt -0.020598 0.958730
vt 0.339584 -0.642756
vt 0.285391 -1.110182
vt 0.677786 -0.800462
vt 0.813690 -1.356553
vt 1.002412 -0.951837
vt 0.096341 -0.096251
vt 0.654498 0.032579
vt 0.245376 0.223356
vt -0.165702 1.356553
vt -0.248948 1.326206
vt 0.044565 0.000000
vt 0.044565 0.010000
vt 0.077505 0.000000
vt 0.077505 0.010000
vt -0.231894 0.000000
vt -0.115947 0.000000
vt -0.231894 0.010000
vt -0.115947 0.010000
vt -2.276402 0.000000
vt -2.134126 0.000000
vt -2.276402 0.010000
vt -2.134126 0.010000
vt -1.991851 0.000000
vt -1.991851 0.010000
vt -1.849576 0.000000
vt -1.849576 0.010000
vt -1.707301 0.000000
vt -1.707301 0.010000
vt -1.565026 0.000000
vt -1.565026 0.010000
vt -1.422751 0.000000
vt -1.422751 0.010000
vt -1.280476 0.000000
vt -1.280476 0.010000
vt -1.138201 0.000000
vt -1.138201 0.010000
vt -0.995926 0.000000
vt -0.995926 0.010000
vt -0.853651 0.000000
vt -0.853651 0.010000
vt -0.711375 0.000000
vt -0.711375 0.010000
vt -0.569100 0.000000
vt -0.569100 0.010000
vt -0.426825 0.000000
vt -0.426825 0.010000
vt -0.284550 0.000000
vt -0.284550 0.010000
vt -0.142275 0.000000
vt -0.142275 0.010000
vt 0.083424 0.000000
vt 0.083424 0.010000
vt 0.176428 0.000000
vt 0.176428 0.010000
vt 0.378125 0.000000
vt 0.378125 0.010000
vt -0.582036 0.000000
vt -0.436527 0.000000
vt -0.582036 0.010000
vt -0.436527 0.010000
vt -0.291018 0.000000
vt -0.291018 0.010000
vt -1.124678 0.000000
vt -1.054386 0.000000
vt -1.124678 0.010000
vt -1.054386 0.010000
vt -0.984093 0.000000
vt -0.984093 0.010000
vt -0.913801 0.000000
vt -0.913801 0.010000
vt -0.843509 0.000000
vt -0.843509 0.010000
vt -0.773216 0.000000
vt -0.773216 0.010000
vt -0.702924 0.000000
vt -0.702924 0.010000
vt -0.632631 0.000000
vt -0.632631 0.010000
vt -0.562339 0.000000
vt -0.562339 0.010000
vt -0.492047 0.000000
vt -0.492047 0.010000
vt -0.421754 0.000000
vt -0.421754 0.010000
vt -0.351462 0.000000
vt -0.351462 0.010000
vt -0.281170 0.000000
vt -0.281170 0.010000
vt -0.210877 0.000000
vt -0.210877 0.010000
vt -0.140585 0.000000
vt -0.140585 0.010000
vt -0.070292 0.000000
vt -0.070292 0.010000
vt -0.604163 0.000000
vt -0.604163 0.010000
vt -0.623330 0.000000
vt -0.467498 0.000000
vt -0.623330 0.010000
vt -0.467498 0.010000
vt -0.311665 0.000000
vt -0.311665 0.010000
vt -0.432196 0.000000
vt -0.216098 0.000000
vt -0.432196 0.010000
vt -0.216098 0.010000
vt -0.082725 0.000000
vt -0.062044 0.000000
vt -0.082725 0.010000
vt -0.062044 0.010000
vt -0.041362 0.000000
vt -0.041362 0.010000
vt -0.031022 0.000000
vt -0.031022 0.010000
vt -0.020681 0.000000
vt -0.020681 0.010000
vt -0.010341 0.000000
vt -0.010341 0.010000
vt -0.920646 0.000000
vt -0.460323 0.000000
vt -0.920646 0.010000
vt -0.460323 0.010000
vt -0.230162 0.000000
vt -0.230162 0.010000
vt -0.379987 0.000000
vt -0.189993 0.000000
vt -0.379987 0.010000
vt -0.189993 0.010000
vt 0.419177 -0.661230
vt -0.011767 -0.335882
vt 0.259938 -0.765014
vt 0.066745 -0.798501
vt 0.230084 -0.778934
vt 0.189694 -0.797769
vt 0.583031 -0.567213
vt 0.133946 -0.305014
vt 0.061203 -0.324092
vt 0.205969 -0.278500
vt 0.996143 -0.381851
vt 0.754371 -0.025370
vt 1.211507 -0.291814
vt 1.030214 0.103148
vt 1.435844 -0.201570
vt 1.417533 0.045361
vt 1.513683 -0.157000
vt 1.468387 -0.194765
vt 1.510105 -0.166357
vt 1.505277 -0.174202
vt 1.498945 -0.180750
vt 1.490855 -0.186216
vt 1.325989 0.241130
vt 1.174350 0.170396
vt -0.045587 -0.797535
vt -0.084473 -0.340532
vt -0.202451 -0.791537
vt -0.156422 -0.338190
vt -0.352756 -0.766496
vt -0.495487 -0.723778
vt -0.227122 -0.329006
vt -0.629628 -0.664749
vt -0.296081 -0.313126
vt -0.754163 -0.590774
vt -0.362807 -0.290700
vt -0.868077 -0.503220
vt -0.426808 -0.261875
vt -0.487591 -0.226800
vt -0.970354 -0.403451
vt -0.544665 -0.185622
vt -1.059977 -0.292834
vt -0.597537 -0.138491
vt -0.645716 -0.085553
vt -1.135931 -0.172735
vt -0.688709 -0.026959
vt -1.197201 -0.044518
vt -0.726023 0.037145
vt -0.757168 0.106610
vt -1.242770 0.090449
vt -0.795054 0.239562
vt -1.271623 0.230802
vt -0.816190 0.380755
vt -1.282743 0.375175
vt -1.275116 0.522202
vt -0.848001 0.679507
vt -0.925563 0.710229
vt -1.247724 0.670517
vt -1.012031 0.744478
vt -1.199553 0.818754
vt -0.419177 -0.661230
vt -0.133946 -0.305014
vt -0.583031 -0.567213
vt -0.205969 -0.278500
vt -0.996143 -0.381851
vt -0.754371 -0.025370
vt -1.211507 -0.291814
vt -1.030214 0.103148
vt -1.435844 -0.201570
vt -1.417533 0.045361
vt -1.513683 -0.157000
vt -0.259938 -0.765014
vt 0.011767 -0.335882
vt -0.061203 -0.324092
vt -0.066745 -0.798501
vt -0.230084 -0.778934
vt -0.189694 -0.797769
vt 0.045587 -0.797535
vt 0.084473 -0.340532
vt 0.202451 -0.791537
vt 0.156422 -0.338190
vt 0.352756 -0.766496
vt 0.495487 -0.723778
vt 0.227122 -0.329006
vt 0.629628 -0.664749
vt 0.296081 -0.313126
vt 0.754163 -0.590774
vt 0.362807 -0.290700
vt 0.868077 -0.503220
vt 0.426808 -0.261875
vt 0.487591 -0.226800
vt 0.970354 -0.403451
vt 0.544665 -0.185622
vt 1.059977 -0.292834
vt 0.597537 -0.138491
vt 0.645716 -0.085553
vt 1.135931 -0.172735
vt 0.688709 -0.026959
vt 1.197201 -0.044518
vt 0.726023 0.037145
vt 0.757168 0.106610
vt 1.242770 0.090449
vt 0.795054 0.239562
vt 1.271623 0.230802
vt 0.816190 0.380755
vt 1.282743 0.375175
vt 1.275116 0.522202
vt 1.247724 0.670517
vt 0.925563 0.710229
vt 0.848001 0.679507
vt 1.199553 0.818754
vt 1.012031 0.744478
vt -1.174350 0.170396
vt -1.325989 0.241130
vt -1.468387 -0.194765
vt -1.510105 -0.166357
vt -1.505277 -0.174202
vt -1.498945 -0.180750
vt -1.490855 -0.186216
vt -1.431646 0.000000
vt -1.428884 0.000000
vt -1.431646 0.010000
vt -1.428884 0.010000
vt -0.025712 0.000000
vt -0.025712 0.010000
vt 0.112896 0.000000
vt 0.185408 0.000000
vt 0.112896 0.010000
vt 0.185408 0.010000
vt -0.160993 0.000000
vt -0.140126 0.000000
vt -0.160993 0.010000
vt -0.140126 0.010000
vt -0.119258 0.000000
vt -0.119258 0.010000
vt -0.077523 0.000000
vt -0.077523 0.010000
vt -0.620064 0.000000
vt -0.465048 0.000000
vt -0.620064 0.010000
vt -0.465048 0.010000
vt -0.387540 0.000000
vt -0.387540 0.010000
vt -0.310032 0.000000
vt -0.310032 0.010000
vt -0.232524 0.000000
vt -0.232524 0.010000
vt -0.193770 0.000000
vt -0.193770 0.010000
vt -0.155016 0.000000
vt -0.155016 0.010000
vt -0.116262 0.000000
vt -0.116262 0.010000
vt -0.077508 0.000000
vt -0.077508 0.010000
vt -0.038754 0.000000
vt -0.038754 0.010000
vt -1.594339 0.000000
vt -1.494693 0.000000
vt -1.594339 0.010000
vt -1.494693 0.010000
vt -1.395047 0.000000
vt -1.395047 0.010000
vt -1.295401 0.000000
vt -1.295401 0.010000
vt -1.195755 0.000000
vt -1.195755 0.010000
vt -1.096108 0.000000
vt -1.096108 0.010000
vt -0.996462 0.000000
vt -0.996462 0.010000
vt -0.896816 0.000000
vt -0.896816 0.010000
vt -0.797170 0.000000
vt -0.797170 0.010000
vt -0.697523 0.000000
vt -0.697523 0.010000
vt -0.597877 0.000000
vt -0.597877 0.010000
vt -0.498231 0.000000
vt -0.498231 0.010000
vt -0.398585 0.000000
vt -0.398585 0.010000
vt -0.298939 0.000000
vt -0.298939 0.010000
vt -0.199292 0.000000
vt -0.199292 0.010000
vt -0.099646 0.000000
vt -0.099646 0.010000
vt -1.621645 0.000000
vt -1.520292 0.000000
vt -1.621645 0.010000
vt -1.520292 0.010000
vt -1.418939 0.000000
vt -1.418939 0.010000
vt -1.317586 0.000000
vt -1.317586 0.010000
vt -1.216234 0.000000
vt -1.216234 0.010000
vt -1.114881 0.000000
vt -1.114881 0.010000
vt -1.013528 0.000000
vt -1.013528 0.010000
vt -0.912175 0.000000
vt -0.912175 0.010000
vt -0.810822 0.000000
vt -0.810822 0.010000
vt -0.709470 0.000000
vt -0.709470 0.010000
vt -0.608117 0.000000
vt -0.608117 0.010000
vt -0.506764 0.000000
vt -0.506764 0.010000
vt -0.405411 0.000000
vt -0.405411 0.010000
vt -0.304058 0.000000
vt -0.304058 0.010000
vt -0.202706 0.000000
vt -0.202706 0.010000
vt -0.101353 0.000000
vt -0.101353 0.010000
vt -0.608962 0.000000
vt -0.570902 0.000000
vt -0.608962 0.010000
vt -0.570902 0.010000
vt -0.532842 0.000000
vt -0.532842 0.010000
vt -0.494782 0.000000
vt -0.494782 0.010000
vt -0.456722 0.000000
vt -0.456722 0.010000
vt -0.380601 0.000000
vt -0.380601 0.010000
vt -0.304481 0.000000
vt -0.304481 0.010000
vt -0.228361 0.000000
vt -0.228361 0.010000
vt -0.152241 0.000000
vt -0.152241 0.010000
vt 0.069586 0.000000
vt 0.069586 0.010000
vt 0.139172 0.000000
vt 0.139172 0.010000
vt 0.208757 0.000000
vt 0.208757 0.010000
vt 0.278343 0.000000
vt 0.278343 0.010000
vt 0.347929 0.000000
vt 0.347929 0.010000
vt 0.417515 0.000000
vt 0.417515 0.010000
vt 0.487101 0.000000
vt 0.487101 0.010000
vt 0.556687 0.000000
vt 0.556687 0.010000
vt 0.626272 0.000000
vt 0.626272 0.010000
vt 0.695858 0.000000
vt 0.695858 0.010000
vt 0.765444 0.000000
vt 0.765444 0.010000
vt 0.835030 0.000000
vt 0.835030 0.010000
vt 0.904616 0.000000
vt 0.904616 0.010000
vt 0.974201 0.000000
vt 0.974201 0.010000
vt 1.043787 0.000000
vt 1.043787 0.010000
vt 1.113373 0.000000
vt 1.113373 0.010000
vt 0.258198 0.000000
vt 0.275239 0.000000
vt 0.258198 0.010000
vt 0.275239 0.010000
vt 0.136429 0.360031
vt 0.143174 0.344382
vt 0.135916 0.362745
vt 0.472104 0.724711
vt 0.418457 0.808146
vt 0.155490 0.260450
vt 0.556941 0.545218
vt 0.518331 0.636882
vt 0.161756 0.177951
vt 0.610512 0.352611
vt 0.587735 0.450275
vt 0.162055 0.097333
vt 0.631223 0.151350
vt 0.625075 0.252784
vt 0.156470 0.019043
vt 0.617483 -0.054106
vt 0.628759 0.048868
vt 0.145085 -0.056469
vt 0.567697 -0.259299
vt 0.597195 -0.157014
vt 0.127981 -0.128755
vt 0.482193 -0.456514
vt 0.528767 -0.360739
vt 0.428372 -0.546366
vt 0.105244 -0.197369
vt 0.367702 -0.630037
vt 0.076955 -0.261861
vt 0.300581 -0.707268
vt 0.043198 -0.321784
vt 0.227404 -0.777802
vt 0.004055 -0.376690
vt 0.148571 -0.841382
vt -0.040388 -0.426130
vt 0.064478 -0.897748
vt -0.090051 -0.469656
vt -0.024478 -0.946642
vt -0.144849 -0.506821
vt -0.117899 -0.987808
vt -0.204699 -0.537176
vt -0.215387 -1.020986
vt -0.269519 -0.560274
vt -0.339224 -0.575666
vt -0.316546 -1.045919
vt -0.396835 -0.587055
vt -0.420977 -1.062349
vt -0.447881 -0.601813
vt -0.492856 -0.619755
vt -0.532254 -0.640694
vt -0.528284 -1.070017
vt -0.596296 -0.690820
vt -0.643962 -0.750703
vt -0.679205 -0.818854
vt -0.638069 -1.068666
vt -0.705979 -0.893786
vt -0.749935 -1.058038
vt 0.357592 0.886632
vt 0.100127 0.454277
vt 0.125802 0.386381
vt 0.081273 0.494813
vt 0.289706 0.959609
vt 0.069913 0.511529
vt 0.214999 1.026521
vt 0.056452 0.525377
vt 0.014836 0.563781
vt 0.133669 1.086811
vt -0.027570 0.985262
vt 0.045917 1.139920
vt -0.018404 0.602132
vt -0.057770 0.908417
vt -0.043895 0.640442
vt -0.062260 0.678722
vt -0.076948 0.831773
vt -0.074123 0.716984
vt -0.080110 0.755239
vt -0.136429 0.360031
vt -0.135916 0.362745
vt -0.143174 0.344382
vt -0.472104 0.724711
vt -0.518331 0.636882
vt -0.418457 0.808146
vt -0.125802 0.386381
vt -0.100127 0.454277
vt -0.357592 0.886632
vt -0.081273 0.494813
vt -0.289706 0.959609
vt -0.069913 0.511529
vt -0.214999 1.026521
vt -0.056452 0.525377
vt -0.014836 0.563781
vt 0.018404 0.602132
vt 0.027570 0.985262
vt -0.133669 1.086811
vt 0.057770 0.908417
vt 0.043895 0.640442
vt 0.062260 0.678722
vt 0.076948 0.831773
vt 0.074123 0.716984
vt 0.080110 0.755239
vt -0.045917 1.139920
vt -0.556941 0.545218
vt -0.155490 0.260450
vt -0.587735 0.450275
vt -0.610512 0.352611
vt -0.161756 0.177951
vt -0.625075 0.252784
vt -0.631223 0.151350
vt -0.162055 0.097333
vt -0.628759 0.048868
vt -0.617483 -0.054106
vt -0.156470 0.019043
vt -0.597195 -0.157014
vt -0.567697 -0.259299
vt -0.145085 -0.056469
vt -0.528767 -0.360739
vt -0.482193 -0.456514
vt -0.127981 -0.128755
vt -0.428372 -0.546366
vt -0.105244 -0.197369
vt -0.367702 -0.630037
vt -0.076955 -0.261861
vt -0.300581 -0.707268
vt -0.043198 -0.321784
vt -0.227404 -0.777802
vt -0.004055 -0.376690
vt -0.148571 -0.841382
vt 0.040388 -0.426130
vt -0.064478 -0.897748
vt 0.090051 -0.469656
vt 0.024478 -0.946642
vt 0.144849 -0.506821
vt 0.117899 -0.987808
vt 0.204699 -0.537176
vt 0.215387 -1.020986
vt 0.269519 -0.560274
vt 0.339224 -0.575666
vt 0.316546 -1.045919
vt 0.396835 -0.587055
vt 0.420977 -1.062349
vt 0.447881 -0.601813
vt 0.492856 -0.619755
vt 0.532254 -0.640694
vt 0.528284 -1.070017
vt 0.596296 -0.690820
vt 0.643962 -0.750703
vt 0.679205 -0.818854
vt 0.638069 -1.068666
vt 0.705979 -0.893786
vt 0.749935 -1.058038
vt -7.711034 -2.955788
vt -7.711034 3.044212
vt -13.711034 -2.955788
vt -15.211034 -1.455788
vt -15.159922 -1.844016
vt -15.211034 3.044212
vt -15.010072 -2.205788
vt -14.771694 -2.516448
vt -14.461034 -2.754826
vt -14.099262 -2.904676
vt 31.757242 -14.713178
vt 24.952120 -11.560354
vt 29.843126 -18.286274
vt 23.239752 -14.702516
vt 27.528727 -21.614098
vt 21.133869 -17.595724
vt 21.723223 -23.275997
vt 18.670135 -20.190989
vt 15.890264 -22.444365
vt 12.841326 -24.317696
vt 18.518532 -29.699562
vt 21.828199 -27.359270
vt 24.845085 -24.652014
vt 14.960477 -31.641495
vt 9.574950 -25.779263
vt 11.201757 -33.159019
vt 6.146444 -26.804314
vt 7.292790 -34.231789
vt 3.286004 -34.845406
vt 2.613861 -27.375496
vt -0.764856 -34.991642
vt -0.962981 -27.483133
vt -4.805458 -34.668537
vt -4.523518 -27.125408
vt -8.781604 -33.880428
vt -8.007459 -26.308374
vt -12.639963 -32.637882
vt -11.355811 -25.045870
vt -16.328783 -30.957565
vt -14.511879 -23.359266
vt -18.412855 -23.331270
vt -17.422220 -21.277128
vt -20.037556 -18.834711
vt -22.313601 -16.073368
vt -25.898540 -23.542847
vt -23.002831 -26.379343
vt -19.798586 -28.862017
vt -28.446875 -20.390570
vt -2.955788 -7.709397
vt -2.955788 -13.709690
vt 3.044212 -7.709397
vt -1.455788 -15.209748
vt 3.044212 -15.209748
vt -2.926967 -14.002332
vt -2.841611 -14.283729
vt -2.703000 -14.543067
vt -2.516457 -14.770383
vt -2.289155 -14.956935
vt -2.029821 -15.095560
vt -1.748429 -15.180924
vt 0.000000 -69.227013
vt 6.000000 -69.227013
vt 0.000000 -65.646027
vt 6.000000 -65.646027
vt 0.000000 -62.065033
vt 6.000000 -62.065033
vt 0.000000 -58.484043
vt 6.000000 -58.484043
vt 0.000000 -54.903049
vt 6.000000 -54.903049
vt 0.000000 -51.322060
vt 6.000000 -51.322060
vt 0.000000 -47.741070
vt 6.000000 -47.741070
vt 0.000000 -44.160076
vt 6.000000 -44.160076
vt 0.000000 -40.579086
vt 6.000000 -40.579086
vt -0.000000 -36.998096
vt 6.000000 -36.998096
vt -0.000000 -33.417103
vt 6.000000 -33.417103
vt 0.000000 -29.836111
vt 6.000000 -29.836111
vt -0.000000 -26.255121
vt 6.000000 -26.255121
vt -0.000000 -22.674129
vt 6.000000 -22.674129
vt -0.000000 -19.093140
vt 6.000000 -19.093140
vt -0.000000 -15.512147
vt 6.000000 -15.512147
vt -0.000000 -11.931156
vt 6.000000 -11.931156
vt 22.313601 -16.073368
vt 20.037556 -18.834711
vt 27.220230 -19.527136
vt 24.626226 -22.711208
vt 21.662094 -25.553936
vt 17.422220 -21.277128
vt 18.372387 -28.012594
vt 14.511879 -23.359266
vt 14.806546 -30.050228
vt 11.355811 -25.045870
vt 11.018166 -31.636213
vt 8.007459 -26.308374
vt 7.064185 -32.746716
vt 4.523518 -27.125408
vt 3.004031 -33.365040
vt 0.962981 -27.483133
vt -1.101273 -33.481895
vt -2.613861 -27.375496
vt -5.190025 -33.095524
vt -6.146444 -26.804314
vt -9.200773 -32.211735
vt -9.574950 -25.779263
vt -13.073234 -30.843809
vt -12.841326 -24.317696
vt -16.749208 -29.012308
vt -15.890264 -22.444365
vt -20.173445 -26.744759
vt -18.872929 -22.470308
vt -23.294477 -24.075241
vt -18.670135 -20.190989
vt -21.133869 -17.595724
vt -26.065401 -21.043879
vt -23.239752 -14.702516
vt -28.444567 -17.696232
vt -30.396217 -14.082613
vt -24.952120 -11.560354
vt -0.000000 -21.493582
vt -0.294530 -21.493826
vt -0.000000 -25.498438
vt -0.392699 -25.498438
vt -0.000000 -29.503296
vt -0.392699 -29.503296
vt -0.000000 -33.508156
vt -0.392699 -33.508156
vt -0.000000 -37.513012
vt -0.392699 -37.513012
vt -0.000000 -41.517868
vt -0.392699 -41.517868
vt -0.000000 -45.522728
vt -0.392699 -45.522728
vt -0.000000 -49.527584
vt -0.392699 -49.527584
vt -0.000000 -53.532444
vt -0.392699 -53.532444
vt -0.000000 -57.537300
vt -0.392699 -57.537300
vt -0.000000 -61.542156
vt -0.392699 -61.542156
vt -0.000000 -65.547012
vt -0.392699 -65.547012
vt -0.000000 -69.551872
vt -0.392699 -69.551872
vt -0.000000 -73.556732
vt -0.392699 -73.556732
vt -0.000000 -77.561592
vt -0.392699 -77.561592
vt -0.000000 -81.566444
vt -0.392699 -81.566444
vt -0.000000 -85.571304
vt -0.392699 -85.571304
vt -0.000000 -89.576164
vt -0.392699 -89.576164
vt -0.000000 -93.581017
vt -0.392699 -93.581017
vt -0.785398 -89.576164
vt -0.785398 -93.581017
vt -1.178097 -89.576164
vt -1.178097 -93.581017
vt -1.570796 -89.576164
vt -1.570796 -93.581017
vt -1.963495 -89.576164
vt -1.963495 -93.581017
vt -2.356194 -93.581017
vt -2.356194 -89.341362
vt -1.963495 -85.571304
vt -2.356194 -85.101707
vt -1.963495 -81.566444
vt -2.356194 -80.862045
vt -1.963495 -77.561592
vt -2.356194 -76.622391
vt -1.963495 -73.556732
vt -2.356194 -72.382736
vt -1.963495 -69.551872
vt -2.356194 -68.143074
vt -1.963495 -65.547012
vt -2.356194 -63.903419
vt -1.963495 -61.542156
vt -2.356194 -59.663761
vt -1.963495 -57.537300
vt -2.356194 -55.424103
vt -1.963495 -53.532444
vt -2.356194 -51.184448
vt -1.963495 -49.527584
vt -2.356194 -46.944790
vt -1.963495 -45.522728
vt -2.356194 -42.705132
vt -1.963495 -41.517868
vt -2.356194 -38.465473
vt -1.963495 -37.513012
vt -2.356194 -34.225819
vt -1.963495 -33.508156
vt -2.356194 -29.986160
vt -1.963495 -29.503296
vt -2.356194 -25.746504
vt -1.963495 -25.498438
vt -2.061676 -21.504166
vt -1.767155 -21.501631
vt -1.570796 -25.498438
vt -1.472636 -21.499332
vt -1.178097 -25.498438
vt -1.178110 -21.497347
vt -0.883587 -21.495735
vt -0.785398 -25.498438
vt -0.589058 -21.494551
vt -2.356194 -21.506845
vt -1.570796 -29.503296
vt -1.570796 -33.508156
vt -1.570796 -37.513012
vt -1.570796 -41.517868
vt -1.570796 -45.522728
vt -1.570796 -49.527584
vt -1.570796 -53.532444
vt -1.570796 -57.537300
vt -1.570796 -61.542156
vt -1.570796 -65.547012
vt -1.570796 -69.551872
vt -1.570796 -73.556732
vt -1.570796 -77.561592
vt -1.570796 -81.566444
vt -1.570796 -85.571304
vt -1.178097 -29.503296
vt -1.178097 -33.508156
vt -1.178097 -37.513012
vt -1.178097 -41.517868
vt -1.178097 -45.522728
vt -1.178097 -49.527584
vt -1.178097 -53.532444
vt -1.178097 -57.537300
vt -1.178097 -61.542156
vt -1.178097 -65.547012
vt -1.178097 -69.551872
vt -1.178097 -73.556732
vt -1.178097 -77.561592
vt -1.178097 -81.566444
vt -1.178097 -85.571304
vt -0.785398 -29.503296
vt -0.785398 -33.508156
vt -0.785398 -37.513012
vt -0.785398 -41.517868
vt -0.785398 -45.522728
vt -0.785398 -49.527584
vt -0.785398 -53.532444
vt -0.785398 -57.537300
vt -0.785398 -61.542156
vt -0.785398 -65.547012
vt -0.785398 -69.551872
vt -0.785398 -73.556732
vt -0.785398 -77.561592
vt -0.785398 -81.566444
vt -0.785398 -85.571304
vt 3.000000 -21.766809
vt -1.500000 -21.766809
vt 3.000000 -25.822578
vt -1.500000 -25.822578
vt 3.000000 -29.878345
vt -1.500000 -29.878345
vt 3.000000 -33.934113
vt -1.500000 -33.934113
vt 3.000000 -37.989883
vt -1.500000 -37.989883
vt 3.000000 -42.045650
vt -1.500000 -42.045650
vt 3.000000 -46.101418
vt -1.500000 -46.101418
vt 3.000000 -50.157185
vt -1.500000 -50.157185
vt 3.000000 -54.212955
vt -1.500000 -54.212955
vt 3.000000 -58.268723
vt -1.500000 -58.268723
vt 3.000000 -62.324490
vt -1.500000 -62.324490
vt 3.000000 -66.380257
vt -1.500000 -66.380257
vt 3.000000 -70.436028
vt -1.500000 -70.436028
vt 3.000000 -74.491798
vt -1.500000 -74.491798
vt 3.000000 -78.547562
vt -1.500000 -78.547562
vt 3.000000 -82.603333
vt -1.500000 -82.603333
vt 3.000000 -86.659096
vt -1.500000 -86.659096
vt 3.000000 -90.714867
vt -1.500000 -90.714867
vt 3.000000 -94.770638
vt -1.500000 -94.770638
vt 11.000000 5.500000
vt -0.000000 5.500000
vt 11.000000 0.000000
vt -5.500000 0.000000
vt 0.000000 -3.370345
vt -5.500000 -3.370345
vt 0.000000 -6.740689
vt -5.500000 -6.740689
vt -0.000000 -10.111034
vt -5.500000 -10.111034
vt -0.000000 -13.481379
vt -5.500000 -13.481379
vt 0.000000 -16.851723
vt -5.500000 -16.851723
vt 0.000000 -20.222069
vt -5.500000 -20.222069
vt 0.000000 -23.592413
vt -5.500000 -23.592413
vt -0.000000 -26.962757
vt -5.500000 -26.962757
vt 0.000000 -30.333101
vt -5.500000 -30.333101
vt -0.000000 -33.703445
vt -5.500000 -33.703445
vt -0.000000 -37.073792
vt -5.500000 -37.073792
vt -0.000000 -40.444138
vt -5.500000 -40.444138
vt -0.000000 -43.814480
vt -5.500000 -43.814480
vt -0.000000 -47.184826
vt -5.500000 -47.184826
vt -0.000000 -50.555168
vt -5.500000 -50.555168
vt -0.000000 -53.925514
vt -5.500000 -53.925514
vt -0.000000 -57.295860
vt -5.500000 -57.295860
vt 11.001091 5.500000
vt 11.001091 0.000000
vt 0.000000 -34.257504
vt 5.500000 -34.257504
vt 0.000000 -31.810537
vt 5.500000 -31.810537
vt 5.500000 -29.363573
vt 0.000000 -29.363573
vt 5.500000 -26.916609
vt 0.000000 -26.916609
vt 5.500000 -24.469645
vt -0.000000 -24.469645
vt 5.500000 -22.022680
vt 0.000000 -22.022680
vt 5.500000 -19.575716
vt 0.000000 -19.575716
vt 5.500000 -17.128752
vt -0.000000 -17.128752
vt 5.500000 -14.681787
vt -0.000000 -14.681787
vt 5.500000 -12.234822
vt -0.000000 -12.234822
vt 5.500000 -9.787858
vt -0.000000 -9.787858
vt 5.500000 -7.340893
vt -0.000000 -7.340893
vt 5.500000 -4.893929
vt -0.000000 -4.893929
vt 5.500000 -2.446964
vt -0.000000 -2.446964
vt 5.500000 0.000000
vt 23.632860 -5.657752
vt 22.032429 -2.694033
vt 13.652013 -10.281894
vt 12.462801 -8.145906
vt 20.081682 0.051801
vt 14.179716 0.043564
vt 17.809889 2.538557
vt 15.251123 4.728931
vt 12.443776 6.590062
vt 7.216750 -3.097676
vt 9.209460 -4.513930
vt 4.726572 0.030372
vt 9.429959 8.094032
vt 6.254887 9.218276
vt 2.966190 9.945931
vt 0.308782 -0.798621
vt 2.717020 -1.219405
vt -0.386797 10.266080
vt -2.135196 -0.738293
vt -3.753771 10.173921
vt -4.726572 0.017180
vt -7.084224 9.670835
vt -10.328193 8.764371
vt -13.437013 7.468125
vt -9.148184 -2.693715
vt -6.916157 -1.696356
vt -4.561262 -1.039744
vt -14.179716 0.003988
vt -16.364046 5.801546
vt -19.065382 3.789633
vt -21.500498 1.462568
vt -14.636920 -7.476962
vt -13.051409 -5.616095
vt -23.632860 -1.144737
vt -11.208343 -4.009927
vt 5.036651 -1.991405
vt 10.971034 -6.209078
vt -23.632860 1.144737
vt -21.500498 -1.462568
vt -14.636920 7.476962
vt -14.179716 -0.003988
vt -13.051409 5.616095
vt -11.208343 4.009927
vt -9.148184 2.693715
vt -13.437013 -7.468125
vt -10.328193 -8.764371
vt -19.065382 -3.789633
vt -16.364046 -5.801546
vt -7.084224 -9.670835
vt -4.726572 -0.017180
vt -6.916157 1.696356
vt -3.753771 -10.173921
vt -2.135196 0.738293
vt -4.561262 1.039744
vt -0.386797 -10.266080
vt 0.308782 0.798621
vt 2.966190 -9.945931
vt 4.726572 -0.030372
vt 6.254887 -9.218276
vt 9.429959 -8.094032
vt 12.443776 -6.590062
vt 7.216750 3.097676
vt 5.036651 1.991405
vt 14.179716 -0.043564
vt 15.251123 -4.728931
vt 17.809889 -2.538557
vt 20.081682 -0.051801
vt 12.462801 8.145906
vt 10.971034 6.209078
vt 22.032429 2.694033
vt 13.652013 10.281894
vt 23.632860 5.657752
vt 9.209460 4.513930
vt 2.717020 1.219405
vt 2.000000 0.436332
vt -2.000000 0.436332
vt 2.000000 -0.000000
vt -2.000000 -0.000000
vt 2.000000 -0.436332
vt -2.000000 -0.436332
vt 2.000000 -0.872665
vt -2.000000 -0.872665
vt 2.000000 -1.308997
vt -2.000000 -1.308997
vt 2.000000 -1.745329
vt -2.000000 -1.745329
vt 2.000000 -2.181662
vt -2.000000 -2.181662
vt 2.000000 -2.617994
vt -2.000000 -2.617994
vt 2.000000 -3.054326
vt -2.000000 -3.054326
vt 2.000000 -3.490659
vt -2.000000 -3.490659
vt 2.000000 -3.926991
vt -2.000000 -3.926991
vt 2.000000 -4.363323
vt -2.000000 -4.363323
vt 2.000000 -4.799655
vt -2.000000 -4.799655
vt 2.000000 -5.235988
vt -2.000000 -5.235988
vt 2.000000 -5.672320
vt -2.000000 -5.672320
vt 2.000000 -6.108652
vt -2.000000 -6.108652
vt 2.000000 -6.544985
vt -2.000000 -6.544985
vt 2.000000 -6.981317
vt -2.000000 -6.981317
vt 2.000000 -7.417649
vt -2.000000 -7.417649
vt 2.000000 -7.853982
vt -2.000000 -7.853982
vt 2.000000 7.853982
vt -2.000000 7.853982
vt 2.000000 7.417649
vt -2.000000 7.417649
vt 2.000000 6.981317
vt -2.000000 6.981317
vt 2.000000 6.544985
vt -2.000000 6.544985
vt 2.000000 6.108652
vt -2.000000 6.108652
vt 2.000000 5.672320
vt -2.000000 5.672320
vt 2.000000 5.235988
vt -2.000000 5.235988
vt 2.000000 4.799655
vt -2.000000 4.799655
vt 2.000000 4.363323
vt -2.000000 4.363323
vt 2.000000 3.926991
vt -2.000000 3.926991
vt 2.000000 3.490659
vt -2.000000 3.490659
vt 2.000000 3.054326
vt -2.000000 3.054326
vt 2.000000 2.617994
vt -2.000000 2.617994
vt 2.000000 2.181662
vt -2.000000 2.181662
vt 2.000000 1.745329
vt -2.000000 1.745329
vt 2.000000 1.308997
vt -2.000000 1.308997
vt 2.000000 0.872665
vt -2.000000 0.872665
vt -2.462019 -0.434120
vt 2.462019 -0.434120
vt -2.500000 -0.000000
vt 2.500000 0.000000
vt -2.462019 0.434120
vt 2.462019 0.434120
vt -2.349232 0.855050
vt 2.349232 0.855050
vt -2.165064 1.250000
vt 2.165064 1.250000
vt -1.915111 1.606969
vt 1.915111 1.606969
vt -1.606969 1.915111
vt 1.606969 1.915111
vt -1.250000 2.165064
vt 1.250000 2.165064
vt -0.855050 2.349232
vt 0.855050 2.349232
vt -0.434120 2.462019
vt 0.434120 2.462019
vt 0.000000 2.500000
vt 2.349232 -0.855050
vt -2.349232 -0.855050
vt 2.165064 -1.250000
vt -2.165064 -1.250000
vt 1.915111 -1.606969
vt -1.915111 -1.606969
vt 1.606969 -1.915111
vt -1.606969 -1.915111
vt 1.250000 -2.165064
vt -1.250000 -2.165064
vt 0.855050 -2.349232
vt -0.855050 -2.349232
vt 0.434120 -2.462019
vt -0.434120 -2.462019
vt -0.000000 -2.500000
vt 2.500000 -0.000000
vt -2.500000 0.000000
vt 2.000000 0.448799
vt -2.000000 -0.448799
vt 2.000000 -0.448799
vt -2.000000 -0.897598
vt 2.000000 -0.897598
vt -2.000000 -1.346397
vt 2.000000 -1.346397
vt -2.000000 -1.795196
vt 2.000000 -1.795196
vt -2.000000 -2.243995
vt 2.000000 -2.243995
vt -2.000000 -2.692794
vt 2.000000 -2.692794
vt -2.000000 -3.141593
vt 2.000000 -3.141593
vt -2.000000 -3.590392
vt 2.000000 -3.590392
vt -2.000000 -4.039191
vt 2.000000 -4.039191
vt -2.000000 -4.487990
vt 2.000000 -4.487990
vt -2.000000 -4.936788
vt 2.000000 -4.936788
vt -2.000000 -5.385587
vt 2.000000 -5.385587
vt -2.000000 -5.834386
vt 2.000000 -5.834386
vt -2.000000 -6.283185
vt 2.000000 -6.283185
vt -2.000000 -6.731984
vt 2.000000 -6.731984
vt -2.000000 -7.180783
vt 2.000000 -7.180783
vt -2.000000 -7.629582
vt 2.000000 -7.629582
vt 2.000000 8.078381
vt -2.000000 8.078381
vt -2.000000 7.629582
vt 2.000000 7.629582
vt -2.000000 7.180783
vt 2.000000 7.180783
vt -2.000000 6.731984
vt 2.000000 6.731984
vt -2.000000 6.283185
vt 2.000000 6.283185
vt -2.000000 5.834386
vt 2.000000 5.834386
vt -2.000000 5.385587
vt 2.000000 5.385587
vt -2.000000 4.936788
vt 2.000000 4.936788
vt -2.000000 4.487990
vt 2.000000 4.487990
vt -2.000000 4.039191
vt 2.000000 4.039191
vt -2.000000 3.590392
vt 2.000000 3.590392
vt -2.000000 3.141593
vt 2.000000 3.141593
vt -2.000000 2.692794
vt 2.000000 2.692794
vt -2.000000 2.243995
vt 2.000000 2.243995
vt -2.000000 1.795196
vt 2.000000 1.795196
vt -2.000000 1.346397
vt 2.000000 1.346397
vt -2.000000 0.897598
vt 2.000000 0.897598
vt -2.000000 0.448799
vt -2.459824 -0.446392
vt -2.459824 0.446392
vt -2.340587 0.878437
vt -2.340587 -0.878437
vt -2.146122 1.282248
vt -2.146122 -1.282248
vt -1.882679 1.644847
vt -1.558725 1.954579
vt -1.184672 2.201489
vt -0.772542 2.377641
vt -0.335583 2.477374
vt 0.112162 2.497483
vt 0.556302 2.437320
vt 0.982563 2.298819
vt 1.377242 2.086433
vt 1.727657 1.806987
vt -1.882679 -1.644847
vt 2.022542 1.469463
vt 2.252422 1.084709
vt 2.409907 0.665092
vt 2.489936 0.224098
vt 2.489936 -0.224098
vt 2.409907 -0.665092
vt 2.252422 -1.084709
vt 2.022542 -1.469463
vt 1.727657 -1.806987
vt -1.558725 -1.954579
vt 1.377242 -2.086433
vt -1.184672 -2.201489
vt 0.982563 -2.298819
vt -0.772542 -2.377641
vt 0.556302 -2.437320
vt -0.335583 -2.477374
vt 0.112162 -2.497483
vt 2.459824 0.446392
vt 2.459824 -0.446392
vt 2.340587 0.878437
vt 2.340587 -0.878437
vt 2.146122 1.282248
vt 2.146122 -1.282248
vt 1.882679 1.644847
vt 1.558725 1.954579
vt 1.184672 2.201489
vt 0.772542 2.377641
vt 0.335583 2.477374
vt -0.112162 2.497483
vt -0.556302 2.437320
vt -0.982563 2.298819
vt -1.377242 2.086433
vt -1.727657 1.806987
vt 1.882679 -1.644847
vt -2.022542 1.469463
vt -2.252422 1.084709
vt -2.409907 0.665092
vt -2.489936 0.224098
vt -2.489936 -0.224098
vt -2.409907 -0.665092
vt -2.252422 -1.084709
vt -2.022542 -1.469463
vt -1.727657 -1.806987
vt 1.558725 -1.954579
vt -1.377242 -2.086433
vt 1.184672 -2.201489
vt -0.982563 -2.298819
vt 0.772542 -2.377641
vt -0.556302 -2.437320
vt 0.335583 -2.477374
vt -0.112162 -2.497483
vt 3.000000 2.468394
vt -3.000000 2.468394
vt 3.000000 0.000000
vt -3.000000 0.000000
vt 3.000000 -2.468394
vt -3.000000 -2.468394
vt 3.000000 -4.936788
vt -3.000000 -4.936788
vt 3.000000 -7.405183
vt -3.000000 -7.405183
vt 3.000000 -9.873577
vt -3.000000 -9.873577
vt 3.000000 -12.341971
vt -3.000000 -12.341971
vt 3.000000 -14.810365
vt -3.000000 -14.810365
vt 3.000000 -17.278761
vt -3.000000 -17.278761
vt 3.000000 -19.747154
vt -3.000000 -19.747154
vt 3.000000 -22.215548
vt -3.000000 -22.215548
vt 3.000000 -24.683943
vt -3.000000 -24.683943
vt 3.000000 -27.152336
vt -3.000000 -27.152336
vt 3.000000 -29.620731
vt -3.000000 -29.620731
vt 3.000000 -32.089127
vt -3.000000 -32.089127
vt 3.000000 -34.557518
vt -3.000000 -34.557518
vt 3.000000 -37.025913
vt -3.000000 -37.025913
vt 3.000000 -39.494308
vt -3.000000 -39.494308
vt 3.000000 -41.962704
vt -3.000000 -41.962704
vt 3.000000 -44.431095
vt -3.000000 -44.431095
vt 3.000000 -46.899490
vt -3.000000 -46.899490
vt 3.000000 -49.367886
vt -3.000000 -49.367886
vt 3.000000 -51.836281
vt -3.000000 -51.836281
vt 3.000000 51.836281
vt -3.000000 51.836281
vt 3.000000 49.367886
vt -3.000000 49.367886
vt 3.000000 46.899490
vt -3.000000 46.899490
vt 3.000000 44.431095
vt -3.000000 44.431095
vt 3.000000 41.962704
vt -3.000000 41.962704
vt 3.000000 39.494308
vt -3.000000 39.494308
vt 3.000000 37.025913
vt -3.000000 37.025913
vt 3.000000 34.557518
vt -3.000000 34.557518
vt 3.000000 32.089127
vt -3.000000 32.089127
vt 3.000000 29.620731
vt -3.000000 29.620731
vt 3.000000 27.152336
vt -3.000000 27.152336
vt 3.000000 24.683943
vt -3.000000 24.683943
vt 3.000000 22.215548
vt -3.000000 22.215548
vt 3.000000 19.747154
vt -3.000000 19.747154
vt 3.000000 17.278761
vt -3.000000 17.278761
vt 3.000000 14.810365
vt -3.000000 14.810365
vt 3.000000 12.341971
vt -3.000000 12.341971
vt 3.000000 9.873577
vt -3.000000 9.873577
vt 3.000000 7.405183
vt -3.000000 7.405183
vt 3.000000 4.936788
vt -3.000000 4.936788
vt -16.315708 -2.459197
vt -5.500000 -5.484621
vt -16.500000 0.000000
vt -5.500000 5.484621
vt -16.315708 2.459197
vt -15.766951 4.863460
vt -14.865986 7.159082
vt -13.632940 9.294781
vt -12.095356 11.222850
vt -10.287582 12.900219
vt -8.250000 14.289419
vt -6.028127 15.359417
vt -3.671595 16.086311
vt -1.233047 16.453863
vt 5.500000 5.484621
vt 1.233047 16.453863
vt 3.671595 16.086311
vt 6.028127 15.359417
vt 8.250000 14.289419
vt 10.287582 12.900219
vt 12.095356 11.222850
vt 13.632940 9.294781
vt 14.865986 7.159082
vt 15.766951 4.863460
vt 16.315708 2.459197
vt 16.500000 -0.000000
vt 5.500000 -5.484621
vt 16.315708 -2.459197
vt 15.766951 -4.863460
vt 14.865986 -7.159082
vt 13.632940 -9.294781
vt 12.095356 -11.222850
vt 10.287582 -12.900219
vt 8.250000 -14.289419
vt 6.028127 -15.359417
vt 3.671595 -16.086311
vt 1.233047 -16.453863
vt -1.233047 -16.453863
vt -3.671595 -16.086311
vt -6.028127 -15.359417
vt -8.250000 -14.289419
vt -10.287582 -12.900219
vt -12.095356 -11.222850
vt -13.632940 -9.294781
vt -14.865986 -7.159082
vt -15.766951 -4.863460
s 1
usemtl Paint_-_Enamel_Glossy_(Black50).002
f 1/1/1 2/2/2 4/3/1
f 4/3/1 2/2/2 3/4/3
f 5/5/4 6/6/5 12/7/4
f 12/7/4 6/6/5 11/8/5
f 11/8/5 6/6/5 7/9/6
f 11/8/5 7/9/6 10/10/6
f 10/10/6 7/9/6 8/11/7
f 10/10/6 8/11/7 9/12/7
f 9/12/7 8/11/7 1/13/8
f 9/12/7 1/13/8 4/14/8
f 13/15/9 14/16/10 32/17/9
f 32/17/9 14/16/10 31/18/10
f 31/18/10 14/16/10 15/19/11
f 31/18/10 15/19/11 30/20/12
f 30/20/12 15/19/11 16/21/13
f 30/20/12 16/21/13 29/22/13
f 29/22/13 16/21/13 17/23/14
f 29/22/13 17/23/14 28/24/15
f 28/24/15 17/23/14 18/25/16
f 28/24/15 18/25/16 27/26/16
f 27/26/16 18/25/16 19/27/17
f 27/26/16 19/27/17 26/28/18
f 26/28/18 19/27/17 20/29/19
f 26/28/18 20/29/19 25/30/20
f 25/30/20 20/29/19 21/31/21
f 25/30/20 21/31/21 24/32/21
f 24/32/21 21/31/21 22/33/22
f 24/32/21 22/33/22 23/34/22
f 23/34/22 22/33/22 5/13/4
f 23/34/22 5/13/4 12/14/4
f 33/35/23 34/36/24 64/37/25
f 64/37/25 34/36/24 63/38/24
f 63/38/24 34/36/24 35/39/26
f 63/38/24 35/39/26 62/40/26
f 62/40/26 35/39/26 36/41/27
f 62/40/26 36/41/27 61/42/27
f 61/42/27 36/41/27 37/43/28
f 61/42/27 37/43/28 60/44/28
f 60/44/28 37/43/28 38/45/29
f 60/44/28 38/45/29 59/46/29
f 59/46/29 38/45/29 39/47/30
f 59/46/29 39/47/30 58/48/30
f 58/48/30 39/47/30 40/49/31
f 58/48/30 40/49/31 57/50/31
f 57/50/31 40/49/31 41/51/32
f 57/50/31 41/51/32 56/52/32
f 56/52/32 41/51/32 42/53/33
f 56/52/32 42/53/33 55/54/33
f 55/54/33 42/53/33 43/55/34
f 55/54/33 43/55/34 54/56/34
f 54/56/34 43/55/34 44/57/35
f 54/56/34 44/57/35 53/58/35
f 53/58/35 44/57/35 45/59/36
f 53/58/35 45/59/36 52/60/36
f 52/60/36 45/59/36 46/61/37
f 52/60/36 46/61/37 51/62/37
f 51/62/37 46/61/37 47/63/38
f 51/62/37 47/63/38 50/64/38
f 50/64/38 47/63/38 48/65/39
f 50/64/38 48/65/39 49/66/39
f 49/66/39 48/65/39 13/13/40
f 49/66/39 13/13/40 32/14/40
f 65/67/41 66/68/42 96/69/41
f 96/69/41 66/68/42 95/70/43
f 95/70/43 66/68/42 67/71/44
f 95/70/43 67/71/44 94/72/45
f 94/72/45 67/71/44 68/73/46
f 94/72/45 68/73/46 93/74/46
f 93/74/46 68/73/46 69/75/47
f 93/74/46 69/75/47 92/76/47
f 92/76/47 69/75/47 70/77/48
f 92/76/47 70/77/48 91/78/49
f 91/78/49 70/77/48 71/79/50
f 91/78/49 71/79/50 90/80/51
f 90/80/51 71/79/50 72/81/52
f 90/80/51 72/81/52 89/82/52
f 89/82/52 72/81/52 73/83/53
f 89/82/52 73/83/53 88/84/53
f 88/84/53 73/83/53 74/85/54
f 88/84/53 74/85/54 87/86/54
f 87/86/54 74/85/54 75/87/55
f 87/86/54 75/87/55 86/88/55
f 86/88/55 75/87/55 76/89/56
f 86/88/55 76/89/56 85/90/57
f 85/90/57 76/89/56 77/91/58
f 85/90/57 77/91/58 84/92/58
f 84/92/58 77/91/58 78/93/59
f 84/92/58 78/93/59 83/94/60
f 83/94/60 78/93/59 79/95/61
f 83/94/60 79/95/61 82/96/61
f 82/96/61 79/95/61 80/97/62
f 82/96/61 80/97/62 81/98/63
f 81/98/63 80/97/62 33/13/23
f 81/98/63 33/13/23 64/14/25
f 97/99/64 98/100/65 114/101/64
f 114/101/64 98/100/65 113/102/66
f 113/102/66 98/100/65 99/103/67
f 113/102/66 99/103/67 112/104/67
f 112/104/67 99/103/67 100/105/68
f 112/104/67 100/105/68 111/106/68
f 111/106/68 100/105/68 101/107/69
f 111/106/68 101/107/69 110/108/70
f 110/108/70 101/107/69 102/109/71
f 110/108/70 102/109/71 109/110/71
f 109/110/71 102/109/71 103/111/72
f 109/110/71 103/111/72 108/112/72
f 108/112/72 103/111/72 104/113/73
f 108/112/72 104/113/73 107/114/73
f 107/114/73 104/113/73 105/115/74
f 107/114/73 105/115/74 106/116/74
f 106/116/74 105/115/74 65/13/75
f 106/116/74 65/13/75 96/14/75
f 115/13/76 116/117/77 138/14/76
f 138/14/76 116/117/77 137/118/77
f 137/118/77 116/117/77 117/119/78
f 137/118/77 117/119/78 136/120/78
f 136/120/78 117/119/78 118/121/79
f 136/120/78 118/121/79 135/122/79
f 135/122/79 118/121/79 119/123/80
f 135/122/79 119/123/80 134/124/80
f 134/124/80 119/123/80 120/125/81
f 134/124/80 120/125/81 133/126/81
f 133/126/81 120/125/81 121/127/82
f 133/126/81 121/127/82 132/128/82
f 132/128/82 121/127/82 122/129/83
f 132/128/82 122/129/83 131/130/84
f 131/130/84 122/129/83 123/131/85
f 131/130/84 123/131/85 130/132/85
f 130/132/85 123/131/85 124/133/86
f 130/132/85 124/133/86 129/134/86
f 129/134/86 124/133/86 125/135/87
f 129/134/86 125/135/87 128/136/88
f 128/136/88 125/135/87 126/137/89
f 128/136/88 126/137/89 127/138/90
f 127/138/90 126/137/89 97/139/64
f 127/138/90 97/139/64 114/140/64
f 2/141/91 115/142/92 3/143/91
f 3/143/91 115/142/92 138/144/92
f 3/145/93 138/146/93 4/147/93
f 4/147/93 138/146/93 57/148/93
f 4/147/93 57/148/93 56/149/93
f 137/150/93 61/151/93 138/146/93
f 138/146/93 61/151/93 60/152/93
f 138/146/93 60/152/93 59/153/93
f 136/154/93 64/155/93 137/150/93
f 137/150/93 64/155/93 63/156/93
f 137/150/93 63/156/93 62/157/93
f 135/158/93 82/159/93 136/154/93
f 136/154/93 82/159/93 81/160/93
f 136/154/93 81/160/93 64/155/93
f 134/161/93 84/162/93 135/158/93
f 135/158/93 84/162/93 83/163/93
f 135/158/93 83/163/93 82/159/93
f 84/162/93 134/161/93 85/164/93
f 85/164/93 134/161/93 133/165/93
f 85/164/93 133/165/93 86/166/93
f 86/166/93 133/165/93 132/167/93
f 86/166/93 132/167/93 87/168/93
f 87/168/93 132/167/93 131/169/93
f 87/168/93 131/169/93 88/170/93
f 88/170/93 131/169/93 130/171/93
f 88/170/93 130/171/93 89/172/93
f 89/172/93 130/171/93 129/173/93
f 89/172/93 129/173/93 128/174/93
f 89/172/93 128/174/93 90/175/93
f 90/175/93 128/174/93 127/176/93
f 90/175/93 127/176/93 91/177/93
f 91/177/93 127/176/93 114/178/93
f 91/177/93 114/178/93 92/179/93
f 92/179/93 114/178/93 113/180/93
f 92/179/93 113/180/93 112/181/93
f 92/179/93 112/181/93 93/182/93
f 93/182/93 112/181/93 111/183/93
f 93/182/93 111/183/93 110/184/93
f 93/182/93 110/184/93 94/185/93
f 94/185/93 110/184/93 109/186/93
f 94/185/93 109/186/93 108/187/93
f 94/185/93 108/187/93 95/188/93
f 95/188/93 108/187/93 107/189/93
f 95/188/93 107/189/93 106/190/93
f 106/190/93 96/191/93 95/188/93
f 62/157/93 61/151/93 137/150/93
f 59/153/93 58/192/93 138/146/93
f 138/146/93 58/192/93 57/148/93
f 56/149/93 55/193/93 4/147/93
f 4/147/93 55/193/93 9/194/93
f 9/194/93 55/193/93 54/195/93
f 9/194/93 54/195/93 53/196/93
f 9/194/93 53/196/93 10/197/93
f 10/197/93 53/196/93 52/198/93
f 10/197/93 52/198/93 51/199/93
f 10/197/93 51/199/93 11/200/93
f 11/200/93 51/199/93 50/201/93
f 11/200/93 50/201/93 12/202/93
f 12/202/93 50/201/93 23/203/93
f 23/203/93 50/201/93 30/204/93
f 23/203/93 30/204/93 24/205/93
f 24/205/93 30/204/93 25/206/93
f 25/206/93 30/204/93 29/207/93
f 25/206/93 29/207/93 26/208/93
f 26/208/93 29/207/93 27/209/93
f 27/209/93 29/207/93 28/210/93
f 30/204/93 50/201/93 31/211/93
f 31/211/93 50/201/93 49/212/93
f 31/211/93 49/212/93 32/213/93
f 2/214/94 1/215/94 115/216/94
f 115/216/94 1/215/94 40/217/94
f 115/216/94 40/217/94 39/218/94
f 8/219/94 42/220/94 1/215/94
f 1/215/94 42/220/94 41/221/94
f 1/215/94 41/221/94 40/217/94
f 7/222/94 44/223/94 8/219/94
f 8/219/94 44/223/94 43/224/94
f 8/219/94 43/224/94 42/220/94
f 6/225/94 46/226/94 7/222/94
f 7/222/94 46/226/94 45/227/94
f 7/222/94 45/227/94 44/223/94
f 46/226/94 6/225/94 47/228/94
f 47/228/94 6/225/94 5/229/94
f 47/228/94 5/229/94 22/230/94
f 47/228/94 22/230/94 15/231/94
f 15/231/94 22/230/94 21/232/94
f 15/231/94 21/232/94 20/233/94
f 15/231/94 20/233/94 16/234/94
f 16/234/94 20/233/94 19/235/94
f 16/234/94 19/235/94 18/236/94
f 18/236/94 17/237/94 16/234/94
f 15/231/94 14/238/94 47/228/94
f 47/228/94 14/238/94 48/239/94
f 48/239/94 14/238/94 13/240/94
f 39/218/94 38/241/94 115/216/94
f 115/216/94 38/241/94 37/242/94
f 115/216/94 37/242/94 36/243/94
f 115/216/94 36/243/94 116/244/94
f 116/244/94 36/243/94 35/245/94
f 116/244/94 35/245/94 34/246/94
f 34/246/94 33/247/94 116/244/94
f 116/244/94 33/247/94 117/248/94
f 117/248/94 33/247/94 80/249/94
f 117/248/94 80/249/94 79/250/94
f 117/248/94 79/250/94 118/251/94
f 118/251/94 79/250/94 78/252/94
f 118/251/94 78/252/94 77/253/94
f 118/251/94 77/253/94 119/254/94
f 119/254/94 77/253/94 76/255/94
f 119/254/94 76/255/94 120/256/94
f 120/256/94 76/255/94 75/257/94
f 120/256/94 75/257/94 121/258/94
f 121/258/94 75/257/94 74/259/94
f 121/258/94 74/259/94 122/260/94
f 122/260/94 74/259/94 73/261/94
f 122/260/94 73/261/94 123/262/94
f 123/262/94 73/261/94 72/263/94
f 123/262/94 72/263/94 124/264/94
f 124/264/94 72/263/94 125/265/94
f 125/265/94 72/263/94 71/266/94
f 125/265/94 71/266/94 126/267/94
f 126/267/94 71/266/94 70/268/94
f 126/267/94 70/268/94 97/269/94
f 97/269/94 70/268/94 69/270/94
f 97/269/94 69/270/94 98/271/94
f 98/271/94 69/270/94 99/272/94
f 99/272/94 69/270/94 68/273/94
f 99/272/94 68/273/94 100/274/94
f 100/274/94 68/273/94 101/275/94
f 101/275/94 68/273/94 67/276/94
f 101/275/94 67/276/94 102/277/94
f 102/277/94 67/276/94 103/278/94
f 103/278/94 67/276/94 66/279/94
f 103/278/94 66/279/94 104/280/94
f 104/280/94 66/279/94 105/281/94
f 105/281/94 66/279/94 65/282/94
f 139/283/95 140/13/96 142/284/95
f 142/284/95 140/13/96 141/14/96
f 143/13/97 144/285/98 158/14/97
f 158/14/97 144/285/98 157/286/98
f 157/286/98 144/285/98 145/287/99
f 157/286/98 145/287/99 156/288/99
f 156/288/99 145/287/99 146/289/100
f 156/288/99 146/289/100 155/290/101
f 155/290/101 146/289/100 147/291/102
f 155/290/101 147/291/102 154/292/102
f 154/292/102 147/291/102 148/293/103
f 154/292/102 148/293/103 153/294/103
f 153/294/103 148/293/103 149/295/104
f 153/294/103 149/295/104 152/296/104
f 152/296/104 149/295/104 150/297/105
f 152/296/104 150/297/105 151/298/105
f 151/298/105 150/297/105 139/299/95
f 151/298/105 139/299/95 142/300/95
f 159/13/106 160/301/107 174/14/108
f 174/14/108 160/301/107 173/302/109
f 173/302/109 160/301/107 161/303/110
f 173/302/109 161/303/110 172/304/110
f 172/304/110 161/303/110 162/305/111
f 172/304/110 162/305/111 171/306/111
f 171/306/111 162/305/111 163/307/112
f 171/306/111 163/307/112 170/308/112
f 170/308/112 163/307/112 164/309/113
f 170/308/112 164/309/113 169/310/113
f 169/310/113 164/309/113 165/311/114
f 169/310/113 165/311/114 168/312/114
f 168/312/114 165/311/114 166/313/115
f 168/312/114 166/313/115 167/314/115
f 167/314/115 166/313/115 143/315/97
f 167/314/115 143/315/97 158/316/97
f 175/13/116 176/317/117 190/14/116
f 190/14/116 176/317/117 189/318/117
f 189/318/117 176/317/117 177/319/118
f 189/318/117 177/319/118 188/320/119
f 188/320/119 177/319/118 178/321/120
f 188/320/119 178/321/120 187/322/120
f 187/322/120 178/321/120 179/323/121
f 187/322/120 179/323/121 186/324/122
f 186/324/122 179/323/121 180/325/123
f 186/324/122 180/325/123 185/326/123
f 185/326/123 180/325/123 181/327/124
f 185/326/123 181/327/124 184/328/124
f 184/328/124 181/327/124 182/329/125
f 184/328/124 182/329/125 183/330/126
f 183/330/126 182/329/125 159/331/106
f 183/330/126 159/331/106 174/332/108
f 191/13/127 192/333/128 206/14/127
f 206/14/127 192/333/128 205/334/128
f 205/334/128 192/333/128 193/335/129
f 205/334/128 193/335/129 204/336/129
f 204/336/129 193/335/129 194/337/130
f 204/336/129 194/337/130 203/338/130
f 203/338/130 194/337/130 195/339/131
f 203/338/130 195/339/131 202/340/131
f 202/340/131 195/339/131 196/341/132
f 202/340/131 196/341/132 201/342/132
f 201/342/132 196/341/132 197/343/133
f 201/342/132 197/343/133 200/344/134
f 200/344/134 197/343/133 198/345/135
f 200/344/134 198/345/135 199/346/136
f 199/346/136 198/345/135 175/347/116
f 199/346/136 175/347/116 190/348/116
f 207/13/137 208/349/138 222/14/137
f 222/14/137 208/349/138 221/350/138
f 221/350/138 208/349/138 209/351/139
f 221/350/138 209/351/139 220/352/139
f 220/352/139 209/351/139 210/353/140
f 220/352/139 210/353/140 219/354/140
f 219/354/140 210/353/140 211/355/141
f 219/354/140 211/355/141 218/356/142
f 218/356/142 211/355/141 212/357/143
f 218/356/142 212/357/143 217/358/143
f 217/358/143 212/357/143 213/359/144
f 217/358/143 213/359/144 216/360/144
f 216/360/144 213/359/144 214/361/145
f 216/360/144 214/361/145 215/362/145
f 215/362/145 214/361/145 191/363/127
f 215/362/145 191/363/127 206/364/127
f 223/365/146 207/366/147 224/367/148
f 224/367/148 207/366/147 222/368/147
f 140/369/149 223/370/150 141/371/149
f 141/371/149 223/370/150 224/372/150
f 225/373/151 226/374/152 230/375/151
f 230/375/151 226/374/152 229/376/152
f 229/376/152 226/374/152 227/13/153
f 229/376/152 227/13/153 228/14/153
f 231/377/154 232/378/155 234/379/154
f 234/379/154 232/378/155 233/380/155
f 233/380/155 232/378/155 225/13/156
f 233/380/155 225/13/156 230/14/156
f 235/381/157 236/382/158 266/383/157
f 266/383/157 236/382/158 265/384/158
f 265/384/158 236/382/158 237/385/159
f 265/384/158 237/385/159 264/386/159
f 264/386/159 237/385/159 238/387/160
f 264/386/159 238/387/160 263/388/160
f 263/388/160 238/387/160 239/389/161
f 263/388/160 239/389/161 262/390/161
f 262/390/161 239/389/161 240/391/162
f 262/390/161 240/391/162 261/392/162
f 261/392/162 240/391/162 241/393/163
f 261/392/162 241/393/163 260/394/163
f 260/394/163 241/393/163 242/395/164
f 260/394/163 242/395/164 259/396/164
f 259/396/164 242/395/164 243/397/165
f 259/396/164 243/397/165 258/398/165
f 258/398/165 243/397/165 244/399/166
f 258/398/165 244/399/166 257/400/166
f 257/400/166 244/399/166 245/401/167
f 257/400/166 245/401/167 256/402/167
f 256/402/167 245/401/167 246/403/168
f 256/402/167 246/403/168 255/404/168
f 255/404/168 246/403/168 247/405/169
f 255/404/168 247/405/169 254/406/169
f 254/406/169 247/405/169 248/407/170
f 254/406/169 248/407/170 253/408/170
f 253/408/170 248/407/170 249/409/171
f 253/408/170 249/409/171 252/410/171
f 252/410/171 249/409/171 250/411/172
f 252/410/171 250/411/172 251/412/172
f 251/412/172 250/411/172 231/13/154
f 251/412/172 231/13/154 234/14/154
f 267/413/173 268/414/174 298/415/173
f 298/415/173 268/414/174 297/416/174
f 297/416/174 268/414/174 269/417/175
f 297/416/174 269/417/175 296/418/175
f 296/418/175 269/417/175 270/419/176
f 296/418/175 270/419/176 295/420/176
f 295/420/176 270/419/176 271/421/177
f 295/420/176 271/421/177 294/422/177
f 294/422/177 271/421/177 272/423/178
f 294/422/177 272/423/178 293/424/178
f 293/424/178 272/423/178 273/425/179
f 293/424/178 273/425/179 292/426/179
f 292/426/179 273/425/179 274/427/180
f 292/426/179 274/427/180 291/428/180
f 291/428/180 274/427/180 275/429/181
f 291/428/180 275/429/181 290/430/181
f 290/430/181 275/429/181 276/431/182
f 290/430/181 276/431/182 289/432/182
f 289/432/182 276/431/182 277/433/183
f 289/432/182 277/433/183 288/434/183
f 288/434/183 277/433/183 278/435/184
f 288/434/183 278/435/184 287/436/184
f 287/436/184 278/435/184 279/437/185
f 287/436/184 279/437/185 286/438/185
f 286/438/185 279/437/185 280/439/186
f 286/438/185 280/439/186 285/440/186
f 285/440/186 280/439/186 281/441/187
f 285/440/186 281/441/187 284/442/188
f 284/442/188 281/441/187 282/443/189
f 284/442/188 282/443/189 283/444/189
f 283/444/189 282/443/189 235/13/157
f 283/444/189 235/13/157 266/14/157
f 299/445/190 300/446/191 330/447/192
f 330/447/192 300/446/191 329/448/191
f 329/448/191 300/446/191 301/449/193
f 329/448/191 301/449/193 328/450/194
f 328/450/194 301/449/193 302/451/195
f 328/450/194 302/451/195 327/452/195
f 327/452/195 302/451/195 303/453/196
f 327/452/195 303/453/196 326/454/196
f 326/454/196 303/453/196 304/455/197
f 326/454/196 304/455/197 325/456/197
f 325/456/197 304/455/197 305/457/198
f 325/456/197 305/457/198 324/458/198
f 324/458/198 305/457/198 306/459/199
f 324/458/198 306/459/199 323/460/199
f 323/460/199 306/459/199 307/461/200
f 323/460/199 307/461/200 322/462/200
f 322/462/200 307/461/200 308/463/201
f 322/462/200 308/463/201 321/464/201
f 321/464/201 308/463/201 309/465/202
f 321/464/201 309/465/202 320/466/202
f 320/466/202 309/465/202 310/467/203
f 320/466/202 310/467/203 319/468/203
f 319/468/203 310/467/203 311/469/204
f 319/468/203 311/469/204 318/470/204
f 318/470/204 311/469/204 312/471/205
f 318/470/204 312/471/205 317/472/206
f 317/472/206 312/471/205 313/473/207
f 317/472/206 313/473/207 316/474/208
f 316/474/208 313/473/207 314/475/209
f 316/474/208 314/475/209 315/476/209
f 315/476/209 314/475/209 267/13/173
f 315/476/209 267/13/173 298/14/173
f 227/477/210 331/478/211 228/479/210
f 228/479/210 331/478/211 360/480/211
f 360/480/211 331/478/211 332/481/212
f 360/480/211 332/481/212 359/482/212
f 359/482/212 332/481/212 333/483/213
f 359/482/212 333/483/213 358/484/213
f 358/484/213 333/483/213 334/485/214
f 358/484/213 334/485/214 357/486/214
f 357/486/214 334/485/214 335/487/215
f 357/486/214 335/487/215 356/488/215
f 356/488/215 335/487/215 336/489/216
f 356/488/215 336/489/216 355/490/216
f 355/490/216 336/489/216 337/491/217
f 355/490/216 337/491/217 354/492/217
f 354/492/217 337/491/217 338/493/218
f 354/492/217 338/493/218 353/494/218
f 353/494/218 338/493/218 339/495/219
f 353/494/218 339/495/219 352/496/219
f 352/496/219 339/495/219 340/497/220
f 352/496/219 340/497/220 351/498/220
f 351/498/220 340/497/220 341/499/221
f 351/498/220 341/499/221 350/500/221
f 350/500/221 341/499/221 342/501/222
f 350/500/221 342/501/222 349/502/222
f 349/502/222 342/501/222 343/503/223
f 349/502/222 343/503/223 348/504/223
f 348/504/223 343/503/223 344/505/224
f 348/504/223 344/505/224 347/506/224
f 347/506/224 344/505/224 345/507/225
f 347/506/224 345/507/225 346/508/225
f 346/508/225 345/507/225 299/13/190
f 346/508/225 299/13/190 330/14/192
f 224/509/93 222/510/93 141/511/93
f 141/511/93 222/510/93 261/512/93
f 141/511/93 261/512/93 260/513/93
f 261/512/93 222/510/93 262/514/93
f 262/514/93 222/510/93 221/515/93
f 262/514/93 221/515/93 263/516/93
f 263/516/93 221/515/93 264/517/93
f 264/517/93 221/515/93 220/518/93
f 264/517/93 220/518/93 265/519/93
f 265/519/93 220/518/93 266/520/93
f 266/520/93 220/518/93 219/521/93
f 266/520/93 219/521/93 283/522/93
f 283/522/93 219/521/93 284/523/93
f 284/523/93 219/521/93 218/524/93
f 284/523/93 218/524/93 285/525/93
f 285/525/93 218/524/93 286/526/93
f 286/526/93 218/524/93 217/527/93
f 286/526/93 217/527/93 287/528/93
f 287/528/93 217/527/93 216/529/93
f 287/528/93 216/529/93 288/530/93
f 288/530/93 216/529/93 289/531/93
f 289/531/93 216/529/93 215/532/93
f 289/531/93 215/532/93 290/533/93
f 290/533/93 215/532/93 291/534/93
f 291/534/93 215/532/93 206/535/93
f 291/534/93 206/535/93 292/536/93
f 292/536/93 206/535/93 293/537/93
f 293/537/93 206/535/93 205/538/93
f 293/537/93 205/538/93 294/539/93
f 294/539/93 205/538/93 295/540/93
f 295/540/93 205/538/93 204/541/93
f 295/540/93 204/541/93 296/542/93
f 296/542/93 204/541/93 203/543/93
f 296/542/93 203/543/93 297/544/93
f 297/544/93 203/543/93 298/545/93
f 298/545/93 203/543/93 202/546/93
f 298/545/93 202/546/93 315/547/93
f 315/547/93 202/546/93 201/548/93
f 315/547/93 201/548/93 316/549/93
f 316/549/93 201/548/93 317/550/93
f 317/550/93 201/548/93 200/551/93
f 317/550/93 200/551/93 318/552/93
f 318/552/93 200/551/93 199/553/93
f 318/552/93 199/553/93 319/554/93
f 319/554/93 199/553/93 320/555/93
f 320/555/93 199/553/93 190/556/93
f 320/555/93 190/556/93 321/557/93
f 321/557/93 190/556/93 322/558/93
f 322/558/93 190/556/93 189/559/93
f 322/558/93 189/559/93 323/560/93
f 323/560/93 189/559/93 188/561/93
f 323/560/93 188/561/93 324/562/93
f 324/562/93 188/561/93 325/563/93
f 325/563/93 188/561/93 187/564/93
f 325/563/93 187/564/93 326/565/93
f 326/565/93 187/564/93 327/566/93
f 327/566/93 187/564/93 186/567/93
f 327/566/93 186/567/93 328/568/93
f 328/568/93 186/567/93 329/569/93
f 329/569/93 186/567/93 185/570/93
f 329/569/93 185/570/93 330/571/93
f 330/571/93 185/570/93 184/572/93
f 330/571/93 184/572/93 346/573/93
f 346/573/93 184/572/93 347/574/93
f 347/574/93 184/572/93 183/575/93
f 347/574/93 183/575/93 348/576/93
f 348/576/93 183/575/93 349/577/93
f 349/577/93 183/575/93 174/578/93
f 349/577/93 174/578/93 350/579/93
f 350/579/93 174/578/93 173/580/93
f 350/579/93 173/580/93 351/581/93
f 351/581/93 173/580/93 352/582/93
f 352/582/93 173/580/93 172/583/93
f 352/582/93 172/583/93 353/584/93
f 353/584/93 172/583/93 354/585/93
f 354/585/93 172/583/93 171/586/93
f 354/585/93 171/586/93 355/587/93
f 355/587/93 171/586/93 170/588/93
f 355/587/93 170/588/93 356/589/93
f 356/589/93 170/588/93 357/590/93
f 357/590/93 170/588/93 169/591/93
f 357/590/93 169/591/93 358/592/93
f 358/592/93 169/591/93 168/593/93
f 358/592/93 168/593/93 359/594/93
f 359/594/93 168/593/93 360/595/93
f 360/595/93 168/593/93 167/596/93
f 360/595/93 167/596/93 228/597/93
f 228/597/93 167/596/93 158/598/93
f 228/597/93 158/598/93 229/599/93
f 229/599/93 158/598/93 157/600/93
f 229/599/93 157/600/93 230/601/93
f 230/601/93 157/600/93 156/602/93
f 230/601/93 156/602/93 233/603/93
f 233/603/93 156/602/93 234/604/93
f 234/604/93 156/602/93 155/605/93
f 234/604/93 155/605/93 251/606/93
f 251/606/93 155/605/93 154/607/93
f 251/606/93 154/607/93 252/608/93
f 252/608/93 154/607/93 253/609/93
f 253/609/93 154/607/93 153/610/93
f 253/609/93 153/610/93 254/611/93
f 254/611/93 153/610/93 152/612/93
f 254/611/93 152/612/93 255/613/93
f 255/613/93 152/612/93 256/614/93
f 256/614/93 152/612/93 151/615/93
f 256/614/93 151/615/93 257/616/93
f 257/616/93 151/615/93 258/617/93
f 258/617/93 151/615/93 142/618/93
f 258/617/93 142/618/93 259/619/93
f 259/619/93 142/618/93 260/513/93
f 260/513/93 142/618/93 141/511/93
f 223/620/94 140/621/94 207/622/94
f 207/622/94 140/621/94 240/623/94
f 207/622/94 240/623/94 239/624/94
f 240/623/94 140/621/94 241/625/94
f 241/625/94 140/621/94 139/626/94
f 241/625/94 139/626/94 242/627/94
f 242/627/94 139/626/94 243/628/94
f 243/628/94 139/626/94 150/629/94
f 243/628/94 150/629/94 244/630/94
f 244/630/94 150/629/94 245/631/94
f 245/631/94 150/629/94 149/632/94
f 245/631/94 149/632/94 246/633/94
f 246/633/94 149/632/94 247/634/94
f 247/634/94 149/632/94 148/635/94
f 247/634/94 148/635/94 248/636/94
f 248/636/94 148/635/94 147/637/94
f 248/636/94 147/637/94 249/638/94
f 249/638/94 147/637/94 250/639/94
f 250/639/94 147/637/94 146/640/94
f 250/639/94 146/640/94 231/641/94
f 231/641/94 146/640/94 145/642/94
f 231/641/94 145/642/94 232/643/94
f 232/643/94 145/642/94 225/644/94
f 225/644/94 145/642/94 144/645/94
f 225/644/94 144/645/94 226/646/94
f 226/646/94 144/645/94 143/647/94
f 226/646/94 143/647/94 227/648/94
f 227/648/94 143/647/94 166/649/94
f 227/648/94 166/649/94 331/650/94
f 331/650/94 166/649/94 165/651/94
f 331/650/94 165/651/94 332/652/94
f 332/652/94 165/651/94 333/653/94
f 333/653/94 165/651/94 164/654/94
f 333/653/94 164/654/94 334/655/94
f 334/655/94 164/654/94 163/656/94
f 334/655/94 163/656/94 335/657/94
f 335/657/94 163/656/94 336/658/94
f 336/658/94 163/656/94 162/659/94
f 336/658/94 162/659/94 337/660/94
f 337/660/94 162/659/94 161/661/94
f 337/660/94 161/661/94 338/662/94
f 338/662/94 161/661/94 339/663/94
f 339/663/94 161/661/94 160/664/94
f 339/663/94 160/664/94 340/665/94
f 340/665/94 160/664/94 341/666/94
f 341/666/94 160/664/94 159/667/94
f 341/666/94 159/667/94 342/668/94
f 342/668/94 159/667/94 182/669/94
f 342/668/94 182/669/94 343/670/94
f 343/670/94 182/669/94 344/671/94
f 344/671/94 182/669/94 181/672/94
f 344/671/94 181/672/94 345/673/94
f 345/673/94 181/672/94 299/674/94
f 299/674/94 181/672/94 180/675/94
f 299/674/94 180/675/94 300/676/94
f 300/676/94 180/675/94 179/677/94
f 300/676/94 179/677/94 301/678/94
f 301/678/94 179/677/94 302/679/94
f 302/679/94 179/677/94 178/680/94
f 302/679/94 178/680/94 303/681/94
f 303/681/94 178/680/94 304/682/94
f 304/682/94 178/680/94 177/683/94
f 304/682/94 177/683/94 305/684/94
f 305/684/94 177/683/94 306/685/94
f 306/685/94 177/683/94 176/686/94
f 306/685/94 176/686/94 307/687/94
f 307/687/94 176/686/94 175/688/94
f 307/687/94 175/688/94 308/689/94
f 308/689/94 175/688/94 309/690/94
f 309/690/94 175/688/94 198/691/94
f 309/690/94 198/691/94 310/692/94
f 310/692/94 198/691/94 311/693/94
f 311/693/94 198/691/94 197/694/94
f 311/693/94 197/694/94 312/695/94
f 312/695/94 197/694/94 196/696/94
f 312/695/94 196/696/94 313/697/94
f 313/697/94 196/696/94 314/698/94
f 314/698/94 196/696/94 195/699/94
f 314/698/94 195/699/94 267/700/94
f 267/700/94 195/699/94 194/701/94
f 267/700/94 194/701/94 268/702/94
f 268/702/94 194/701/94 269/703/94
f 269/703/94 194/701/94 193/704/94
f 269/703/94 193/704/94 270/705/94
f 270/705/94 193/704/94 192/706/94
f 270/705/94 192/706/94 271/707/94
f 271/707/94 192/706/94 272/708/94
f 272/708/94 192/706/94 191/709/94
f 272/708/94 191/709/94 273/710/94
f 273/710/94 191/709/94 274/711/94
f 274/711/94 191/709/94 214/712/94
f 274/711/94 214/712/94 275/713/94
f 275/713/94 214/712/94 276/714/94
f 276/714/94 214/712/94 213/715/94
f 276/714/94 213/715/94 277/716/94
f 277/716/94 213/715/94 278/717/94
f 278/717/94 213/715/94 212/718/94
f 278/717/94 212/718/94 279/719/94
f 279/719/94 212/718/94 211/720/94
f 279/719/94 211/720/94 280/721/94
f 280/721/94 211/720/94 281/722/94
f 281/722/94 211/720/94 210/723/94
f 281/722/94 210/723/94 282/724/94
f 282/724/94 210/723/94 235/725/94
f 235/725/94 210/723/94 209/726/94
f 235/725/94 209/726/94 236/727/94
f 236/727/94 209/726/94 237/728/94
f 237/728/94 209/726/94 208/729/94
f 237/728/94 208/729/94 238/730/94
f 238/730/94 208/729/94 239/624/94
f 239/624/94 208/729/94 207/622/94
f 361/13/226 362/731/226 364/14/226
f 364/14/226 362/731/226 363/732/226
f 365/13/151 366/733/151 368/14/151
f 368/14/151 366/733/151 367/734/151
f 367/734/151 366/733/151 361/735/151
f 367/734/151 361/735/151 364/736/151
f 369/13/226 365/737/226 370/14/226
f 370/14/226 365/737/226 368/738/226
f 371/13/151 369/739/151 372/14/151
f 372/14/151 369/739/151 370/740/151
f 373/13/227 374/741/227 376/14/227
f 376/14/227 374/741/227 375/742/227
f 375/742/227 374/741/227 371/743/227
f 375/742/227 371/743/227 372/744/227
f 377/745/228 378/746/229 392/747/228
f 392/747/228 378/746/229 391/748/229
f 391/748/229 378/746/229 379/749/230
f 391/748/229 379/749/230 390/750/230
f 390/750/230 379/749/230 380/751/231
f 390/750/230 380/751/231 389/752/231
f 389/752/231 380/751/231 381/753/232
f 389/752/231 381/753/232 388/754/232
f 388/754/232 381/753/232 382/755/233
f 388/754/232 382/755/233 387/756/233
f 387/756/233 382/755/233 383/757/234
f 387/756/233 383/757/234 386/758/235
f 386/758/235 383/757/234 384/759/236
f 386/758/235 384/759/236 385/760/236
f 385/760/236 384/759/236 373/13/237
f 385/760/236 373/13/237 376/14/237
f 393/761/238 394/762/239 408/763/238
f 408/763/238 394/762/239 407/764/239
f 407/764/239 394/762/239 395/765/240
f 407/764/239 395/765/240 406/766/241
f 406/766/241 395/765/240 396/767/242
f 406/766/241 396/767/242 405/768/242
f 405/768/242 396/767/242 397/769/243
f 405/768/242 397/769/243 404/770/243
f 404/770/243 397/769/243 398/771/244
f 404/770/243 398/771/244 403/772/244
f 403/772/244 398/771/244 399/773/245
f 403/772/244 399/773/245 402/774/245
f 402/774/245 399/773/245 400/775/246
f 402/774/245 400/775/246 401/776/247
f 401/776/247 400/775/246 377/13/228
f 401/776/247 377/13/228 392/14/228
f 409/13/248 410/777/249 412/14/248
f 412/14/248 410/777/249 411/778/249
f 411/778/249 410/777/249 393/779/248
f 411/778/249 393/779/248 408/780/248
f 413/781/250 414/782/251 430/783/250
f 430/783/250 414/782/251 429/784/251
f 429/784/251 414/782/251 415/785/252
f 429/784/251 415/785/252 428/786/252
f 428/786/252 415/785/252 416/787/253
f 428/786/252 416/787/253 427/788/253
f 427/788/253 416/787/253 417/789/254
f 427/788/253 417/789/254 426/790/254
f 426/790/254 417/789/254 418/791/255
f 426/790/254 418/791/255 425/792/255
f 425/792/255 418/791/255 419/793/256
f 425/792/255 419/793/256 424/794/256
f 424/794/256 419/793/256 420/795/257
f 424/794/256 420/795/257 423/796/257
f 423/796/257 420/795/257 421/797/258
f 423/796/257 421/797/258 422/798/258
f 422/798/258 421/797/258 409/13/259
f 422/798/258 409/13/259 412/14/259
f 431/799/260 432/800/261 462/801/260
f 462/801/260 432/800/261 461/802/262
f 461/802/262 432/800/261 433/803/263
f 461/802/262 433/803/263 460/804/263
f 460/804/263 433/803/263 434/805/264
f 460/804/263 434/805/264 459/806/265
f 459/806/265 434/805/264 435/807/266
f 459/806/265 435/807/266 458/808/266
f 458/808/266 435/807/266 436/809/267
f 458/808/266 436/809/267 457/810/268
f 457/810/268 436/809/267 437/811/269
f 457/810/268 437/811/269 456/812/269
f 456/812/269 437/811/269 438/813/270
f 456/812/269 438/813/270 455/814/270
f 455/814/270 438/813/270 439/815/271
f 455/814/270 439/815/271 454/816/271
f 454/816/271 439/815/271 440/817/272
f 454/816/271 440/817/272 453/818/272
f 453/818/272 440/817/272 441/819/273
f 453/818/272 441/819/273 452/820/273
f 452/820/273 441/819/273 442/821/274
f 452/820/273 442/821/274 451/822/274
f 451/822/274 442/821/274 443/823/275
f 451/822/274 443/823/275 450/824/275
f 450/824/275 443/823/275 444/825/276
f 450/824/275 444/825/276 449/826/276
f 449/826/276 444/825/276 445/827/277
f 449/826/276 445/827/277 448/828/278
f 448/828/278 445/827/277 446/829/279
f 448/828/278 446/829/279 447/830/280
f 447/830/280 446/829/279 413/13/250
f 447/830/280 413/13/250 430/14/250
f 362/13/281 463/831/281 363/14/281
f 363/14/281 463/831/281 466/832/281
f 466/832/281 463/831/281 464/833/282
f 466/832/281 464/833/282 465/834/282
f 465/834/282 464/833/282 431/835/282
f 465/834/282 431/835/282 462/836/282
f 364/837/93 363/838/93 367/839/93
f 367/839/93 363/838/93 466/840/93
f 367/839/93 466/840/93 368/841/93
f 368/841/93 466/840/93 465/842/93
f 368/841/93 465/842/93 376/843/93
f 376/843/93 465/842/93 462/844/93
f 376/843/93 462/844/93 385/845/93
f 385/845/93 462/844/93 461/846/93
f 385/845/93 461/846/93 386/847/93
f 386/847/93 461/846/93 460/848/93
f 386/847/93 460/848/93 387/849/93
f 387/849/93 460/848/93 459/850/93
f 387/849/93 459/850/93 458/851/93
f 387/849/93 458/851/93 388/852/93
f 388/852/93 458/851/93 457/853/93
f 388/852/93 457/853/93 389/854/93
f 389/854/93 457/853/93 456/855/93
f 389/854/93 456/855/93 455/856/93
f 389/854/93 455/856/93 390/857/93
f 390/857/93 455/856/93 454/858/93
f 390/857/93 454/858/93 453/859/93
f 390/857/93 453/859/93 391/860/93
f 391/860/93 453/859/93 452/861/93
f 391/860/93 452/861/93 451/862/93
f 451/862/93 450/863/93 391/860/93
f 391/860/93 450/863/93 392/864/93
f 392/864/93 450/863/93 449/865/93
f 392/864/93 449/865/93 448/866/93
f 392/864/93 448/866/93 401/867/93
f 401/867/93 448/866/93 447/868/93
f 401/867/93 447/868/93 430/869/93
f 430/869/93 429/870/93 401/867/93
f 401/867/93 429/870/93 402/871/93
f 402/871/93 429/870/93 428/872/93
f 402/871/93 428/872/93 403/873/93
f 403/873/93 428/872/93 427/874/93
f 403/873/93 427/874/93 426/875/93
f 403/873/93 426/875/93 404/876/93
f 404/876/93 426/875/93 425/877/93
f 404/876/93 425/877/93 405/878/93
f 405/878/93 425/877/93 424/879/93
f 405/878/93 424/879/93 406/880/93
f 406/880/93 424/879/93 423/881/93
f 406/880/93 423/881/93 407/882/93
f 407/882/93 423/881/93 411/883/93
f 407/882/93 411/883/93 408/884/93
f 423/881/93 422/885/93 411/883/93
f 411/883/93 422/885/93 412/886/93
f 376/843/93 375/887/93 368/841/93
f 368/841/93 375/887/93 370/888/93
f 370/888/93 375/887/93 372/889/93
f 464/890/94 373/891/94 431/892/94
f 431/892/94 373/891/94 384/893/94
f 431/892/94 384/893/94 432/894/94
f 432/894/94 384/893/94 383/895/94
f 432/894/94 383/895/94 433/896/94
f 433/896/94 383/895/94 382/897/94
f 433/896/94 382/897/94 434/898/94
f 434/898/94 382/897/94 435/899/94
f 435/899/94 382/897/94 381/900/94
f 435/899/94 381/900/94 436/901/94
f 436/901/94 381/900/94 380/902/94
f 436/901/94 380/902/94 437/903/94
f 437/903/94 380/902/94 438/904/94
f 438/904/94 380/902/94 379/905/94
f 438/904/94 379/905/94 439/906/94
f 439/906/94 379/905/94 440/907/94
f 440/907/94 379/905/94 378/908/94
f 440/907/94 378/908/94 441/909/94
f 441/909/94 378/908/94 442/910/94
f 442/910/94 378/908/94 443/911/94
f 443/911/94 378/908/94 377/912/94
f 443/911/94 377/912/94 444/913/94
f 444/913/94 377/912/94 445/914/94
f 445/914/94 377/912/94 400/915/94
f 445/914/94 400/915/94 446/916/94
f 446/916/94 400/915/94 413/917/94
f 413/917/94 400/915/94 414/918/94
f 414/918/94 400/915/94 399/919/94
f 414/918/94 399/919/94 415/920/94
f 415/920/94 399/919/94 398/921/94
f 415/920/94 398/921/94 416/922/94
f 416/922/94 398/921/94 417/923/94
f 417/923/94 398/921/94 397/924/94
f 417/923/94 397/924/94 418/925/94
f 418/925/94 397/924/94 396/926/94
f 418/925/94 396/926/94 419/927/94
f 419/927/94 396/926/94 395/928/94
f 419/927/94 395/928/94 420/929/94
f 420/929/94 395/928/94 394/930/94
f 420/929/94 394/930/94 410/931/94
f 410/931/94 394/930/94 393/932/94
f 373/891/94 464/890/94 365/933/94
f 365/933/94 464/890/94 463/934/94
f 365/933/94 463/934/94 366/935/94
f 366/935/94 463/934/94 362/936/94
f 366/935/94 362/936/94 361/937/94
f 373/891/94 365/933/94 374/938/94
f 374/938/94 365/933/94 369/939/94
f 374/938/94 369/939/94 371/940/94
f 409/941/94 421/942/94 410/931/94
f 410/931/94 421/942/94 420/929/94
f 467/13/283 468/943/283 472/14/283
f 472/14/283 468/943/283 471/944/283
f 471/944/283 468/943/283 469/945/283
f 471/944/283 469/945/283 470/946/283
f 473/947/284 474/948/285 476/949/284
f 476/949/284 474/948/285 475/950/285
f 475/950/285 474/948/285 467/13/286
f 475/950/285 467/13/286 472/14/286
f 477/951/287 478/952/288 508/953/287
f 508/953/287 478/952/288 507/954/288
f 507/954/288 478/952/288 479/955/289
f 507/954/288 479/955/289 506/956/289
f 506/956/289 479/955/289 480/957/290
f 506/956/289 480/957/290 505/958/290
f 505/958/290 480/957/290 481/959/291
f 505/958/290 481/959/291 504/960/292
f 504/960/292 481/959/291 482/961/293
f 504/960/292 482/961/293 503/962/293
f 503/962/293 482/961/293 483/963/294
f 503/962/293 483/963/294 502/964/294
f 502/964/294 483/963/294 484/965/295
f 502/964/294 484/965/295 501/966/295
f 501/966/295 484/965/295 485/967/296
f 501/966/295 485/967/296 500/968/296
f 500/968/296 485/967/296 486/969/297
f 500/968/296 486/969/297 499/970/297
f 499/970/297 486/969/297 487/971/298
f 499/970/297 487/971/298 498/972/298
f 498/972/298 487/971/298 488/973/299
f 498/972/298 488/973/299 497/974/300
f 497/974/300 488/973/299 489/975/301
f 497/974/300 489/975/301 496/976/302
f 496/976/302 489/975/301 490/977/303
f 496/976/302 490/977/303 495/978/303
f 495/978/303 490/977/303 491/979/304
f 495/978/303 491/979/304 494/980/304
f 494/980/304 491/979/304 492/981/305
f 494/980/304 492/981/305 493/982/305
f 493/982/305 492/981/305 473/13/284
f 493/982/305 473/13/284 476/14/284
f 509/13/306 510/983/306 514/14/306
f 514/14/306 510/983/306 513/984/306
f 513/984/306 510/983/306 511/985/306
f 513/984/306 511/985/306 512/986/306
f 512/986/306 511/985/306 477/987/306
f 512/986/306 477/987/306 508/988/306
f 515/989/307 516/990/308 520/991/307
f 520/991/307 516/990/308 519/992/308
f 519/992/308 516/990/308 517/993/309
f 519/992/308 517/993/309 518/994/309
f 518/994/309 517/993/309 509/13/310
f 518/994/309 509/13/310 514/14/310
f 521/995/311 522/996/312 552/997/311
f 552/997/311 522/996/312 551/998/312
f 551/998/312 522/996/312 523/999/313
f 551/998/312 523/999/313 550/1000/313
f 550/1000/313 523/999/313 524/1001/314
f 550/1000/313 524/1001/314 549/1002/315
f 549/1002/315 524/1001/314 525/1003/316
f 549/1002/315 525/1003/316 548/1004/316
f 548/1004/316 525/1003/316 526/1005/317
f 548/1004/316 526/1005/317 547/1006/317
f 547/1006/317 526/1005/317 527/1007/318
f 547/1006/317 527/1007/318 546/1008/318
f 546/1008/318 527/1007/318 528/1009/319
f 546/1008/318 528/1009/319 545/1010/319
f 545/1010/319 528/1009/319 529/1011/320
f 545/1010/319 529/1011/320 544/1012/320
f 544/1012/320 529/1011/320 530/1013/321
f 544/1012/320 530/1013/321 543/1014/321
f 543/1014/321 530/1013/321 531/1015/322
f 543/1014/321 531/1015/322 542/1016/322
f 542/1016/322 531/1015/322 532/1017/323
f 542/1016/322 532/1017/323 541/1018/324
f 541/1018/324 532/1017/323 533/1019/325
f 541/1018/324 533/1019/325 540/1020/325
f 540/1020/325 533/1019/325 534/1021/326
f 540/1020/325 534/1021/326 539/1022/326
f 539/1022/326 534/1021/326 535/1023/327
f 539/1022/326 535/1023/327 538/1024/327
f 538/1024/327 535/1023/327 536/1025/328
f 538/1024/327 536/1025/328 537/1026/328
f 537/1026/328 536/1025/328 515/13/307
f 537/1026/328 515/13/307 520/14/307
f 553/1027/329 521/13/311 554/1028/329
f 554/1028/329 521/13/311 552/14/311
f 555/1029/330 556/1030/330 560/1031/330
f 560/1031/330 556/1030/330 559/1032/330
f 559/1032/330 556/1030/330 557/1033/151
f 559/1032/330 557/1033/151 558/1034/151
f 558/1034/151 557/1033/151 553/13/329
f 558/1034/151 553/13/329 554/14/329
f 561/1035/331 562/1036/332 564/1037/331
f 564/1037/331 562/1036/332 563/1038/332
f 563/1038/332 562/1036/332 555/13/333
f 563/1038/332 555/13/333 560/14/333
f 565/1039/334 566/1040/335 576/1041/334
f 576/1041/334 566/1040/335 575/1042/335
f 575/1042/335 566/1040/335 567/1043/336
f 575/1042/335 567/1043/336 574/1044/337
f 574/1044/337 567/1043/336 568/1045/338
f 574/1044/337 568/1045/338 573/1046/338
f 573/1046/338 568/1045/338 569/1047/339
f 573/1046/338 569/1047/339 572/1048/340
f 572/1048/340 569/1047/339 570/1049/341
f 572/1048/340 570/1049/341 571/1050/342
f 571/1050/342 570/1049/341 561/13/343
f 571/1050/342 561/13/343 564/14/343
f 577/1051/344 578/1052/345 582/1053/344
f 582/1053/344 578/1052/345 581/1054/345
f 581/1054/345 578/1052/345 579/1055/346
f 581/1054/345 579/1055/346 580/1056/347
f 580/1056/347 579/1055/346 565/13/348
f 580/1056/347 565/13/348 576/14/348
f 469/1057/349 583/1058/350 470/1059/349
f 470/1059/349 583/1058/350 584/1060/350
f 584/1060/350 583/1058/350 577/13/344
f 584/1060/350 577/13/344 582/14/344
f 584/1061/93 549/1062/93 470/1063/93
f 470/1063/93 549/1062/93 475/1064/93
f 470/1063/93 475/1064/93 471/1065/93
f 471/1065/93 475/1064/93 472/1066/93
f 582/1067/93 551/1068/93 584/1061/93
f 584/1061/93 551/1068/93 550/1069/93
f 584/1061/93 550/1069/93 549/1062/93
f 551/1068/93 582/1067/93 552/1070/93
f 552/1070/93 582/1067/93 581/1071/93
f 552/1070/93 581/1071/93 554/1072/93
f 554/1072/93 581/1071/93 580/1073/93
f 554/1072/93 580/1073/93 558/1074/93
f 558/1074/93 580/1073/93 576/1075/93
f 558/1074/93 576/1075/93 563/1076/93
f 563/1076/93 576/1075/93 564/1077/93
f 564/1077/93 576/1075/93 575/1078/93
f 564/1077/93 575/1078/93 571/1079/93
f 571/1079/93 575/1078/93 572/1080/351
f 572/1080/351 575/1078/93 573/1081/93
f 573/1081/93 575/1078/93 574/1082/93
f 560/1083/93 559/1084/93 563/1076/93
f 563/1076/93 559/1084/93 558/1074/93
f 475/1064/93 549/1062/93 476/1085/93
f 476/1085/93 549/1062/93 548/1086/93
f 476/1085/93 548/1086/93 493/1087/93
f 493/1087/93 548/1086/93 547/1088/93
f 493/1087/93 547/1088/93 494/1089/93
f 494/1089/93 547/1088/93 495/1090/93
f 495/1090/93 547/1088/93 546/1091/93
f 495/1090/93 546/1091/93 496/1092/93
f 496/1092/93 546/1091/93 545/1093/93
f 496/1092/93 545/1093/93 497/1094/93
f 497/1094/93 545/1093/93 544/1095/93
f 497/1094/93 544/1095/93 498/1096/93
f 498/1096/93 544/1095/93 543/1097/93
f 498/1096/93 543/1097/93 542/1098/93
f 498/1096/93 542/1098/93 499/1099/93
f 499/1099/93 542/1098/93 541/1100/93
f 499/1099/93 541/1100/93 500/1101/93
f 500/1101/93 541/1100/93 540/1102/93
f 500/1101/93 540/1102/93 539/1103/93
f 500/1101/93 539/1103/93 501/1104/93
f 501/1104/93 539/1103/93 538/1105/93
f 501/1104/93 538/1105/93 502/1106/93
f 502/1106/93 538/1105/93 537/1107/93
f 502/1106/93 537/1107/93 520/1108/93
f 502/1106/93 520/1108/93 503/1109/93
f 503/1109/93 520/1108/93 519/1110/93
f 503/1109/93 519/1110/93 504/1111/93
f 504/1111/93 519/1110/93 518/1112/93
f 504/1111/93 518/1112/93 505/1113/93
f 505/1113/93 518/1112/93 506/1114/93
f 506/1114/93 518/1112/93 514/1115/93
f 506/1114/93 514/1115/93 513/1116/93
f 506/1114/93 513/1116/93 507/1117/93
f 507/1117/93 513/1116/93 512/1118/93
f 507/1117/93 512/1118/93 508/1119/93
f 583/1120/94 522/1121/94 577/1122/94
f 577/1122/94 522/1121/94 521/1123/94
f 577/1122/94 521/1123/94 578/1124/94
f 578/1124/94 521/1123/94 553/1125/94
f 578/1124/94 553/1125/94 579/1126/94
f 579/1126/94 553/1125/94 557/1127/94
f 579/1126/94 557/1127/94 565/1128/94
f 565/1128/94 557/1127/94 562/1129/94
f 565/1128/94 562/1129/94 561/1130/94
f 469/1131/94 524/1132/94 583/1120/94
f 583/1120/94 524/1132/94 523/1133/94
f 583/1120/94 523/1133/94 522/1121/94
f 524/1132/94 469/1131/94 474/1134/94
f 474/1134/94 469/1131/94 468/1135/94
f 474/1134/94 468/1135/94 467/1136/94
f 474/1134/94 473/1137/94 524/1132/94
f 524/1132/94 473/1137/94 525/1138/94
f 525/1138/94 473/1137/94 492/1139/94
f 525/1138/94 492/1139/94 526/1140/94
f 526/1140/94 492/1139/94 491/1141/94
f 526/1140/94 491/1141/94 490/1142/94
f 526/1140/94 490/1142/94 527/1143/94
f 527/1143/94 490/1142/94 489/1144/94
f 527/1143/94 489/1144/94 528/1145/94
f 528/1145/94 489/1144/94 488/1146/94
f 528/1145/94 488/1146/94 529/1147/94
f 529/1147/94 488/1146/94 487/1148/94
f 529/1147/94 487/1148/94 530/1149/94
f 530/1149/94 487/1148/94 531/1150/94
f 531/1150/94 487/1148/94 486/1151/94
f 531/1150/94 486/1151/94 532/1152/94
f 532/1152/94 486/1151/94 485/1153/94
f 532/1152/94 485/1153/94 533/1154/94
f 533/1154/94 485/1153/94 534/1155/94
f 534/1155/94 485/1153/94 484/1156/94
f 534/1155/94 484/1156/94 535/1157/94
f 535/1157/94 484/1156/94 483/1158/94
f 535/1157/94 483/1158/94 536/1159/94
f 536/1159/94 483/1158/94 515/1160/94
f 515/1160/94 483/1158/94 482/1161/94
f 515/1160/94 482/1161/94 516/1162/94
f 516/1162/94 482/1161/94 481/1163/94
f 516/1162/94 481/1163/94 517/1164/94
f 517/1164/94 481/1163/94 480/1165/94
f 517/1164/94 480/1165/94 479/1166/94
f 478/1167/94 510/1168/94 479/1166/94
f 479/1166/94 510/1168/94 509/1169/94
f 479/1166/94 509/1169/94 517/1164/94
f 477/1170/94 511/1171/94 478/1167/94
f 478/1167/94 511/1171/94 510/1168/94
f 557/1127/94 556/1172/94 562/1129/94
f 562/1129/94 556/1172/94 555/1173/94
f 565/1128/94 561/1130/94 566/1174/94
f 566/1174/94 561/1130/94 570/1175/94
f 566/1174/94 570/1175/94 569/1176/94
f 569/1176/94 568/1177/94 566/1174/94
f 566/1174/94 568/1177/94 567/1178/94
f 585/1179/352 586/1180/353 588/1181/352
f 588/1181/352 586/1180/353 587/1182/353
f 589/1183/354 585/13/355 590/1184/356
f 590/1184/356 585/13/355 588/14/355
f 591/1185/357 589/1186/354 592/1187/358
f 592/1187/358 589/1186/354 590/1188/356
f 593/1189/359 594/1190/360 598/1191/359
f 598/1191/359 594/1190/360 597/1192/360
f 597/1192/360 594/1190/360 595/1193/361
f 597/1192/360 595/1193/361 596/1194/361
f 596/1194/361 595/1193/361 591/1195/357
f 596/1194/361 591/1195/357 592/1196/358
f 599/1197/362 600/1198/363 618/1199/362
f 618/1199/362 600/1198/363 617/1200/363
f 617/1200/363 600/1198/363 601/1201/364
f 617/1200/363 601/1201/364 616/1202/365
f 616/1202/365 601/1201/364 602/1203/366
f 616/1202/365 602/1203/366 615/1204/366
f 615/1204/366 602/1203/366 603/1205/367
f 615/1204/366 603/1205/367 614/1206/368
f 614/1206/368 603/1205/367 604/1207/369
f 614/1206/368 604/1207/369 613/1208/370
f 613/1208/370 604/1207/369 605/1209/371
f 613/1208/370 605/1209/371 612/1210/371
f 612/1210/371 605/1209/371 606/1211/372
f 612/1210/371 606/1211/372 611/1212/373
f 611/1212/373 606/1211/372 607/1213/374
f 611/1212/373 607/1213/374 610/1214/374
f 610/1214/374 607/1213/374 608/1215/375
f 610/1214/374 608/1215/375 609/1216/376
f 609/1216/376 608/1215/375 593/13/359
f 609/1216/376 593/13/359 598/14/359
f 619/1217/377 620/1218/378 650/1219/377
f 650/1219/377 620/1218/378 649/1220/378
f 649/1220/378 620/1218/378 621/1221/379
f 649/1220/378 621/1221/379 648/1222/379
f 648/1222/379 621/1221/379 622/1223/380
f 648/1222/379 622/1223/380 647/1224/380
f 647/1224/380 622/1223/380 623/1225/381
f 647/1224/380 623/1225/381 646/1226/381
f 646/1226/381 623/1225/381 624/1227/382
f 646/1226/381 624/1227/382 645/1228/382
f 645/1228/382 624/1227/382 625/1229/383
f 645/1228/382 625/1229/383 644/1230/383
f 644/1230/383 625/1229/383 626/1231/384
f 644/1230/383 626/1231/384 643/1232/384
f 643/1232/384 626/1231/384 627/1233/385
f 643/1232/384 627/1233/385 642/1234/385
f 642/1234/385 627/1233/385 628/1235/386
f 642/1234/385 628/1235/386 641/1236/6
f 641/1236/6 628/1235/386 629/1237/387
f 641/1236/6 629/1237/387 640/1238/387
f 640/1238/387 629/1237/387 630/1239/388
f 640/1238/387 630/1239/388 639/1240/388
f 639/1240/388 630/1239/388 631/1241/389
f 639/1240/388 631/1241/389 638/1242/389
f 638/1242/389 631/1241/389 632/1243/390
f 638/1242/389 632/1243/390 637/1244/390
f 637/1244/390 632/1243/390 633/1245/391
f 637/1244/390 633/1245/391 636/1246/391
f 636/1246/391 633/1245/391 634/1247/392
f 636/1246/391 634/1247/392 635/1248/393
f 635/1248/393 634/1247/392 599/13/394
f 635/1248/393 599/13/394 618/14/394
f 651/1249/395 652/1250/396 682/1251/395
f 682/1251/395 652/1250/396 681/1252/396
f 681/1252/396 652/1250/396 653/1253/397
f 681/1252/396 653/1253/397 680/1254/397
f 680/1254/397 653/1253/397 654/1255/398
f 680/1254/397 654/1255/398 679/1256/398
f 679/1256/398 654/1255/398 655/1257/399
f 679/1256/398 655/1257/399 678/1258/399
f 678/1258/399 655/1257/399 656/1259/400
f 678/1258/399 656/1259/400 677/1260/400
f 677/1260/400 656/1259/400 657/1261/401
f 677/1260/400 657/1261/401 676/1262/401
f 676/1262/401 657/1261/401 658/1263/174
f 676/1262/401 658/1263/174 675/1264/174
f 675/1264/174 658/1263/174 659/1265/402
f 675/1264/174 659/1265/402 674/1266/402
f 674/1266/402 659/1265/402 660/1267/403
f 674/1266/402 660/1267/403 673/1268/403
f 673/1268/403 660/1267/403 661/1269/404
f 673/1268/403 661/1269/404 672/1270/404
f 672/1270/404 661/1269/404 662/1271/405
f 672/1270/404 662/1271/405 671/1272/405
f 671/1272/405 662/1271/405 663/1273/406
f 671/1272/405 663/1273/406 670/1274/406
f 670/1274/406 663/1273/406 664/1275/407
f 670/1274/406 664/1275/407 669/1276/407
f 669/1276/407 664/1275/407 665/1277/408
f 669/1276/407 665/1277/408 668/1278/408
f 668/1278/408 665/1277/408 666/1279/409
f 668/1278/408 666/1279/409 667/1280/409
f 667/1280/409 666/1279/409 619/13/377
f 667/1280/409 619/13/377 650/14/377
f 683/1281/410 684/1282/411 700/1283/410
f 700/1283/410 684/1282/411 699/1284/412
f 699/1284/412 684/1282/411 685/1285/413
f 699/1284/412 685/1285/413 698/1286/414
f 698/1286/414 685/1285/413 686/1287/415
f 698/1286/414 686/1287/415 697/1288/416
f 697/1288/416 686/1287/415 687/1289/417
f 697/1288/416 687/1289/417 696/1290/417
f 696/1290/417 687/1289/417 688/1291/418
f 696/1290/417 688/1291/418 695/1292/418
f 695/1292/418 688/1291/418 689/1293/419
f 695/1292/418 689/1293/419 694/1294/419
f 694/1294/419 689/1293/419 690/1295/420
f 694/1294/419 690/1295/420 693/1296/420
f 693/1296/420 690/1295/420 691/1297/421
f 693/1296/420 691/1297/421 692/1298/422
f 692/1298/422 691/1297/421 651/13/423
f 692/1298/422 651/13/423 682/14/423
f 701/13/424 702/1299/425 732/14/424
f 732/14/424 702/1299/425 731/1300/425
f 731/1300/425 702/1299/425 703/1301/426
f 731/1300/425 703/1301/426 730/1302/426
f 730/1302/426 703/1301/426 704/1303/427
f 730/1302/426 704/1303/427 729/1304/428
f 729/1304/428 704/1303/427 705/1305/429
f 729/1304/428 705/1305/429 728/1306/429
f 728/1306/429 705/1305/429 706/1307/430
f 728/1306/429 706/1307/430 727/1308/430
f 727/1308/430 706/1307/430 707/1309/431
f 727/1308/430 707/1309/431 726/1310/431
f 726/1310/431 707/1309/431 708/1311/432
f 726/1310/431 708/1311/432 725/1312/433
f 725/1312/433 708/1311/432 709/1313/434
f 725/1312/433 709/1313/434 724/1314/434
f 724/1314/434 709/1313/434 710/1315/435
f 724/1314/434 710/1315/435 723/1316/436
f 723/1316/436 710/1315/435 711/1317/437
f 723/1316/436 711/1317/437 722/1318/437
f 722/1318/437 711/1317/437 712/1319/438
f 722/1318/437 712/1319/438 721/1320/439
f 721/1320/439 712/1319/438 713/1321/440
f 721/1320/439 713/1321/440 720/1322/441
f 720/1322/441 713/1321/440 714/1323/442
f 720/1322/441 714/1323/442 719/1324/443
f 719/1324/443 714/1323/442 715/1325/444
f 719/1324/443 715/1325/444 718/1326/444
f 718/1326/444 715/1325/444 716/1327/445
f 718/1326/444 716/1327/445 717/1328/445
f 717/1328/445 716/1327/445 683/1329/410
f 717/1328/445 683/1329/410 700/1330/410
f 586/1331/446 701/1332/447 587/1333/446
f 587/1333/446 701/1332/447 732/1334/448
f 587/1335/449 732/1336/93 588/1337/93
f 588/1337/93 732/1336/93 640/1338/93
f 588/1337/93 640/1338/93 639/1339/93
f 731/1340/93 642/1341/93 732/1336/93
f 732/1336/93 642/1341/93 641/1342/93
f 732/1336/93 641/1342/93 640/1338/93
f 730/1343/93 644/1344/93 731/1340/93
f 731/1340/93 644/1344/93 643/1345/93
f 731/1340/93 643/1345/93 642/1341/93
f 729/1346/93 646/1347/93 730/1343/93
f 730/1343/93 646/1347/93 645/1348/93
f 730/1343/93 645/1348/93 644/1344/93
f 728/1349/93 648/1350/93 729/1346/93
f 729/1346/93 648/1350/93 647/1351/93
f 729/1346/93 647/1351/93 646/1347/93
f 727/1352/93 650/1353/93 728/1349/93
f 728/1349/93 650/1353/93 649/1354/93
f 728/1349/93 649/1354/93 648/1350/93
f 726/1355/93 668/1356/93 727/1352/93
f 727/1352/93 668/1356/93 667/1357/93
f 727/1352/93 667/1357/93 650/1353/93
f 668/1356/93 726/1355/93 669/1358/93
f 669/1358/93 726/1355/93 725/1359/93
f 669/1358/93 725/1359/93 670/1360/93
f 670/1360/93 725/1359/93 724/1361/93
f 670/1360/93 724/1361/93 671/1362/93
f 671/1362/93 724/1361/93 723/1363/93
f 671/1362/93 723/1363/93 672/1364/93
f 672/1364/93 723/1363/93 722/1365/93
f 672/1364/93 722/1365/93 673/1366/93
f 673/1366/93 722/1365/93 721/1367/93
f 673/1366/93 721/1367/93 674/1368/93
f 674/1368/93 721/1367/93 720/1369/93
f 674/1368/93 720/1369/93 675/1370/93
f 675/1370/93 720/1369/93 719/1371/93
f 675/1370/93 719/1371/93 676/1372/93
f 676/1372/93 719/1371/93 718/1373/93
f 676/1372/93 718/1373/93 677/1374/93
f 677/1374/93 718/1373/93 717/1375/93
f 677/1374/93 717/1375/93 700/1376/93
f 677/1374/93 700/1376/93 678/1377/93
f 678/1377/93 700/1376/93 699/1378/93
f 678/1377/93 699/1378/93 679/1379/93
f 679/1379/93 699/1378/93 698/1380/93
f 679/1379/93 698/1380/93 697/1381/93
f 697/1381/93 696/1382/93 679/1379/93
f 679/1379/93 696/1382/93 680/1383/93
f 680/1383/93 696/1382/93 695/1384/93
f 680/1383/93 695/1384/93 694/1385/93
f 694/1385/93 693/1386/93 680/1383/93
f 680/1383/93 693/1386/93 681/1387/93
f 681/1387/93 693/1386/93 692/1388/93
f 681/1387/93 692/1388/93 682/1389/93
f 638/1390/93 592/1391/93 639/1339/93
f 639/1339/93 592/1391/93 590/1392/93
f 639/1339/93 590/1392/93 588/1337/93
f 592/1391/93 638/1390/93 596/1393/93
f 596/1393/93 638/1390/93 637/1394/93
f 596/1393/93 637/1394/93 597/1395/93
f 597/1395/93 637/1394/93 636/1396/93
f 597/1395/93 636/1396/93 598/1397/93
f 598/1397/93 636/1396/93 609/1398/93
f 609/1398/93 636/1396/93 635/1399/93
f 609/1398/93 635/1399/93 617/1400/93
f 617/1400/93 635/1399/93 618/1401/93
f 609/1398/93 617/1400/93 610/1402/93
f 610/1402/93 617/1400/93 616/1403/93
f 610/1402/93 616/1403/93 611/1404/93
f 611/1404/93 616/1403/93 612/1405/93
f 612/1405/93 616/1403/93 615/1406/93
f 612/1405/93 615/1406/93 613/1407/93
f 613/1407/93 615/1406/93 614/1408/351
f 586/1409/94 585/1410/94 701/1411/94
f 701/1411/94 585/1410/94 629/1412/94
f 701/1411/94 629/1412/94 628/1413/94
f 629/1412/94 585/1410/94 630/1414/94
f 630/1414/94 585/1410/94 589/1415/94
f 630/1414/94 589/1415/94 591/1416/94
f 630/1414/94 591/1416/94 631/1417/94
f 631/1417/94 591/1416/94 595/1418/94
f 631/1417/94 595/1418/94 632/1419/94
f 632/1419/94 595/1418/94 594/1420/94
f 632/1419/94 594/1420/94 633/1421/94
f 633/1421/94 594/1420/94 593/1422/94
f 633/1421/94 593/1422/94 608/1423/94
f 607/1424/94 600/1425/94 608/1423/94
f 608/1423/94 600/1425/94 634/1426/94
f 608/1423/94 634/1426/94 633/1421/94
f 600/1425/94 607/1424/94 601/1427/94
f 601/1427/94 607/1424/94 606/1428/94
f 601/1427/94 606/1428/94 605/1429/94
f 601/1427/94 605/1429/94 602/1430/94
f 602/1430/94 605/1429/94 604/1431/94
f 602/1430/94 604/1431/94 603/1432/94
f 600/1425/94 599/1433/94 634/1426/94
f 628/1413/94 627/1434/94 701/1411/94
f 701/1411/94 627/1434/94 702/1435/94
f 702/1435/94 627/1434/94 626/1436/94
f 702/1435/94 626/1436/94 625/1437/94
f 702/1435/94 625/1437/94 703/1438/94
f 703/1438/94 625/1437/94 624/1439/94
f 703/1438/94 624/1439/94 623/1440/94
f 703/1438/94 623/1440/94 704/1441/94
f 704/1441/94 623/1440/94 622/1442/94
f 704/1441/94 622/1442/94 621/1443/94
f 704/1441/94 621/1443/94 705/1444/94
f 705/1444/94 621/1443/94 620/1445/94
f 705/1444/94 620/1445/94 619/1446/94
f 705/1444/94 619/1446/94 706/1447/94
f 706/1447/94 619/1446/94 666/1448/94
f 706/1447/94 666/1448/94 665/1449/94
f 706/1447/94 665/1449/94 707/1450/94
f 707/1450/94 665/1449/94 664/1451/94
f 707/1450/94 664/1451/94 708/1452/94
f 708/1452/94 664/1451/94 663/1453/94
f 708/1452/94 663/1453/94 709/1454/94
f 709/1454/94 663/1453/94 662/1455/94
f 709/1454/94 662/1455/94 710/1456/94
f 710/1456/94 662/1455/94 661/1457/94
f 710/1456/94 661/1457/94 711/1458/94
f 711/1458/94 661/1457/94 660/1459/94
f 711/1458/94 660/1459/94 712/1460/94
f 712/1460/94 660/1459/94 659/1461/94
f 712/1460/94 659/1461/94 713/1462/94
f 713/1462/94 659/1461/94 658/1463/94
f 713/1462/94 658/1463/94 714/1464/94
f 714/1464/94 658/1463/94 657/1465/94
f 714/1464/94 657/1465/94 715/1466/94
f 715/1466/94 657/1465/94 656/1467/94
f 715/1466/94 656/1467/94 716/1468/94
f 716/1468/94 656/1467/94 683/1469/94
f 683/1469/94 656/1467/94 655/1470/94
f 683/1469/94 655/1470/94 684/1471/94
f 684/1471/94 655/1470/94 654/1472/94
f 684/1471/94 654/1472/94 685/1473/94
f 685/1473/94 654/1472/94 686/1474/94
f 686/1474/94 654/1472/94 687/1475/94
f 687/1475/94 654/1472/94 653/1476/94
f 687/1475/94 653/1476/94 688/1477/94
f 688/1477/94 653/1476/94 689/1478/94
f 689/1478/94 653/1476/94 690/1479/94
f 690/1479/94 653/1476/94 652/1480/94
f 690/1479/94 652/1480/94 691/1481/94
f 691/1481/94 652/1480/94 651/1482/94
f 733/1483/450 734/1484/450 742/1485/450
f 742/1485/450 734/1484/450 736/1486/451
f 742/1485/450 736/1486/451 737/1487/451
f 734/1484/450 735/1488/450 736/1486/451
f 737/1487/451 738/1489/450 742/1485/450
f 742/1485/450 738/1489/450 739/1490/451
f 742/1485/450 739/1490/451 740/1491/451
f 740/1491/451 741/1492/450 742/1485/450
f 735/1493/94 734/1494/94 776/1495/94
f 776/1495/94 734/1494/94 743/1496/94
f 776/1495/94 743/1496/94 775/1497/94
f 775/1497/94 743/1496/94 744/1498/94
f 775/1497/94 744/1498/94 778/1499/94
f 778/1499/94 744/1498/94 745/1500/94
f 778/1499/94 745/1500/94 746/1501/94
f 747/1502/94 772/1503/94 746/1501/94
f 746/1501/94 772/1503/94 773/1504/94
f 746/1501/94 773/1504/94 778/1499/94
f 778/1499/94 773/1504/94 774/1505/94
f 778/1499/94 774/1505/94 775/1497/94
f 772/1503/94 747/1502/94 771/1506/94
f 771/1506/94 747/1502/94 748/1507/94
f 771/1506/94 748/1507/94 770/1508/94
f 770/1508/94 748/1507/94 749/1509/94
f 770/1508/94 749/1509/94 769/1510/94
f 769/1510/94 749/1509/94 768/1511/94
f 768/1511/94 749/1509/94 750/1512/94
f 768/1511/94 750/1512/94 767/1513/94
f 767/1513/94 750/1512/94 751/1514/94
f 767/1513/94 751/1514/94 766/1515/94
f 766/1515/94 751/1514/94 752/1516/94
f 766/1515/94 752/1516/94 765/1517/94
f 765/1517/94 752/1516/94 753/1518/94
f 765/1517/94 753/1518/94 764/1519/94
f 764/1519/94 753/1518/94 754/1520/94
f 764/1519/94 754/1520/94 763/1521/94
f 763/1521/94 754/1520/94 755/1522/94
f 763/1521/94 755/1522/94 777/1523/94
f 777/1523/94 755/1522/94 756/1524/94
f 777/1523/94 756/1524/94 757/1525/94
f 758/1526/94 760/1527/94 757/1525/94
f 757/1525/94 760/1527/94 761/1528/94
f 757/1525/94 761/1528/94 777/1523/94
f 777/1523/94 761/1528/94 762/1529/94
f 777/1523/94 762/1529/94 763/1521/94
f 758/1526/94 759/1530/94 760/1527/94
f 779/1531/452 780/1532/452 758/1533/452
f 758/1533/452 780/1532/452 788/1534/452
f 758/1533/452 788/1534/452 759/1535/452
f 781/1536/452 782/1537/452 780/1532/452
f 780/1532/452 782/1537/452 783/1538/452
f 780/1532/452 783/1538/452 784/1539/452
f 784/1539/452 785/1540/452 780/1532/452
f 780/1532/452 785/1540/452 786/1541/452
f 780/1532/452 786/1541/452 787/1542/452
f 787/1542/452 788/1534/452 780/1532/452
f 779/1543/453 758/1544/453 803/1545/454
f 803/1545/454 758/1544/453 757/1546/454
f 803/1545/454 757/1546/454 802/1547/455
f 802/1547/455 757/1546/454 756/1548/455
f 802/1547/455 756/1548/455 801/1549/456
f 801/1549/456 756/1548/455 755/1550/456
f 801/1549/456 755/1550/456 800/1551/457
f 800/1551/457 755/1550/456 754/1552/457
f 800/1551/457 754/1552/457 799/1553/458
f 799/1553/458 754/1552/457 753/1554/458
f 799/1553/458 753/1554/458 798/1555/459
f 798/1555/459 753/1554/458 752/1556/459
f 798/1555/459 752/1556/459 797/1557/460
f 797/1557/460 752/1556/459 751/1558/460
f 797/1557/460 751/1558/460 796/1559/461
f 796/1559/461 751/1558/460 750/1560/461
f 796/1559/461 750/1560/461 795/1561/462
f 795/1561/462 750/1560/461 749/1562/462
f 795/1561/462 749/1562/462 794/1563/463
f 794/1563/463 749/1562/462 748/1564/463
f 794/1563/463 748/1564/463 793/1565/464
f 793/1565/464 748/1564/463 747/1566/464
f 793/1565/464 747/1566/464 792/1567/465
f 792/1567/465 747/1566/464 746/1568/465
f 792/1567/465 746/1568/465 791/1569/466
f 791/1569/466 746/1568/465 745/1570/466
f 791/1569/466 745/1570/466 790/1571/467
f 790/1571/467 745/1570/466 744/1572/467
f 790/1571/467 744/1572/467 789/1573/468
f 789/1573/468 744/1572/467 743/1574/468
f 789/1573/468 743/1574/468 733/1575/469
f 733/1575/469 743/1574/468 734/1576/469
f 779/1577/93 803/1578/93 780/1579/93
f 780/1579/93 803/1578/93 819/1580/93
f 819/1580/93 803/1578/93 818/1581/93
f 818/1581/93 803/1578/93 802/1582/93
f 818/1581/93 802/1582/93 817/1583/93
f 817/1583/93 802/1582/93 801/1584/93
f 817/1583/93 801/1584/93 816/1585/93
f 816/1585/93 801/1584/93 800/1586/93
f 816/1585/93 800/1586/93 815/1587/93
f 815/1587/93 800/1586/93 799/1588/93
f 815/1587/93 799/1588/93 814/1589/93
f 814/1589/93 799/1588/93 798/1590/93
f 814/1589/93 798/1590/93 813/1591/93
f 813/1591/93 798/1590/93 797/1592/93
f 813/1591/93 797/1592/93 812/1593/93
f 812/1593/93 797/1592/93 796/1594/93
f 812/1593/93 796/1594/93 811/1595/93
f 811/1595/93 796/1594/93 795/1596/93
f 811/1595/93 795/1596/93 810/1597/93
f 810/1597/93 795/1596/93 794/1598/93
f 810/1597/93 794/1598/93 809/1599/93
f 809/1599/93 794/1598/93 793/1600/93
f 809/1599/93 793/1600/93 808/1601/93
f 808/1601/93 793/1600/93 792/1602/93
f 808/1601/93 792/1602/93 807/1603/93
f 807/1603/93 792/1602/93 820/1604/93
f 807/1603/93 820/1604/93 806/1605/93
f 806/1605/93 820/1604/93 791/1606/93
f 806/1605/93 791/1606/93 790/1607/93
f 792/1602/93 791/1606/93 820/1604/93
f 806/1605/93 790/1607/93 805/1608/93
f 805/1608/93 790/1607/93 789/1609/93
f 805/1608/93 789/1609/93 804/1610/93
f 804/1610/93 789/1609/93 742/1611/93
f 742/1611/93 789/1609/93 733/1612/93
f 788/1613/470 787/1614/471 837/1615/472
f 837/1615/472 787/1614/471 842/1616/473
f 837/1615/472 842/1616/473 836/1617/474
f 836/1617/474 842/1616/473 847/1618/475
f 836/1617/474 847/1618/475 835/1619/476
f 835/1619/476 847/1618/475 852/1620/477
f 835/1619/476 852/1620/477 834/1621/478
f 834/1621/478 852/1620/477 857/1622/479
f 834/1621/478 857/1622/479 833/1623/480
f 833/1623/480 857/1622/479 862/1624/481
f 833/1623/480 862/1624/481 832/1625/482
f 832/1625/482 862/1624/481 867/1626/483
f 832/1625/482 867/1626/483 831/1627/484
f 831/1627/484 867/1626/483 872/1628/485
f 831/1627/484 872/1628/485 830/1629/486
f 830/1629/486 872/1628/485 877/1630/487
f 830/1629/486 877/1630/487 829/1631/488
f 829/1631/488 877/1630/487 882/1632/489
f 829/1631/488 882/1632/489 828/1633/490
f 828/1633/490 882/1632/489 887/1634/491
f 828/1633/490 887/1634/491 827/1635/492
f 827/1635/492 887/1634/491 892/1636/493
f 827/1635/492 892/1636/493 826/1637/494
f 826/1637/494 892/1636/493 897/1638/495
f 826/1637/494 897/1638/495 825/1639/496
f 825/1639/496 897/1638/495 902/1640/497
f 825/1639/496 902/1640/497 824/1641/498
f 824/1641/498 902/1640/497 907/1642/499
f 824/1641/498 907/1642/499 823/1643/500
f 823/1643/500 907/1642/499 912/1644/501
f 823/1643/500 912/1644/501 822/1645/502
f 822/1645/502 912/1644/501 917/1646/503
f 822/1645/502 917/1646/503 821/1647/504
f 821/1647/504 917/1646/503 922/1648/505
f 821/1647/504 922/1648/505 736/1649/506
f 736/1649/506 922/1648/505 737/1650/507
f 737/1650/507 922/1648/505 921/1651/508
f 737/1650/507 921/1651/508 738/1652/509
f 738/1652/509 921/1651/508 920/1653/510
f 738/1652/509 920/1653/510 739/1654/511
f 739/1654/511 920/1653/510 919/1655/512
f 739/1654/511 919/1655/512 740/1656/513
f 740/1656/513 919/1655/512 918/1657/514
f 740/1656/513 918/1657/514 741/1658/515
f 741/1658/515 918/1657/514 742/1659/93
f 742/1659/93 918/1657/514 804/1660/93
f 804/1660/93 918/1657/514 913/1661/516
f 804/1660/93 913/1661/516 805/1662/93
f 805/1662/93 913/1661/516 908/1663/517
f 805/1662/93 908/1663/517 806/1664/93
f 806/1664/93 908/1663/517 903/1665/518
f 806/1664/93 903/1665/518 807/1666/93
f 807/1666/93 903/1665/518 898/1667/519
f 807/1666/93 898/1667/519 808/1668/93
f 808/1668/93 898/1667/519 893/1669/520
f 808/1668/93 893/1669/520 809/1670/93
f 809/1670/93 893/1669/520 888/1671/521
f 809/1670/93 888/1671/521 810/1672/93
f 810/1672/93 888/1671/521 883/1673/522
f 810/1672/93 883/1673/522 811/1674/93
f 811/1674/93 883/1673/522 878/1675/523
f 811/1674/93 878/1675/523 812/1676/93
f 812/1676/93 878/1675/523 873/1677/524
f 812/1676/93 873/1677/524 813/1678/93
f 813/1678/93 873/1677/524 868/1679/525
f 813/1678/93 868/1679/525 814/1680/93
f 814/1680/93 868/1679/525 863/1681/526
f 814/1680/93 863/1681/526 815/1682/93
f 815/1682/93 863/1681/526 858/1683/527
f 815/1682/93 858/1683/527 816/1684/93
f 816/1684/93 858/1683/527 853/1685/528
f 816/1684/93 853/1685/528 817/1686/93
f 817/1686/93 853/1685/528 848/1687/529
f 817/1686/93 848/1687/529 818/1688/93
f 818/1688/93 848/1687/529 843/1689/530
f 818/1688/93 843/1689/530 819/1690/93
f 819/1690/93 843/1689/530 838/1691/531
f 819/1690/93 838/1691/531 781/1692/532
f 781/1692/532 838/1691/531 782/1693/533
f 782/1693/533 838/1691/531 839/1694/534
f 782/1693/533 839/1694/534 783/1695/535
f 783/1695/535 839/1694/534 840/1696/536
f 783/1695/535 840/1696/536 784/1697/537
f 784/1697/537 840/1696/536 785/1698/538
f 785/1698/538 840/1696/536 841/1699/539
f 785/1698/538 841/1699/539 786/1700/540
f 786/1700/540 841/1699/539 842/1616/473
f 786/1700/540 842/1616/473 787/1614/471
f 781/1692/532 780/1701/93 819/1690/93
f 839/1694/534 838/1691/531 844/1702/541
f 844/1702/541 838/1691/531 843/1689/530
f 844/1702/541 843/1689/530 849/1703/542
f 849/1703/542 843/1689/530 848/1687/529
f 849/1703/542 848/1687/529 854/1704/543
f 854/1704/543 848/1687/529 853/1685/528
f 854/1704/543 853/1685/528 859/1705/544
f 859/1705/544 853/1685/528 858/1683/527
f 859/1705/544 858/1683/527 864/1706/545
f 864/1706/545 858/1683/527 863/1681/526
f 864/1706/545 863/1681/526 869/1707/546
f 869/1707/546 863/1681/526 868/1679/525
f 869/1707/546 868/1679/525 874/1708/547
f 874/1708/547 868/1679/525 873/1677/524
f 874/1708/547 873/1677/524 879/1709/548
f 879/1709/548 873/1677/524 878/1675/523
f 879/1709/548 878/1675/523 884/1710/549
f 884/1710/549 878/1675/523 883/1673/522
f 884/1710/549 883/1673/522 889/1711/550
f 889/1711/550 883/1673/522 888/1671/521
f 889/1711/550 888/1671/521 894/1712/551
f 894/1712/551 888/1671/521 893/1669/520
f 894/1712/551 893/1669/520 899/1713/552
f 899/1713/552 893/1669/520 898/1667/519
f 899/1713/552 898/1667/519 904/1714/553
f 904/1714/553 898/1667/519 903/1665/518
f 904/1714/553 903/1665/518 909/1715/554
f 909/1715/554 903/1665/518 908/1663/517
f 909/1715/554 908/1663/517 914/1716/555
f 914/1716/555 908/1663/517 913/1661/516
f 914/1716/555 913/1661/516 919/1655/512
f 919/1655/512 913/1661/516 918/1657/514
f 840/1696/536 839/1694/534 845/1717/556
f 845/1717/556 839/1694/534 844/1702/541
f 845/1717/556 844/1702/541 850/1718/557
f 850/1718/557 844/1702/541 849/1703/542
f 850/1718/557 849/1703/542 855/1719/558
f 855/1719/558 849/1703/542 854/1704/543
f 855/1719/558 854/1704/543 860/1720/559
f 860/1720/559 854/1704/543 859/1705/544
f 860/1720/559 859/1705/544 865/1721/560
f 865/1721/560 859/1705/544 864/1706/545
f 865/1721/560 864/1706/545 870/1722/561
f 870/1722/561 864/1706/545 869/1707/546
f 870/1722/561 869/1707/546 875/1723/562
f 875/1723/562 869/1707/546 874/1708/547
f 875/1723/562 874/1708/547 880/1724/563
f 880/1724/563 874/1708/547 879/1709/548
f 880/1724/563 879/1709/548 885/1725/564
f 885/1725/564 879/1709/548 884/1710/549
f 885/1725/564 884/1710/549 890/1726/565
f 890/1726/565 884/1710/549 889/1711/550
f 890/1726/565 889/1711/550 895/1727/566
f 895/1727/566 889/1711/550 894/1712/551
f 895/1727/566 894/1712/551 900/1728/567
f 900/1728/567 894/1712/551 899/1713/552
f 900/1728/567 899/1713/552 905/1729/568
f 905/1729/568 899/1713/552 904/1714/553
f 905/1729/568 904/1714/553 910/1730/569
f 910/1730/569 904/1714/553 909/1715/554
f 910/1730/569 909/1715/554 915/1731/570
f 915/1731/570 909/1715/554 914/1716/555
f 915/1731/570 914/1716/555 920/1653/510
f 920/1653/510 914/1716/555 919/1655/512
f 847/1618/475 842/1616/473 841/1699/539
f 841/1699/539 840/1696/536 846/1732/571
f 846/1732/571 840/1696/536 845/1717/556
f 846/1732/571 845/1717/556 851/1733/572
f 851/1733/572 845/1717/556 850/1718/557
f 851/1733/572 850/1718/557 856/1734/573
f 856/1734/573 850/1718/557 855/1719/558
f 856/1734/573 855/1719/558 861/1735/574
f 861/1735/574 855/1719/558 860/1720/559
f 861/1735/574 860/1720/559 866/1736/575
f 866/1736/575 860/1720/559 865/1721/560
f 866/1736/575 865/1721/560 871/1737/576
f 871/1737/576 865/1721/560 870/1722/561
f 871/1737/576 870/1722/561 876/1738/577
f 876/1738/577 870/1722/561 875/1723/562
f 876/1738/577 875/1723/562 881/1739/578
f 881/1739/578 875/1723/562 880/1724/563
f 881/1739/578 880/1724/563 886/1740/579
f 886/1740/579 880/1724/563 885/1725/564
f 886/1740/579 885/1725/564 891/1741/580
f 891/1741/580 885/1725/564 890/1726/565
f 891/1741/580 890/1726/565 896/1742/581
f 896/1742/581 890/1726/565 895/1727/566
f 896/1742/581 895/1727/566 901/1743/582
f 901/1743/582 895/1727/566 900/1728/567
f 901/1743/582 900/1728/567 906/1744/583
f 906/1744/583 900/1728/567 905/1729/568
f 906/1744/583 905/1729/568 911/1745/584
f 911/1745/584 905/1729/568 910/1730/569
f 911/1745/584 910/1730/569 916/1746/585
f 916/1746/585 910/1730/569 915/1731/570
f 916/1746/585 915/1731/570 921/1651/508
f 921/1651/508 915/1731/570 920/1653/510
f 852/1620/477 847/1618/475 846/1732/571
f 846/1732/571 847/1618/475 841/1699/539
f 852/1620/477 846/1732/571 851/1733/572
f 857/1622/479 852/1620/477 851/1733/572
f 857/1622/479 851/1733/572 856/1734/573
f 862/1624/481 857/1622/479 856/1734/573
f 862/1624/481 856/1734/573 861/1735/574
f 867/1626/483 862/1624/481 861/1735/574
f 867/1626/483 861/1735/574 866/1736/575
f 872/1628/485 867/1626/483 866/1736/575
f 872/1628/485 866/1736/575 871/1737/576
f 877/1630/487 872/1628/485 871/1737/576
f 877/1630/487 871/1737/576 876/1738/577
f 882/1632/489 877/1630/487 876/1738/577
f 882/1632/489 876/1738/577 881/1739/578
f 887/1634/491 882/1632/489 881/1739/578
f 887/1634/491 881/1739/578 886/1740/579
f 892/1636/493 887/1634/491 886/1740/579
f 892/1636/493 886/1740/579 891/1741/580
f 897/1638/495 892/1636/493 891/1741/580
f 897/1638/495 891/1741/580 896/1742/581
f 902/1640/497 897/1638/495 896/1742/581
f 902/1640/497 896/1742/581 901/1743/582
f 907/1642/499 902/1640/497 901/1743/582
f 907/1642/499 901/1743/582 906/1744/583
f 912/1644/501 907/1642/499 906/1744/583
f 912/1644/501 906/1744/583 911/1745/584
f 917/1646/503 912/1644/501 911/1745/584
f 917/1646/503 911/1745/584 916/1746/585
f 922/1648/505 917/1646/503 916/1746/585
f 922/1648/505 916/1746/585 921/1651/508
f 759/1747/586 788/1748/470 760/1749/472
f 760/1749/472 788/1748/470 837/1750/472
f 760/1749/472 837/1750/472 761/1751/474
f 761/1751/474 837/1750/472 836/1752/474
f 761/1751/474 836/1752/474 762/1753/476
f 762/1753/476 836/1752/474 835/1754/476
f 762/1753/476 835/1754/476 763/1755/478
f 763/1755/478 835/1754/476 834/1756/478
f 763/1755/478 834/1756/478 764/1757/480
f 764/1757/480 834/1756/478 833/1758/480
f 764/1757/480 833/1758/480 765/1759/482
f 765/1759/482 833/1758/480 832/1760/482
f 765/1759/482 832/1760/482 766/1761/484
f 766/1761/484 832/1760/482 831/1762/484
f 766/1761/484 831/1762/484 767/1763/486
f 767/1763/486 831/1762/484 830/1764/486
f 767/1763/486 830/1764/486 768/1765/488
f 768/1765/488 830/1764/486 829/1766/488
f 768/1765/488 829/1766/488 769/1767/490
f 769/1767/490 829/1766/488 828/1768/490
f 769/1767/490 828/1768/490 770/1769/492
f 770/1769/492 828/1768/490 827/1770/492
f 770/1769/492 827/1770/492 771/1771/494
f 771/1771/494 827/1770/492 826/1772/494
f 771/1771/494 826/1772/494 772/1773/496
f 772/1773/496 826/1772/494 825/1774/496
f 772/1773/496 825/1774/496 773/1775/498
f 773/1775/498 825/1774/496 824/1776/498
f 773/1775/498 824/1776/498 774/1777/500
f 774/1777/500 824/1776/498 823/1778/500
f 774/1777/500 823/1778/500 775/1779/502
f 775/1779/502 823/1778/500 822/1780/502
f 775/1779/502 822/1780/502 776/1781/504
f 776/1781/504 822/1780/502 821/1782/504
f 776/1781/504 821/1782/504 735/1783/506
f 735/1783/506 821/1782/504 736/1784/506
f 998/1928/620 1068/1929/620 997/1930/94
f 997/1930/94 1068/1929/620 1033/1931/94
f 997/1930/94 1033/1931/94 1032/1932/621
f 1032/1932/621 1033/1931/94 1034/1933/621
f 1032/1932/621 1034/1933/621 1031/1934/622
f 1031/1934/622 1034/1933/621 1035/1935/622
f 1031/1934/622 1035/1935/622 1030/1936/623
f 1030/1936/623 1035/1935/622 1036/1937/623
f 1030/1936/623 1036/1937/623 1029/1938/624
f 1029/1938/624 1036/1937/623 1037/1939/624
f 1029/1938/624 1037/1939/624 1028/1940/625
f 1028/1940/625 1037/1939/624 1038/1941/625
f 1028/1940/625 1038/1941/625 1027/1942/626
f 1027/1942/626 1038/1941/625 1039/1943/626
f 1027/1942/626 1039/1943/626 1026/1944/627
f 1026/1944/627 1039/1943/626 1040/1945/627
f 1026/1944/627 1040/1945/627 1025/1946/628
f 1025/1946/628 1040/1945/627 1041/1947/628
f 1025/1946/628 1041/1947/628 1024/1948/629
f 1024/1948/629 1041/1947/628 1042/1949/629
f 1024/1948/629 1042/1949/629 1023/1950/630
f 1023/1950/630 1042/1949/629 1043/1951/630
f 1023/1950/630 1043/1951/630 1022/1952/631
f 1022/1952/631 1043/1951/630 1044/1953/632
f 1022/1952/631 1044/1953/632 1021/1954/633
f 1021/1954/633 1044/1953/632 1045/1955/633
f 1021/1954/633 1045/1955/633 1020/1956/634
f 1020/1956/634 1045/1955/633 1046/1957/634
f 1020/1956/634 1046/1957/634 1019/1958/635
f 1019/1958/635 1046/1957/634 1047/1959/635
f 1019/1958/635 1047/1959/635 1018/1960/636
f 1018/1960/636 1047/1959/635 1048/1961/636
f 1018/1960/636 1048/1961/636 1017/1962/637
f 1017/1962/637 1048/1961/636 1049/1963/637
f 1017/1962/637 1049/1963/637 1016/1964/638
f 1016/1964/638 1049/1963/637 1050/1965/638
f 1016/1964/638 1050/1965/638 1015/1966/93
f 1015/1966/93 1050/1965/638 1051/1967/93
f 1015/1968/93 1051/1969/93 1014/1970/639
f 1014/1970/639 1051/1969/93 1052/1971/639
f 1014/1970/639 1052/1971/639 1013/1972/640
f 1013/1972/640 1052/1971/639 1053/1973/640
f 1013/1972/640 1053/1973/640 1012/1974/641
f 1012/1974/641 1053/1973/640 1054/1975/641
f 1012/1974/641 1054/1975/641 1011/1976/642
f 1011/1976/642 1054/1975/641 1055/1977/642
f 1011/1976/642 1055/1977/642 1010/1978/643
f 1010/1978/643 1055/1977/642 1056/1979/643
f 1010/1978/643 1056/1979/643 1009/1980/644
f 1009/1980/644 1056/1979/643 1057/1981/644
f 1009/1980/644 1057/1981/644 1008/1982/645
f 1008/1982/645 1057/1981/644 1058/1983/645
f 1008/1982/645 1058/1983/645 1007/1984/646
f 1007/1984/646 1058/1983/645 1059/1985/646
f 1007/1984/646 1059/1985/646 1006/1986/647
f 1006/1986/647 1059/1985/646 1060/1987/647
f 1006/1986/647 1060/1987/647 1005/1988/648
f 1005/1988/648 1060/1987/647 1061/1989/649
f 1005/1988/648 1061/1989/649 1004/1990/650
f 1004/1990/650 1061/1989/649 1062/1991/650
f 1004/1990/650 1062/1991/650 1003/1992/651
f 1003/1992/651 1062/1991/650 1063/1993/651
f 1003/1992/651 1063/1993/651 1002/1994/652
f 1002/1994/652 1063/1993/651 1064/1995/652
f 1002/1994/652 1064/1995/652 1001/1996/653
f 1001/1996/653 1064/1995/652 1065/1997/653
f 1001/1996/653 1065/1997/653 1000/1998/654
f 1000/1998/654 1065/1997/653 1066/1999/654
f 1000/1998/654 1066/1999/654 999/2000/655
f 999/2000/655 1066/1999/654 1067/2001/655
f 999/2000/655 1067/2001/655 998/1928/620
f 998/1928/620 1067/2001/655 1068/1929/620
f 1032/2002/656 1016/2003/656 997/2004/656
f 997/2004/656 1016/2003/656 1015/2005/656
f 997/2004/656 1015/2005/656 998/2006/656
f 998/2006/656 1015/2005/656 1014/2007/656
f 998/2006/656 1014/2007/656 999/2008/656
f 999/2008/656 1014/2007/656 1013/2009/656
f 999/2008/656 1013/2009/656 1000/2010/656
f 1000/2010/656 1013/2009/656 1012/2011/656
f 1000/2010/656 1012/2011/656 1001/2012/656
f 1001/2012/656 1012/2011/656 1011/2013/656
f 1001/2012/656 1011/2013/656 1002/2014/656
f 1002/2014/656 1011/2013/656 1010/2015/656
f 1002/2014/656 1010/2015/656 1003/2016/656
f 1003/2016/656 1010/2015/656 1009/2017/656
f 1003/2016/656 1009/2017/656 1004/2018/656
f 1004/2018/656 1009/2017/656 1008/2019/656
f 1004/2018/656 1008/2019/656 1005/2020/656
f 1005/2020/656 1008/2019/656 1007/2021/656
f 1005/2020/656 1007/2021/656 1006/2022/656
f 1016/2003/656 1032/2002/656 1017/2023/656
f 1017/2023/656 1032/2002/656 1031/2024/656
f 1017/2023/656 1031/2024/656 1018/2025/656
f 1018/2025/656 1031/2024/656 1030/2026/656
f 1018/2025/656 1030/2026/656 1019/2027/656
f 1019/2027/656 1030/2026/656 1029/2028/656
f 1019/2027/656 1029/2028/656 1020/2029/656
f 1020/2029/656 1029/2028/656 1028/2030/656
f 1020/2029/656 1028/2030/656 1021/2031/656
f 1021/2031/656 1028/2030/656 1027/2032/656
f 1021/2031/656 1027/2032/656 1022/2033/656
f 1022/2033/656 1027/2032/656 1026/2034/656
f 1022/2033/656 1026/2034/656 1023/2035/656
f 1023/2035/656 1026/2034/656 1025/2036/656
f 1023/2035/656 1025/2036/656 1024/2037/656
f 1068/2007/657 1052/2006/657 1033/2038/657
f 1033/2038/657 1052/2006/657 1051/2039/657
f 1033/2038/657 1051/2039/657 1034/2003/657
f 1034/2003/657 1051/2039/657 1050/2002/657
f 1034/2003/657 1050/2002/657 1035/2023/657
f 1035/2023/657 1050/2002/657 1049/2024/657
f 1035/2023/657 1049/2024/657 1036/2025/657
f 1036/2025/657 1049/2024/657 1048/2026/657
f 1036/2025/657 1048/2026/657 1037/2027/657
f 1037/2027/657 1048/2026/657 1047/2028/657
f 1037/2027/657 1047/2028/657 1038/2029/657
f 1038/2029/657 1047/2028/657 1046/2030/657
f 1038/2029/657 1046/2030/657 1039/2031/657
f 1039/2031/657 1046/2030/657 1045/2032/657
f 1039/2031/657 1045/2032/657 1040/2033/657
f 1040/2033/657 1045/2032/657 1044/2034/657
f 1040/2033/657 1044/2034/657 1041/2035/657
f 1041/2035/657 1044/2034/657 1043/2036/657
f 1041/2035/657 1043/2036/657 1042/2037/657
f 1052/2006/657 1068/2007/657 1053/2008/657
f 1053/2008/657 1068/2007/657 1067/2009/657
f 1053/2008/657 1067/2009/657 1054/2010/657
f 1054/2010/657 1067/2009/657 1066/2011/657
f 1054/2010/657 1066/2011/657 1055/2012/657
f 1055/2012/657 1066/2011/657 1065/2013/657
f 1055/2012/657 1065/2013/657 1056/2014/657
f 1056/2014/657 1065/2013/657 1064/2015/657
f 1056/2014/657 1064/2015/657 1057/2016/657
f 1057/2016/657 1064/2015/657 1063/2017/657
f 1057/2016/657 1063/2017/657 1058/2018/657
f 1058/2018/657 1063/2017/657 1062/2019/657
f 1058/2018/657 1062/2019/657 1059/2020/657
f 1059/2020/657 1062/2019/657 1061/2021/657
f 1059/2020/657 1061/2021/657 1060/2022/658
f 1070/2040/659 1104/1931/94 1069/1930/94
f 1069/1930/94 1104/1931/94 1105/2041/660
f 1069/1930/94 1105/2041/660 1103/2042/660
f 1103/2042/660 1105/2041/660 1106/2043/661
f 1103/2042/660 1106/2043/661 1102/2044/661
f 1102/2044/661 1106/2043/661 1107/2045/662
f 1102/2044/661 1107/2045/662 1101/2046/663
f 1101/2046/663 1107/2045/662 1108/2047/664
f 1101/2046/663 1108/2047/664 1100/2048/664
f 1100/2048/664 1108/2047/664 1109/2049/665
f 1100/2048/664 1109/2049/665 1099/2050/665
f 1099/2050/665 1109/2049/665 1110/2051/666
f 1099/2050/665 1110/2051/666 1098/2052/666
f 1098/2052/666 1110/2051/666 1111/2053/667
f 1098/2052/666 1111/2053/667 1097/2054/667
f 1097/2054/667 1111/2053/667 1112/2055/668
f 1097/2054/667 1112/2055/668 1096/2056/668
f 1096/2056/668 1112/2055/668 1113/2057/669
f 1096/2056/668 1113/2057/669 1095/2058/669
f 1095/2058/669 1113/2057/669 1114/2059/670
f 1095/2058/669 1114/2059/670 1094/2060/670
f 1094/2060/670 1114/2059/670 1115/2061/671
f 1094/2060/670 1115/2061/671 1093/2062/671
f 1093/2062/671 1115/2061/671 1116/2063/672
f 1093/2062/671 1116/2063/672 1092/2064/672
f 1092/2064/672 1116/2063/672 1117/2065/673
f 1092/2064/672 1117/2065/673 1091/2066/673
f 1091/2066/673 1117/2065/673 1118/2067/674
f 1091/2066/673 1118/2067/674 1090/2068/674
f 1090/2068/674 1118/2067/674 1119/2069/675
f 1090/2068/674 1119/2069/675 1089/2070/675
f 1089/2070/675 1119/2069/675 1120/2071/676
f 1089/2070/675 1120/2071/676 1088/2072/676
f 1088/2072/676 1120/2071/676 1121/2073/677
f 1088/2072/676 1121/2073/677 1087/2074/677
f 1087/2075/677 1121/2076/677 1122/2077/678
f 1087/2075/677 1122/2077/678 1086/2078/678
f 1086/2078/678 1122/2077/678 1123/2079/679
f 1086/2078/678 1123/2079/679 1085/2080/679
f 1085/2080/679 1123/2079/679 1124/2081/680
f 1085/2080/679 1124/2081/680 1084/2082/680
f 1084/2082/680 1124/2081/680 1125/2083/681
f 1084/2082/680 1125/2083/681 1083/2084/681
f 1083/2084/681 1125/2083/681 1126/2085/682
f 1083/2084/681 1126/2085/682 1082/2086/682
f 1082/2086/682 1126/2085/682 1127/2087/683
f 1082/2086/682 1127/2087/683 1081/2088/683
f 1081/2088/683 1127/2087/683 1128/2089/684
f 1081/2088/683 1128/2089/684 1080/2090/684
f 1080/2090/684 1128/2089/684 1129/2091/685
f 1080/2090/684 1129/2091/685 1079/2092/685
f 1079/2092/685 1129/2091/685 1130/2093/686
f 1079/2092/685 1130/2093/686 1078/2094/686
f 1078/2094/686 1130/2093/686 1131/2095/687
f 1078/2094/686 1131/2095/687 1077/2096/687
f 1077/2096/687 1131/2095/687 1132/2097/688
f 1077/2096/687 1132/2097/688 1076/2098/688
f 1076/2098/688 1132/2097/688 1133/2099/689
f 1076/2098/688 1133/2099/689 1075/2100/689
f 1075/2100/689 1133/2099/689 1134/2101/690
f 1075/2100/689 1134/2101/690 1074/2102/690
f 1074/2102/690 1134/2101/690 1135/2103/691
f 1074/2102/690 1135/2103/691 1073/2104/692
f 1073/2104/692 1135/2103/691 1136/2105/693
f 1073/2104/692 1136/2105/693 1072/2106/693
f 1072/2106/693 1136/2105/693 1137/2107/694
f 1072/2106/693 1137/2107/694 1071/2108/694
f 1071/2108/694 1137/2107/694 1138/2109/659
f 1071/2108/694 1138/2109/659 1070/2040/659
f 1070/2040/659 1138/2109/659 1104/1931/94
f 1069/2004/695 1103/2110/695 1070/2111/695
f 1070/2111/695 1103/2110/695 1071/2112/695
f 1071/2112/695 1103/2110/695 1102/2113/695
f 1071/2112/695 1102/2113/695 1072/2114/695
f 1072/2114/695 1102/2113/695 1101/2115/695
f 1072/2114/695 1101/2115/695 1073/2116/695
f 1073/2116/695 1101/2115/695 1074/2117/695
f 1074/2117/695 1101/2115/695 1075/2118/695
f 1075/2118/695 1101/2115/695 1076/2119/695
f 1076/2119/695 1101/2115/695 1077/2120/695
f 1077/2120/695 1101/2115/695 1078/2121/695
f 1078/2121/695 1101/2115/695 1079/2122/695
f 1079/2122/695 1101/2115/695 1080/2123/695
f 1080/2123/695 1101/2115/695 1081/2124/695
f 1081/2124/695 1101/2115/695 1082/2125/695
f 1082/2125/695 1101/2115/695 1100/2126/695
f 1082/2125/695 1100/2126/695 1083/2127/695
f 1083/2127/695 1100/2126/695 1084/2128/695
f 1084/2128/695 1100/2126/695 1085/2129/695
f 1085/2129/695 1100/2126/695 1086/2130/695
f 1086/2130/695 1100/2126/695 1087/2131/696
f 1087/2131/696 1100/2126/695 1088/2132/695
f 1088/2132/695 1100/2126/695 1089/2133/695
f 1089/2133/695 1100/2126/695 1090/2134/695
f 1090/2134/695 1100/2126/695 1091/2135/695
f 1091/2135/695 1100/2126/695 1099/2136/695
f 1091/2135/695 1099/2136/695 1092/2137/696
f 1092/2137/696 1099/2136/695 1098/2138/695
f 1092/2137/696 1098/2138/695 1093/2139/695
f 1093/2139/695 1098/2138/695 1097/2140/696
f 1093/2139/695 1097/2140/696 1094/2141/696
f 1094/2141/696 1097/2140/696 1096/2142/696
f 1094/2141/696 1096/2142/696 1095/2143/697
f 1104/2038/698 1138/2144/698 1105/2145/698
f 1105/2145/698 1138/2144/698 1137/2146/698
f 1105/2145/698 1137/2146/698 1106/2147/698
f 1106/2147/698 1137/2146/698 1136/2148/698
f 1106/2147/698 1136/2148/698 1107/2149/698
f 1107/2149/698 1136/2148/698 1135/2150/698
f 1107/2149/698 1135/2150/698 1134/2151/698
f 1134/2151/698 1133/2152/698 1107/2149/698
f 1107/2149/698 1133/2152/698 1132/2153/698
f 1107/2149/698 1132/2153/698 1131/2154/698
f 1131/2154/698 1130/2155/698 1107/2149/698
f 1107/2149/698 1130/2155/698 1129/2156/698
f 1107/2149/698 1129/2156/698 1128/2157/698
f 1128/2157/698 1127/2158/698 1107/2149/698
f 1107/2149/698 1127/2158/698 1126/2159/698
f 1107/2149/698 1126/2159/698 1108/2160/698
f 1108/2160/698 1126/2159/698 1125/2161/698
f 1108/2160/698 1125/2161/698 1124/2162/698
f 1124/2162/698 1123/2163/698 1108/2160/698
f 1108/2160/698 1123/2163/698 1122/2164/699
f 1108/2160/698 1122/2164/699 1121/2165/698
f 1121/2165/698 1120/2166/698 1108/2160/698
f 1108/2160/698 1120/2166/698 1119/2167/698
f 1108/2160/698 1119/2167/698 1118/2168/698
f 1118/2168/698 1117/2169/698 1108/2160/698
f 1108/2160/698 1117/2169/698 1109/2170/699
f 1109/2170/699 1117/2169/698 1116/2171/698
f 1109/2170/699 1116/2171/698 1110/2172/698
f 1110/2172/698 1116/2171/698 1115/2173/698
f 1110/2172/698 1115/2173/698 1111/2174/699
f 1111/2174/699 1115/2173/698 1114/2175/698
f 1111/2174/699 1114/2175/698 1112/2176/698
f 1112/2176/698 1114/2175/698 1113/2177/203
f 1139/1/700 1140/2/701 1142/3/702
f 1142/3/702 1140/2/701 1141/4/701
f 1143/5/703 1144/6/704 1150/7/703
f 1150/7/703 1144/6/704 1149/8/705
f 1149/8/705 1144/6/704 1145/9/706
f 1149/8/705 1145/9/706 1148/10/707
f 1148/10/707 1145/9/706 1146/11/708
f 1148/10/707 1146/11/708 1147/12/708
f 1147/12/708 1146/11/708 1139/13/709
f 1147/12/708 1139/13/709 1142/14/709
f 1151/15/710 1152/16/711 1170/17/710
f 1170/17/710 1152/16/711 1169/18/711
f 1169/18/711 1152/16/711 1153/19/712
f 1169/18/711 1153/19/712 1168/20/712
f 1168/20/712 1153/19/712 1154/21/713
f 1168/20/712 1154/21/713 1167/22/713
f 1167/22/713 1154/21/713 1155/23/714
f 1167/22/713 1155/23/714 1166/24/714
f 1166/24/714 1155/23/714 1156/25/715
f 1166/24/714 1156/25/715 1165/26/716
f 1165/26/716 1156/25/715 1157/27/717
f 1165/26/716 1157/27/717 1164/28/718
f 1164/28/718 1157/27/717 1158/29/719
f 1164/28/718 1158/29/719 1163/30/720
f 1163/30/720 1158/29/719 1159/31/721
f 1163/30/720 1159/31/721 1162/32/722
f 1162/32/722 1159/31/721 1160/33/723
f 1162/32/722 1160/33/723 1161/34/723
f 1161/34/723 1160/33/723 1143/13/703
f 1161/34/723 1143/13/703 1150/14/703
f 1171/35/724 1172/36/725 1202/37/726
f 1202/37/726 1172/36/725 1201/38/725
f 1201/38/725 1172/36/725 1173/39/727
f 1201/38/725 1173/39/727 1200/40/727
f 1200/40/727 1173/39/727 1174/41/728
f 1200/40/727 1174/41/728 1199/42/728
f 1199/42/728 1174/41/728 1175/43/729
f 1199/42/728 1175/43/729 1198/44/729
f 1198/44/729 1175/43/729 1176/45/730
f 1198/44/729 1176/45/730 1197/46/730
f 1197/46/730 1176/45/730 1177/47/731
f 1197/46/730 1177/47/731 1196/48/731
f 1196/48/731 1177/47/731 1178/49/732
f 1196/48/731 1178/49/732 1195/50/732
f 1195/50/732 1178/49/732 1179/51/733
f 1195/50/732 1179/51/733 1194/52/733
f 1194/52/733 1179/51/733 1180/53/734
f 1194/52/733 1180/53/734 1193/54/734
f 1193/54/734 1180/53/734 1181/55/735
f 1193/54/734 1181/55/735 1192/56/735
f 1192/56/735 1181/55/735 1182/57/736
f 1192/56/735 1182/57/736 1191/58/736
f 1191/58/736 1182/57/736 1183/59/737
f 1191/58/736 1183/59/737 1190/60/737
f 1190/60/737 1183/59/737 1184/61/738
f 1190/60/737 1184/61/738 1189/62/738
f 1189/62/738 1184/61/738 1185/63/739
f 1189/62/738 1185/63/739 1188/64/739
f 1188/64/739 1185/63/739 1186/65/740
f 1188/64/739 1186/65/740 1187/66/740
f 1187/66/740 1186/65/740 1151/13/741
f 1187/66/740 1151/13/741 1170/14/741
f 1203/67/742 1204/68/743 1234/69/742
f 1234/69/742 1204/68/743 1233/70/743
f 1233/70/743 1204/68/743 1205/71/744
f 1233/70/743 1205/71/744 1232/72/744
f 1232/72/744 1205/71/744 1206/73/745
f 1232/72/744 1206/73/745 1231/74/746
f 1231/74/746 1206/73/745 1207/75/747
f 1231/74/746 1207/75/747 1230/76/747
f 1230/76/747 1207/75/747 1208/77/748
f 1230/76/747 1208/77/748 1229/78/749
f 1229/78/749 1208/77/748 1209/79/750
f 1229/78/749 1209/79/750 1228/80/750
f 1228/80/750 1209/79/750 1210/81/751
f 1228/80/750 1210/81/751 1227/82/751
f 1227/82/751 1210/81/751 1211/83/752
f 1227/82/751 1211/83/752 1226/84/753
f 1226/84/753 1211/83/752 1212/85/754
f 1226/84/753 1212/85/754 1225/86/754
f 1225/86/754 1212/85/754 1213/87/755
f 1225/86/754 1213/87/755 1224/88/755
f 1224/88/755 1213/87/755 1214/89/756
f 1224/88/755 1214/89/756 1223/90/756
f 1223/90/756 1214/89/756 1215/91/757
f 1223/90/756 1215/91/757 1222/92/757
f 1222/92/757 1215/91/757 1216/93/758
f 1222/92/757 1216/93/758 1221/94/758
f 1221/94/758 1216/93/758 1217/95/759
f 1221/94/758 1217/95/759 1220/96/759
f 1220/96/759 1217/95/759 1218/97/760
f 1220/96/759 1218/97/760 1219/98/760
f 1219/98/760 1218/97/760 1171/13/724
f 1219/98/760 1171/13/724 1202/14/726
f 1235/99/761 1236/100/762 1252/101/761
f 1252/101/761 1236/100/762 1251/102/763
f 1251/102/763 1236/100/762 1237/103/764
f 1251/102/763 1237/103/764 1250/104/764
f 1250/104/764 1237/103/764 1238/105/765
f 1250/104/764 1238/105/765 1249/106/765
f 1249/106/765 1238/105/765 1239/107/766
f 1249/106/765 1239/107/766 1248/108/766
f 1248/108/766 1239/107/766 1240/109/767
f 1248/108/766 1240/109/767 1247/110/768
f 1247/110/768 1240/109/767 1241/111/769
f 1247/110/768 1241/111/769 1246/112/769
f 1246/112/769 1241/111/769 1242/113/770
f 1246/112/769 1242/113/770 1245/114/770
f 1245/114/770 1242/113/770 1243/115/771
f 1245/114/770 1243/115/771 1244/116/771
f 1244/116/771 1243/115/771 1203/13/772
f 1244/116/771 1203/13/772 1234/14/772
f 1253/13/773 1254/117/774 1276/14/773
f 1276/14/773 1254/117/774 1275/118/774
f 1275/118/774 1254/117/774 1255/119/775
f 1275/118/774 1255/119/775 1274/120/775
f 1274/120/775 1255/119/775 1256/121/776
f 1274/120/775 1256/121/776 1273/122/776
f 1273/122/776 1256/121/776 1257/123/777
f 1273/122/776 1257/123/777 1272/124/777
f 1272/124/777 1257/123/777 1258/125/778
f 1272/124/777 1258/125/778 1271/126/778
f 1271/126/778 1258/125/778 1259/127/779
f 1271/126/778 1259/127/779 1270/128/779
f 1270/128/779 1259/127/779 1260/129/780
f 1270/128/779 1260/129/780 1269/130/781
f 1269/130/781 1260/129/780 1261/131/782
f 1269/130/781 1261/131/782 1268/132/783
f 1268/132/783 1261/131/782 1262/133/784
f 1268/132/783 1262/133/784 1267/134/784
f 1267/134/784 1262/133/784 1263/135/785
f 1267/134/784 1263/135/785 1266/136/786
f 1266/136/786 1263/135/785 1264/137/787
f 1266/136/786 1264/137/787 1265/138/788
f 1265/138/788 1264/137/787 1235/139/761
f 1265/138/788 1235/139/761 1252/140/761
f 1140/141/789 1253/142/790 1141/143/791
f 1141/143/791 1253/142/790 1276/144/790
f 1141/145/93 1276/146/93 1142/147/93
f 1142/147/93 1276/146/93 1195/148/93
f 1142/147/93 1195/148/93 1194/149/93
f 1275/150/93 1199/151/93 1276/146/93
f 1276/146/93 1199/151/93 1198/152/93
f 1276/146/93 1198/152/93 1197/153/93
f 1274/154/93 1202/155/93 1275/150/93
f 1275/150/93 1202/155/93 1201/156/93
f 1275/150/93 1201/156/93 1200/157/93
f 1273/158/93 1220/159/93 1274/154/93
f 1274/154/93 1220/159/93 1219/160/93
f 1274/154/93 1219/160/93 1202/155/93
f 1272/161/93 1222/162/93 1273/158/93
f 1273/158/93 1222/162/93 1221/163/93
f 1273/158/93 1221/163/93 1220/159/93
f 1222/162/93 1272/161/93 1223/164/93
f 1223/164/93 1272/161/93 1271/165/93
f 1223/164/93 1271/165/93 1224/166/93
f 1224/166/93 1271/165/93 1270/167/93
f 1224/166/93 1270/167/93 1225/168/93
f 1225/168/93 1270/167/93 1269/169/93
f 1225/168/93 1269/169/93 1226/170/93
f 1226/170/93 1269/169/93 1268/171/93
f 1226/170/93 1268/171/93 1227/172/93
f 1227/172/93 1268/171/93 1267/173/93
f 1227/172/93 1267/173/93 1266/174/93
f 1227/172/93 1266/174/93 1228/175/93
f 1228/175/93 1266/174/93 1265/176/93
f 1228/175/93 1265/176/93 1229/177/93
f 1229/177/93 1265/176/93 1252/178/93
f 1229/177/93 1252/178/93 1230/179/93
f 1230/179/93 1252/178/93 1251/180/93
f 1230/179/93 1251/180/93 1250/181/93
f 1230/179/93 1250/181/93 1231/182/93
f 1231/182/93 1250/181/93 1249/183/93
f 1231/182/93 1249/183/93 1248/184/93
f 1231/182/93 1248/184/93 1232/185/93
f 1232/185/93 1248/184/93 1247/186/93
f 1232/185/93 1247/186/93 1246/187/93
f 1232/185/93 1246/187/93 1233/188/93
f 1233/188/93 1246/187/93 1245/189/93
f 1233/188/93 1245/189/93 1244/190/93
f 1244/190/93 1234/191/93 1233/188/93
f 1200/157/93 1199/151/93 1275/150/93
f 1197/153/93 1196/192/93 1276/146/93
f 1276/146/93 1196/192/93 1195/148/93
f 1194/149/93 1193/193/93 1142/147/93
f 1142/147/93 1193/193/93 1147/194/93
f 1147/194/93 1193/193/93 1192/195/93
f 1147/194/93 1192/195/93 1191/196/93
f 1147/194/93 1191/196/93 1148/197/93
f 1148/197/93 1191/196/93 1190/198/93
f 1148/197/93 1190/198/93 1189/199/93
f 1148/197/93 1189/199/93 1149/200/93
f 1149/200/93 1189/199/93 1188/201/93
f 1149/200/93 1188/201/93 1150/202/93
f 1150/202/93 1188/201/93 1161/203/93
f 1161/203/93 1188/201/93 1168/204/93
f 1161/203/93 1168/204/93 1162/205/93
f 1162/205/93 1168/204/93 1163/206/93
f 1163/206/93 1168/204/93 1167/207/93
f 1163/206/93 1167/207/93 1164/208/93
f 1164/208/93 1167/207/93 1165/209/351
f 1165/209/351 1167/207/93 1166/210/449
f 1168/204/93 1188/201/93 1169/211/93
f 1169/211/93 1188/201/93 1187/212/93
f 1169/211/93 1187/212/93 1170/213/93
f 1140/214/94 1139/215/94 1253/216/94
f 1253/216/94 1139/215/94 1178/217/94
f 1253/216/94 1178/217/94 1177/218/94
f 1146/219/94 1180/220/94 1139/215/94
f 1139/215/94 1180/220/94 1179/221/94
f 1139/215/94 1179/221/94 1178/217/94
f 1145/222/94 1182/223/94 1146/219/94
f 1146/219/94 1182/223/94 1181/224/94
f 1146/219/94 1181/224/94 1180/220/94
f 1144/225/94 1184/226/94 1145/222/94
f 1145/222/94 1184/226/94 1183/227/94
f 1145/222/94 1183/227/94 1182/223/94
f 1184/226/94 1144/225/94 1185/228/94
f 1185/228/94 1144/225/94 1143/229/94
f 1185/228/94 1143/229/94 1160/230/94
f 1185/228/94 1160/230/94 1153/231/94
f 1153/231/94 1160/230/94 1159/232/94
f 1153/231/94 1159/232/94 1158/233/94
f 1153/231/94 1158/233/94 1154/234/94
f 1154/234/94 1158/233/94 1157/235/94
f 1154/234/94 1157/235/94 1156/236/94
f 1156/236/94 1155/237/94 1154/234/94
f 1153/231/94 1152/238/94 1185/228/94
f 1185/228/94 1152/238/94 1186/239/94
f 1186/239/94 1152/238/94 1151/240/94
f 1177/218/94 1176/241/94 1253/216/94
f 1253/216/94 1176/241/94 1175/242/94
f 1253/216/94 1175/242/94 1174/243/94
f 1253/216/94 1174/243/94 1254/244/94
f 1254/244/94 1174/243/94 1173/245/94
f 1254/244/94 1173/245/94 1172/246/94
f 1172/246/94 1171/247/94 1254/244/94
f 1254/244/94 1171/247/94 1255/248/94
f 1255/248/94 1171/247/94 1218/249/94
f 1255/248/94 1218/249/94 1217/250/94
f 1255/248/94 1217/250/94 1256/251/94
f 1256/251/94 1217/250/94 1216/252/94
f 1256/251/94 1216/252/94 1215/253/94
f 1256/251/94 1215/253/94 1257/254/94
f 1257/254/94 1215/253/94 1214/255/94
f 1257/254/94 1214/255/94 1258/256/94
f 1258/256/94 1214/255/94 1213/257/94
f 1258/256/94 1213/257/94 1259/258/94
f 1259/258/94 1213/257/94 1212/259/94
f 1259/258/94 1212/259/94 1260/260/94
f 1260/260/94 1212/259/94 1211/261/94
f 1260/260/94 1211/261/94 1261/262/94
f 1261/262/94 1211/261/94 1210/263/94
f 1261/262/94 1210/263/94 1262/264/94
f 1262/264/94 1210/263/94 1263/265/94
f 1263/265/94 1210/263/94 1209/266/94
f 1263/265/94 1209/266/94 1264/267/94
f 1264/267/94 1209/266/94 1208/268/94
f 1264/267/94 1208/268/94 1235/269/94
f 1235/269/94 1208/268/94 1207/270/94
f 1235/269/94 1207/270/94 1236/271/94
f 1236/271/94 1207/270/94 1237/272/94
f 1237/272/94 1207/270/94 1206/273/94
f 1237/272/94 1206/273/94 1238/274/94
f 1238/274/94 1206/273/94 1239/275/94
f 1239/275/94 1206/273/94 1205/276/94
f 1239/275/94 1205/276/94 1240/277/94
f 1240/277/94 1205/276/94 1241/278/94
f 1241/278/94 1205/276/94 1204/279/94
f 1241/278/94 1204/279/94 1242/280/94
f 1242/280/94 1204/279/94 1243/281/94
f 1243/281/94 1204/279/94 1203/282/94
f 1277/283/792 1278/13/793 1280/284/792
f 1280/284/792 1278/13/793 1279/14/793
f 1281/13/794 1282/285/795 1296/14/794
f 1296/14/794 1282/285/795 1295/286/796
f 1295/286/796 1282/285/795 1283/287/797
f 1295/286/796 1283/287/797 1294/288/797
f 1294/288/797 1283/287/797 1284/289/798
f 1294/288/797 1284/289/798 1293/290/798
f 1293/290/798 1284/289/798 1285/291/799
f 1293/290/798 1285/291/799 1292/292/800
f 1292/292/800 1285/291/799 1286/293/801
f 1292/292/800 1286/293/801 1291/294/801
f 1291/294/801 1286/293/801 1287/295/802
f 1291/294/801 1287/295/802 1290/296/802
f 1290/296/802 1287/295/802 1288/297/803
f 1290/296/802 1288/297/803 1289/298/803
f 1289/298/803 1288/297/803 1277/299/792
f 1289/298/803 1277/299/792 1280/300/792
f 1297/13/804 1298/301/805 1312/14/806
f 1312/14/806 1298/301/805 1311/302/805
f 1311/302/805 1298/301/805 1299/303/807
f 1311/302/805 1299/303/807 1310/304/807
f 1310/304/807 1299/303/807 1300/305/808
f 1310/304/807 1300/305/808 1309/306/808
f 1309/306/808 1300/305/808 1301/307/809
f 1309/306/808 1301/307/809 1308/308/809
f 1308/308/809 1301/307/809 1302/309/810
f 1308/308/809 1302/309/810 1307/310/810
f 1307/310/810 1302/309/810 1303/311/811
f 1307/310/810 1303/311/811 1306/312/811
f 1306/312/811 1303/311/811 1304/313/812
f 1306/312/811 1304/313/812 1305/314/812
f 1305/314/812 1304/313/812 1281/315/794
f 1305/314/812 1281/315/794 1296/316/794
f 1313/13/813 1314/317/814 1328/14/813
f 1328/14/813 1314/317/814 1327/318/815
f 1327/318/815 1314/317/814 1315/319/816
f 1327/318/815 1315/319/816 1326/320/817
f 1326/320/817 1315/319/816 1316/321/818
f 1326/320/817 1316/321/818 1325/322/818
f 1325/322/818 1316/321/818 1317/323/819
f 1325/322/818 1317/323/819 1324/324/819
f 1324/324/819 1317/323/819 1318/325/820
f 1324/324/819 1318/325/820 1323/326/820
f 1323/326/820 1318/325/820 1319/327/821
f 1323/326/820 1319/327/821 1322/328/822
f 1322/328/822 1319/327/821 1320/329/823
f 1322/328/822 1320/329/823 1321/330/823
f 1321/330/823 1320/329/823 1297/331/804
f 1321/330/823 1297/331/804 1312/332/806
f 1329/13/824 1330/333/825 1344/14/824
f 1344/14/824 1330/333/825 1343/334/826
f 1343/334/826 1330/333/825 1331/335/827
f 1343/334/826 1331/335/827 1342/336/827
f 1342/336/827 1331/335/827 1332/337/828
f 1342/336/827 1332/337/828 1341/338/829
f 1341/338/829 1332/337/828 1333/339/830
f 1341/338/829 1333/339/830 1340/340/830
f 1340/340/830 1333/339/830 1334/341/831
f 1340/340/830 1334/341/831 1339/342/832
f 1339/342/832 1334/341/831 1335/343/833
f 1339/342/832 1335/343/833 1338/344/834
f 1338/344/834 1335/343/833 1336/345/835
f 1338/344/834 1336/345/835 1337/346/835
f 1337/346/835 1336/345/835 1313/347/813
f 1337/346/835 1313/347/813 1328/348/813
f 1345/13/836 1346/349/837 1360/14/836
f 1360/14/836 1346/349/837 1359/350/837
f 1359/350/837 1346/349/837 1347/351/838
f 1359/350/837 1347/351/838 1358/352/839
f 1358/352/839 1347/351/838 1348/353/840
f 1358/352/839 1348/353/840 1357/354/840
f 1357/354/840 1348/353/840 1349/355/841
f 1357/354/840 1349/355/841 1356/356/841
f 1356/356/841 1349/355/841 1350/357/842
f 1356/356/841 1350/357/842 1355/358/842
f 1355/358/842 1350/357/842 1351/359/843
f 1355/358/842 1351/359/843 1354/360/843
f 1354/360/843 1351/359/843 1352/361/844
f 1354/360/843 1352/361/844 1353/362/845
f 1353/362/845 1352/361/844 1329/363/824
f 1353/362/845 1329/363/824 1344/364/824
f 1361/365/846 1345/366/847 1362/367/848
f 1362/367/848 1345/366/847 1360/368/847
f 1278/369/849 1361/370/850 1279/371/849
f 1279/371/849 1361/370/850 1362/372/850
f 1363/373/629 1364/374/851 1368/375/629
f 1368/375/629 1364/374/851 1367/376/851
f 1367/376/851 1364/374/851 1365/13/852
f 1367/376/851 1365/13/852 1366/14/852
f 1369/377/853 1370/378/854 1372/379/853
f 1372/379/853 1370/378/854 1371/380/854
f 1371/380/854 1370/378/854 1363/13/855
f 1371/380/854 1363/13/855 1368/14/855
f 1373/381/856 1374/382/857 1404/383/858
f 1404/383/858 1374/382/857 1403/384/857
f 1403/384/857 1374/382/857 1375/385/859
f 1403/384/857 1375/385/859 1402/386/859
f 1402/386/859 1375/385/859 1376/387/860
f 1402/386/859 1376/387/860 1401/388/860
f 1401/388/860 1376/387/860 1377/389/861
f 1401/388/860 1377/389/861 1400/390/861
f 1400/390/861 1377/389/861 1378/391/862
f 1400/390/861 1378/391/862 1399/392/862
f 1399/392/862 1378/391/862 1379/393/863
f 1399/392/862 1379/393/863 1398/394/863
f 1398/394/863 1379/393/863 1380/395/864
f 1398/394/863 1380/395/864 1397/396/864
f 1397/396/864 1380/395/864 1381/397/865
f 1397/396/864 1381/397/865 1396/398/865
f 1396/398/865 1381/397/865 1382/399/866
f 1396/398/865 1382/399/866 1395/400/866
f 1395/400/866 1382/399/866 1383/401/867
f 1395/400/866 1383/401/867 1394/402/867
f 1394/402/867 1383/401/867 1384/403/868
f 1394/402/867 1384/403/868 1393/404/868
f 1393/404/868 1384/403/868 1385/405/869
f 1393/404/868 1385/405/869 1392/406/869
f 1392/406/869 1385/405/869 1386/407/870
f 1392/406/869 1386/407/870 1391/408/870
f 1391/408/870 1386/407/870 1387/409/871
f 1391/408/870 1387/409/871 1390/410/872
f 1390/410/872 1387/409/871 1388/411/873
f 1390/410/872 1388/411/873 1389/412/873
f 1389/412/873 1388/411/873 1369/13/853
f 1389/412/873 1369/13/853 1372/14/853
f 1405/413/874 1406/414/875 1436/415/876
f 1436/415/876 1406/414/875 1435/416/875
f 1435/416/875 1406/414/875 1407/417/877
f 1435/416/875 1407/417/877 1434/418/877
f 1434/418/877 1407/417/877 1408/419/878
f 1434/418/877 1408/419/878 1433/420/879
f 1433/420/879 1408/419/878 1409/421/880
f 1433/420/879 1409/421/880 1432/422/880
f 1432/422/880 1409/421/880 1410/423/881
f 1432/422/880 1410/423/881 1431/424/881
f 1431/424/881 1410/423/881 1411/425/882
f 1431/424/881 1411/425/882 1430/426/882
f 1430/426/882 1411/425/882 1412/427/883
f 1430/426/882 1412/427/883 1429/428/883
f 1429/428/883 1412/427/883 1413/429/884
f 1429/428/883 1413/429/884 1428/430/884
f 1428/430/884 1413/429/884 1414/431/885
f 1428/430/884 1414/431/885 1427/432/885
f 1427/432/885 1414/431/885 1415/433/886
f 1427/432/885 1415/433/886 1426/434/886
f 1426/434/886 1415/433/886 1416/435/887
f 1426/434/886 1416/435/887 1425/436/887
f 1425/436/887 1416/435/887 1417/437/888
f 1425/436/887 1417/437/888 1424/438/888
f 1424/438/888 1417/437/888 1418/439/889
f 1424/438/888 1418/439/889 1423/440/890
f 1423/440/890 1418/439/889 1419/441/891
f 1423/440/890 1419/441/891 1422/442/891
f 1422/442/891 1419/441/891 1420/443/892
f 1422/442/891 1420/443/892 1421/444/892
f 1421/444/892 1420/443/892 1373/13/856
f 1421/444/892 1373/13/856 1404/14/858
f 1437/445/893 1438/446/894 1468/447/893
f 1468/447/893 1438/446/894 1467/448/895
f 1467/448/895 1438/446/894 1439/449/896
f 1467/448/895 1439/449/896 1466/450/897
f 1466/450/897 1439/449/896 1440/451/898
f 1466/450/897 1440/451/898 1465/452/899
f 1465/452/899 1440/451/898 1441/453/900
f 1465/452/899 1441/453/900 1464/454/901
f 1464/454/901 1441/453/900 1442/455/902
f 1464/454/901 1442/455/902 1463/456/902
f 1463/456/902 1442/455/902 1443/457/903
f 1463/456/902 1443/457/903 1462/458/903
f 1462/458/903 1443/457/903 1444/459/904
f 1462/458/903 1444/459/904 1461/460/904
f 1461/460/904 1444/459/904 1445/461/905
f 1461/460/904 1445/461/905 1460/462/905
f 1460/462/905 1445/461/905 1446/463/906
f 1460/462/905 1446/463/906 1459/464/906
f 1459/464/906 1446/463/906 1447/465/907
f 1459/464/906 1447/465/907 1458/466/908
f 1458/466/908 1447/465/907 1448/467/909
f 1458/466/908 1448/467/909 1457/468/909
f 1457/468/909 1448/467/909 1449/469/910
f 1457/468/909 1449/469/910 1456/470/910
f 1456/470/910 1449/469/910 1450/471/911
f 1456/470/910 1450/471/911 1455/472/911
f 1455/472/911 1450/471/911 1451/473/912
f 1455/472/911 1451/473/912 1454/474/912
f 1454/474/912 1451/473/912 1452/475/913
f 1454/474/912 1452/475/913 1453/476/913
f 1453/476/913 1452/475/913 1405/13/874
f 1453/476/913 1405/13/874 1436/14/876
f 1365/477/914 1469/478/915 1366/479/914
f 1366/479/914 1469/478/915 1498/480/915
f 1498/480/915 1469/478/915 1470/481/916
f 1498/480/915 1470/481/916 1497/482/916
f 1497/482/916 1470/481/916 1471/483/917
f 1497/482/916 1471/483/917 1496/484/917
f 1496/484/917 1471/483/917 1472/485/918
f 1496/484/917 1472/485/918 1495/486/918
f 1495/486/918 1472/485/918 1473/487/919
f 1495/486/918 1473/487/919 1494/488/919
f 1494/488/919 1473/487/919 1474/489/920
f 1494/488/919 1474/489/920 1493/490/920
f 1493/490/920 1474/489/920 1475/491/921
f 1493/490/920 1475/491/921 1492/492/921
f 1492/492/921 1475/491/921 1476/493/922
f 1492/492/921 1476/493/922 1491/494/922
f 1491/494/922 1476/493/922 1477/495/923
f 1491/494/922 1477/495/923 1490/496/923
f 1490/496/923 1477/495/923 1478/497/924
f 1490/496/923 1478/497/924 1489/498/924
f 1489/498/924 1478/497/924 1479/499/925
f 1489/498/924 1479/499/925 1488/500/925
f 1488/500/925 1479/499/925 1480/501/926
f 1488/500/925 1480/501/926 1487/502/926
f 1487/502/926 1480/501/926 1481/503/927
f 1487/502/926 1481/503/927 1486/504/927
f 1486/504/927 1481/503/927 1482/505/928
f 1486/504/927 1482/505/928 1485/506/928
f 1485/506/928 1482/505/928 1483/507/929
f 1485/506/928 1483/507/929 1484/508/929
f 1484/508/929 1483/507/929 1437/13/893
f 1484/508/929 1437/13/893 1468/14/893
f 1362/509/351 1360/510/93 1279/511/93
f 1279/511/93 1360/510/93 1399/512/93
f 1279/511/93 1399/512/93 1398/513/93
f 1399/512/93 1360/510/93 1400/514/93
f 1400/514/93 1360/510/93 1359/515/93
f 1400/514/93 1359/515/93 1401/516/93
f 1401/516/93 1359/515/93 1402/517/93
f 1402/517/93 1359/515/93 1358/518/93
f 1402/517/93 1358/518/93 1403/519/93
f 1403/519/93 1358/518/93 1404/520/93
f 1404/520/93 1358/518/93 1357/521/93
f 1404/520/93 1357/521/93 1421/522/93
f 1421/522/93 1357/521/93 1422/523/93
f 1422/523/93 1357/521/93 1356/524/93
f 1422/523/93 1356/524/93 1423/525/93
f 1423/525/93 1356/524/93 1424/526/93
f 1424/526/93 1356/524/93 1355/527/93
f 1424/526/93 1355/527/93 1425/528/93
f 1425/528/93 1355/527/93 1354/529/93
f 1425/528/93 1354/529/93 1426/530/93
f 1426/530/93 1354/529/93 1427/531/93
f 1427/531/93 1354/529/93 1353/532/93
f 1427/531/93 1353/532/93 1428/533/93
f 1428/533/93 1353/532/93 1429/534/93
f 1429/534/93 1353/532/93 1344/535/93
f 1429/534/93 1344/535/93 1430/536/93
f 1430/536/93 1344/535/93 1431/537/93
f 1431/537/93 1344/535/93 1343/538/93
f 1431/537/93 1343/538/93 1432/539/93
f 1432/539/93 1343/538/93 1433/540/93
f 1433/540/93 1343/538/93 1342/541/93
f 1433/540/93 1342/541/93 1434/542/93
f 1434/542/93 1342/541/93 1341/543/93
f 1434/542/93 1341/543/93 1435/544/93
f 1435/544/93 1341/543/93 1436/545/93
f 1436/545/93 1341/543/93 1340/546/93
f 1436/545/93 1340/546/93 1453/547/93
f 1453/547/93 1340/546/93 1339/548/93
f 1453/547/93 1339/548/93 1454/549/93
f 1454/549/93 1339/548/93 1455/550/93
f 1455/550/93 1339/548/93 1338/551/93
f 1455/550/93 1338/551/93 1456/552/93
f 1456/552/93 1338/551/93 1337/553/93
f 1456/552/93 1337/553/93 1457/554/93
f 1457/554/93 1337/553/93 1458/555/93
f 1458/555/93 1337/553/93 1328/556/93
f 1458/555/93 1328/556/93 1459/557/93
f 1459/557/93 1328/556/93 1460/558/93
f 1460/558/93 1328/556/93 1327/559/93
f 1460/558/93 1327/559/93 1461/560/93
f 1461/560/93 1327/559/93 1326/561/93
f 1461/560/93 1326/561/93 1462/562/93
f 1462/562/93 1326/561/93 1463/563/93
f 1463/563/93 1326/561/93 1325/564/93
f 1463/563/93 1325/564/93 1464/565/93
f 1464/565/93 1325/564/93 1465/566/93
f 1465/566/93 1325/564/93 1324/567/93
f 1465/566/93 1324/567/93 1466/568/93
f 1466/568/93 1324/567/93 1467/569/93
f 1467/569/93 1324/567/93 1323/570/93
f 1467/569/93 1323/570/93 1468/571/93
f 1468/571/93 1323/570/93 1322/572/93
f 1468/571/93 1322/572/93 1484/573/93
f 1484/573/93 1322/572/93 1485/574/93
f 1485/574/93 1322/572/93 1321/575/93
f 1485/574/93 1321/575/93 1486/576/93
f 1486/576/93 1321/575/93 1487/577/93
f 1487/577/93 1321/575/93 1312/578/93
f 1487/577/93 1312/578/93 1488/579/93
f 1488/579/93 1312/578/93 1311/580/93
f 1488/579/93 1311/580/93 1489/581/93
f 1489/581/93 1311/580/93 1490/582/93
f 1490/582/93 1311/580/93 1310/583/93
f 1490/582/93 1310/583/93 1491/584/93
f 1491/584/93 1310/583/93 1492/585/93
f 1492/585/93 1310/583/93 1309/586/93
f 1492/585/93 1309/586/93 1493/587/93
f 1493/587/93 1309/586/93 1308/588/93
f 1493/587/93 1308/588/93 1494/589/93
f 1494/589/93 1308/588/93 1495/590/93
f 1495/590/93 1308/588/93 1307/591/93
f 1495/590/93 1307/591/93 1496/592/93
f 1496/592/93 1307/591/93 1306/593/93
f 1496/592/93 1306/593/93 1497/594/93
f 1497/594/93 1306/593/93 1498/595/93
f 1498/595/93 1306/593/93 1305/596/93
f 1498/595/93 1305/596/93 1366/597/93
f 1366/597/93 1305/596/93 1296/598/93
f 1366/597/93 1296/598/93 1367/599/93
f 1367/599/93 1296/598/93 1295/600/93
f 1367/599/93 1295/600/93 1368/601/93
f 1368/601/93 1295/600/93 1294/602/93
f 1368/601/93 1294/602/93 1371/603/93
f 1371/603/93 1294/602/93 1372/604/93
f 1372/604/93 1294/602/93 1293/605/93
f 1372/604/93 1293/605/93 1389/606/93
f 1389/606/93 1293/605/93 1292/607/93
f 1389/606/93 1292/607/93 1390/608/93
f 1390/608/93 1292/607/93 1391/609/93
f 1391/609/93 1292/607/93 1291/610/93
f 1391/609/93 1291/610/93 1392/611/93
f 1392/611/93 1291/610/93 1290/612/93
f 1392/611/93 1290/612/93 1393/613/93
f 1393/613/93 1290/612/93 1394/614/93
f 1394/614/93 1290/612/93 1289/615/93
f 1394/614/93 1289/615/93 1395/616/93
f 1395/616/93 1289/615/93 1396/617/93
f 1396/617/93 1289/615/93 1280/618/93
f 1396/617/93 1280/618/93 1397/619/93
f 1397/619/93 1280/618/93 1398/513/93
f 1398/513/93 1280/618/93 1279/511/93
f 1361/620/94 1278/621/94 1345/622/94
f 1345/622/94 1278/621/94 1378/623/94
f 1345/622/94 1378/623/94 1377/624/94
f 1378/623/94 1278/621/94 1379/625/94
f 1379/625/94 1278/621/94 1277/626/94
f 1379/625/94 1277/626/94 1380/627/94
f 1380/627/94 1277/626/94 1381/628/94
f 1381/628/94 1277/626/94 1288/629/94
f 1381/628/94 1288/629/94 1382/630/94
f 1382/630/94 1288/629/94 1383/631/94
f 1383/631/94 1288/629/94 1287/632/94
f 1383/631/94 1287/632/94 1384/633/94
f 1384/633/94 1287/632/94 1385/634/94
f 1385/634/94 1287/632/94 1286/635/94
f 1385/634/94 1286/635/94 1386/636/94
f 1386/636/94 1286/635/94 1285/637/94
f 1386/636/94 1285/637/94 1387/638/94
f 1387/638/94 1285/637/94 1388/639/94
f 1388/639/94 1285/637/94 1284/640/94
f 1388/639/94 1284/640/94 1369/641/94
f 1369/641/94 1284/640/94 1283/642/94
f 1369/641/94 1283/642/94 1370/643/94
f 1370/643/94 1283/642/94 1363/644/94
f 1363/644/94 1283/642/94 1282/645/94
f 1363/644/94 1282/645/94 1364/646/94
f 1364/646/94 1282/645/94 1281/647/94
f 1364/646/94 1281/647/94 1365/648/94
f 1365/648/94 1281/647/94 1304/649/94
f 1365/648/94 1304/649/94 1469/650/94
f 1469/650/94 1304/649/94 1303/651/94
f 1469/650/94 1303/651/94 1470/652/94
f 1470/652/94 1303/651/94 1471/653/94
f 1471/653/94 1303/651/94 1302/654/94
f 1471/653/94 1302/654/94 1472/655/94
f 1472/655/94 1302/654/94 1301/656/94
f 1472/655/94 1301/656/94 1473/657/94
f 1473/657/94 1301/656/94 1474/658/94
f 1474/658/94 1301/656/94 1300/659/94
f 1474/658/94 1300/659/94 1475/660/94
f 1475/660/94 1300/659/94 1299/661/94
f 1475/660/94 1299/661/94 1476/662/94
f 1476/662/94 1299/661/94 1477/663/94
f 1477/663/94 1299/661/94 1298/664/94
f 1477/663/94 1298/664/94 1478/665/94
f 1478/665/94 1298/664/94 1479/666/94
f 1479/666/94 1298/664/94 1297/667/94
f 1479/666/94 1297/667/94 1480/668/94
f 1480/668/94 1297/667/94 1320/669/94
f 1480/668/94 1320/669/94 1481/670/94
f 1481/670/94 1320/669/94 1482/671/94
f 1482/671/94 1320/669/94 1319/672/94
f 1482/671/94 1319/672/94 1483/673/94
f 1483/673/94 1319/672/94 1437/674/94
f 1437/674/94 1319/672/94 1318/675/94
f 1437/674/94 1318/675/94 1438/676/94
f 1438/676/94 1318/675/94 1317/677/94
f 1438/676/94 1317/677/94 1439/678/94
f 1439/678/94 1317/677/94 1440/679/94
f 1440/679/94 1317/677/94 1316/680/94
f 1440/679/94 1316/680/94 1441/681/94
f 1441/681/94 1316/680/94 1442/682/94
f 1442/682/94 1316/680/94 1315/683/94
f 1442/682/94 1315/683/94 1443/684/94
f 1443/684/94 1315/683/94 1444/685/94
f 1444/685/94 1315/683/94 1314/686/94
f 1444/685/94 1314/686/94 1445/687/94
f 1445/687/94 1314/686/94 1313/688/94
f 1445/687/94 1313/688/94 1446/689/94
f 1446/689/94 1313/688/94 1447/690/94
f 1447/690/94 1313/688/94 1336/691/94
f 1447/690/94 1336/691/94 1448/692/94
f 1448/692/94 1336/691/94 1449/693/94
f 1449/693/94 1336/691/94 1335/694/94
f 1449/693/94 1335/694/94 1450/695/94
f 1450/695/94 1335/694/94 1334/696/94
f 1450/695/94 1334/696/94 1451/697/94
f 1451/697/94 1334/696/94 1452/698/94
f 1452/698/94 1334/696/94 1333/699/94
f 1452/698/94 1333/699/94 1405/700/94
f 1405/700/94 1333/699/94 1332/701/94
f 1405/700/94 1332/701/94 1406/702/94
f 1406/702/94 1332/701/94 1407/703/94
f 1407/703/94 1332/701/94 1331/704/94
f 1407/703/94 1331/704/94 1408/705/94
f 1408/705/94 1331/704/94 1330/706/94
f 1408/705/94 1330/706/94 1409/707/94
f 1409/707/94 1330/706/94 1410/708/94
f 1410/708/94 1330/706/94 1329/709/94
f 1410/708/94 1329/709/94 1411/710/94
f 1411/710/94 1329/709/94 1412/711/94
f 1412/711/94 1329/709/94 1352/712/94
f 1412/711/94 1352/712/94 1413/713/94
f 1413/713/94 1352/712/94 1414/714/94
f 1414/714/94 1352/712/94 1351/715/94
f 1414/714/94 1351/715/94 1415/716/94
f 1415/716/94 1351/715/94 1416/717/94
f 1416/717/94 1351/715/94 1350/718/94
f 1416/717/94 1350/718/94 1417/719/94
f 1417/719/94 1350/718/94 1349/720/94
f 1417/719/94 1349/720/94 1418/721/94
f 1418/721/94 1349/720/94 1419/722/94
f 1419/722/94 1349/720/94 1348/723/94
f 1419/722/94 1348/723/94 1420/724/94
f 1420/724/94 1348/723/94 1373/725/94
f 1373/725/94 1348/723/94 1347/726/94
f 1373/725/94 1347/726/94 1374/727/94
f 1374/727/94 1347/726/94 1375/728/94
f 1375/728/94 1347/726/94 1346/729/94
f 1375/728/94 1346/729/94 1376/730/94
f 1376/730/94 1346/729/94 1377/624/94
f 1377/624/94 1346/729/94 1345/622/94
f 1499/13/657 1500/731/657 1502/14/657
f 1502/14/657 1500/731/657 1501/732/657
f 1503/13/629 1504/733/629 1506/14/629
f 1506/14/629 1504/733/629 1505/734/629
f 1505/734/629 1504/733/629 1499/735/629
f 1505/734/629 1499/735/629 1502/736/629
f 1507/13/657 1503/737/657 1508/14/657
f 1508/14/657 1503/737/657 1506/738/657
f 1509/13/629 1507/739/629 1510/14/629
f 1510/14/629 1507/739/629 1508/740/629
f 1511/13/656 1512/741/656 1514/14/656
f 1514/14/656 1512/741/656 1513/742/656
f 1513/742/656 1512/741/656 1509/743/656
f 1513/742/656 1509/743/656 1510/744/656
f 1515/745/930 1516/746/931 1530/747/930
f 1530/747/930 1516/746/931 1529/748/931
f 1529/748/931 1516/746/931 1517/749/932
f 1529/748/931 1517/749/932 1528/750/932
f 1528/750/932 1517/749/932 1518/751/933
f 1528/750/932 1518/751/933 1527/752/933
f 1527/752/933 1518/751/933 1519/753/934
f 1527/752/933 1519/753/934 1526/754/934
f 1526/754/934 1519/753/934 1520/755/935
f 1526/754/934 1520/755/935 1525/756/935
f 1525/756/935 1520/755/935 1521/757/936
f 1525/756/935 1521/757/936 1524/758/937
f 1524/758/937 1521/757/936 1522/759/40
f 1524/758/937 1522/759/40 1523/760/40
f 1523/760/40 1522/759/40 1511/13/938
f 1523/760/40 1511/13/938 1514/14/938
f 1531/761/939 1532/762/277 1546/763/939
f 1546/763/939 1532/762/277 1545/764/277
f 1545/764/277 1532/762/277 1533/765/940
f 1545/764/277 1533/765/940 1544/766/940
f 1544/766/940 1533/765/940 1534/767/941
f 1544/766/940 1534/767/941 1543/768/941
f 1543/768/941 1534/767/941 1535/769/942
f 1543/768/941 1535/769/942 1542/770/942
f 1542/770/942 1535/769/942 1536/771/943
f 1542/770/942 1536/771/943 1541/772/944
f 1541/772/944 1536/771/943 1537/773/945
f 1541/772/944 1537/773/945 1540/774/946
f 1540/774/946 1537/773/945 1538/775/947
f 1540/774/946 1538/775/947 1539/776/947
f 1539/776/947 1538/775/947 1515/13/930
f 1539/776/947 1515/13/930 1530/14/930
f 1547/13/948 1548/777/948 1550/14/948
f 1550/14/948 1548/777/948 1549/778/948
f 1549/778/948 1548/777/948 1531/779/949
f 1549/778/948 1531/779/949 1546/780/949
f 1551/781/950 1552/782/951 1568/783/950
f 1568/783/950 1552/782/951 1567/784/951
f 1567/784/951 1552/782/951 1553/785/952
f 1567/784/951 1553/785/952 1566/786/952
f 1566/786/952 1553/785/952 1554/787/953
f 1566/786/952 1554/787/953 1565/788/953
f 1565/788/953 1554/787/953 1555/789/954
f 1565/788/953 1555/789/954 1564/790/954
f 1564/790/954 1555/789/954 1556/791/955
f 1564/790/954 1556/791/955 1563/792/955
f 1563/792/955 1556/791/955 1557/793/956
f 1563/792/955 1557/793/956 1562/794/956
f 1562/794/956 1557/793/956 1558/795/957
f 1562/794/956 1558/795/957 1561/796/957
f 1561/796/957 1558/795/957 1559/797/958
f 1561/796/957 1559/797/958 1560/798/958
f 1560/798/958 1559/797/958 1547/13/959
f 1560/798/958 1547/13/959 1550/14/959
f 1569/799/960 1570/800/961 1600/801/960
f 1600/801/960 1570/800/961 1599/802/961
f 1599/802/961 1570/800/961 1571/803/962
f 1599/802/961 1571/803/962 1598/804/963
f 1598/804/963 1571/803/962 1572/805/964
f 1598/804/963 1572/805/964 1597/806/964
f 1597/806/964 1572/805/964 1573/807/965
f 1597/806/964 1573/807/965 1596/808/965
f 1596/808/965 1573/807/965 1574/809/966
f 1596/808/965 1574/809/966 1595/810/967
f 1595/810/967 1574/809/966 1575/811/968
f 1595/810/967 1575/811/968 1594/812/968
f 1594/812/968 1575/811/968 1576/813/969
f 1594/812/968 1576/813/969 1593/814/969
f 1593/814/969 1576/813/969 1577/815/970
f 1593/814/969 1577/815/970 1592/816/970
f 1592/816/970 1577/815/970 1578/817/971
f 1592/816/970 1578/817/971 1591/818/971
f 1591/818/971 1578/817/971 1579/819/972
f 1591/818/971 1579/819/972 1590/820/972
f 1590/820/972 1579/819/972 1580/821/973
f 1590/820/972 1580/821/973 1589/822/973
f 1589/822/973 1580/821/973 1581/823/974
f 1589/822/973 1581/823/974 1588/824/974
f 1588/824/974 1581/823/974 1582/825/975
f 1588/824/974 1582/825/975 1587/826/975
f 1587/826/975 1582/825/975 1583/827/976
f 1587/826/975 1583/827/976 1586/828/976
f 1586/828/976 1583/827/976 1584/829/977
f 1586/828/976 1584/829/977 1585/830/977
f 1585/830/977 1584/829/977 1551/13/950
f 1585/830/977 1551/13/950 1568/14/950
f 1500/13/978 1601/831/978 1501/14/978
f 1501/14/978 1601/831/978 1604/832/978
f 1604/832/978 1601/831/978 1602/833/979
f 1604/832/978 1602/833/979 1603/834/979
f 1603/834/979 1602/833/979 1569/835/980
f 1603/834/979 1569/835/980 1600/836/980
f 1502/837/93 1501/838/93 1505/839/93
f 1505/839/93 1501/838/93 1604/840/93
f 1505/839/93 1604/840/93 1506/841/93
f 1506/841/93 1604/840/93 1603/842/93
f 1506/841/93 1603/842/93 1514/843/93
f 1514/843/93 1603/842/93 1600/844/93
f 1514/843/93 1600/844/93 1523/845/93
f 1523/845/93 1600/844/93 1599/846/93
f 1523/845/93 1599/846/93 1524/847/93
f 1524/847/93 1599/846/93 1598/848/93
f 1524/847/93 1598/848/93 1525/849/93
f 1525/849/93 1598/848/93 1597/850/93
f 1525/849/93 1597/850/93 1596/851/93
f 1525/849/93 1596/851/93 1526/852/93
f 1526/852/93 1596/851/93 1595/853/93
f 1526/852/93 1595/853/93 1527/854/93
f 1527/854/93 1595/853/93 1594/855/93
f 1527/854/93 1594/855/93 1593/856/93
f 1527/854/93 1593/856/93 1528/857/93
f 1528/857/93 1593/856/93 1592/858/93
f 1528/857/93 1592/858/93 1591/859/93
f 1528/857/93 1591/859/93 1529/860/93
f 1529/860/93 1591/859/93 1590/861/93
f 1529/860/93 1590/861/93 1589/862/93
f 1589/862/93 1588/863/93 1529/860/93
f 1529/860/93 1588/863/93 1530/864/93
f 1530/864/93 1588/863/93 1587/865/93
f 1530/864/93 1587/865/93 1586/866/93
f 1530/864/93 1586/866/93 1539/867/93
f 1539/867/93 1586/866/93 1585/868/93
f 1539/867/93 1585/868/93 1568/869/93
f 1568/869/93 1567/870/93 1539/867/93
f 1539/867/93 1567/870/93 1540/871/93
f 1540/871/93 1567/870/93 1566/872/93
f 1540/871/93 1566/872/93 1541/873/93
f 1541/873/93 1566/872/93 1565/874/93
f 1541/873/93 1565/874/93 1564/875/93
f 1541/873/93 1564/875/93 1542/876/93
f 1542/876/93 1564/875/93 1563/877/93
f 1542/876/93 1563/877/93 1543/878/93
f 1543/878/93 1563/877/93 1562/879/93
f 1543/878/93 1562/879/93 1544/880/93
f 1544/880/93 1562/879/93 1561/881/93
f 1544/880/93 1561/881/93 1545/882/93
f 1545/882/93 1561/881/93 1549/883/93
f 1545/882/93 1549/883/93 1546/884/93
f 1561/881/93 1560/885/93 1549/883/93
f 1549/883/93 1560/885/93 1550/886/93
f 1514/843/93 1513/887/93 1506/841/93
f 1506/841/93 1513/887/93 1508/888/93
f 1508/888/93 1513/887/93 1510/889/93
f 1602/890/94 1511/891/94 1569/892/94
f 1569/892/94 1511/891/94 1522/893/94
f 1569/892/94 1522/893/94 1570/894/94
f 1570/894/94 1522/893/94 1521/895/94
f 1570/894/94 1521/895/94 1571/896/94
f 1571/896/94 1521/895/94 1520/897/94
f 1571/896/94 1520/897/94 1572/898/94
f 1572/898/94 1520/897/94 1573/899/94
f 1573/899/94 1520/897/94 1519/900/94
f 1573/899/94 1519/900/94 1574/901/94
f 1574/901/94 1519/900/94 1518/902/94
f 1574/901/94 1518/902/94 1575/903/94
f 1575/903/94 1518/902/94 1576/904/94
f 1576/904/94 1518/902/94 1517/905/94
f 1576/904/94 1517/905/94 1577/906/94
f 1577/906/94 1517/905/94 1578/907/94
f 1578/907/94 1517/905/94 1516/908/94
f 1578/907/94 1516/908/94 1579/909/94
f 1579/909/94 1516/908/94 1580/910/94
f 1580/910/94 1516/908/94 1581/911/94
f 1581/911/94 1516/908/94 1515/912/94
f 1581/911/94 1515/912/94 1582/913/94
f 1582/913/94 1515/912/94 1583/914/94
f 1583/914/94 1515/912/94 1538/915/94
f 1583/914/94 1538/915/94 1584/916/94
f 1584/916/94 1538/915/94 1551/917/94
f 1551/917/94 1538/915/94 1552/918/94
f 1552/918/94 1538/915/94 1537/919/94
f 1552/918/94 1537/919/94 1553/920/94
f 1553/920/94 1537/919/94 1536/921/94
f 1553/920/94 1536/921/94 1554/922/94
f 1554/922/94 1536/921/94 1555/923/94
f 1555/923/94 1536/921/94 1535/924/94
f 1555/923/94 1535/924/94 1556/925/94
f 1556/925/94 1535/924/94 1534/926/94
f 1556/925/94 1534/926/94 1557/927/94
f 1557/927/94 1534/926/94 1533/928/94
f 1557/927/94 1533/928/94 1558/929/94
f 1558/929/94 1533/928/94 1532/930/94
f 1558/929/94 1532/930/94 1548/931/94
f 1548/931/94 1532/930/94 1531/932/94
f 1511/891/94 1602/890/94 1503/933/94
f 1503/933/94 1602/890/94 1601/934/94
f 1503/933/94 1601/934/94 1504/935/94
f 1504/935/94 1601/934/94 1500/936/94
f 1504/935/94 1500/936/94 1499/937/94
f 1511/891/94 1503/933/94 1512/938/94
f 1512/938/94 1503/933/94 1507/939/94
f 1512/938/94 1507/939/94 1509/940/94
f 1547/941/94 1559/942/94 1548/931/94
f 1548/931/94 1559/942/94 1558/929/94
f 1605/13/647 1606/943/647 1610/14/647
f 1610/14/647 1606/943/647 1609/944/647
f 1609/944/647 1606/943/647 1607/945/647
f 1609/944/647 1607/945/647 1608/946/647
f 1611/947/981 1612/948/982 1614/949/981
f 1614/949/981 1612/948/982 1613/950/982
f 1613/950/982 1612/948/982 1605/13/983
f 1613/950/982 1605/13/983 1610/14/983
f 1615/951/984 1616/952/209 1646/953/984
f 1646/953/984 1616/952/209 1645/954/985
f 1645/954/985 1616/952/209 1617/955/986
f 1645/954/985 1617/955/986 1644/956/987
f 1644/956/987 1617/955/986 1618/957/988
f 1644/956/987 1618/957/988 1643/958/988
f 1643/958/988 1618/957/988 1619/959/989
f 1643/958/988 1619/959/989 1642/960/990
f 1642/960/990 1619/959/989 1620/961/991
f 1642/960/990 1620/961/991 1641/962/991
f 1641/962/991 1620/961/991 1621/963/992
f 1641/962/991 1621/963/992 1640/964/993
f 1640/964/993 1621/963/992 1622/965/994
f 1640/964/993 1622/965/994 1639/966/994
f 1639/966/994 1622/965/994 1623/967/995
f 1639/966/994 1623/967/995 1638/968/995
f 1638/968/995 1623/967/995 1624/969/996
f 1638/968/995 1624/969/996 1637/970/996
f 1637/970/996 1624/969/996 1625/971/997
f 1637/970/996 1625/971/997 1636/972/997
f 1636/972/997 1625/971/997 1626/973/998
f 1636/972/997 1626/973/998 1635/974/998
f 1635/974/998 1626/973/998 1627/975/999
f 1635/974/998 1627/975/999 1634/976/1000
f 1634/976/1000 1627/975/999 1628/977/1001
f 1634/976/1000 1628/977/1001 1633/978/1002
f 1633/978/1002 1628/977/1001 1629/979/1003
f 1633/978/1002 1629/979/1003 1632/980/1004
f 1632/980/1004 1629/979/1003 1630/981/1005
f 1632/980/1004 1630/981/1005 1631/982/1005
f 1631/982/1005 1630/981/1005 1611/13/981
f 1631/982/1005 1611/13/981 1614/14/981
f 1647/13/1006 1648/983/1007 1652/14/1006
f 1652/14/1006 1648/983/1007 1651/984/1007
f 1651/984/1007 1648/983/1007 1649/985/1007
f 1651/984/1007 1649/985/1007 1650/986/1007
f 1650/986/1007 1649/985/1007 1615/987/1006
f 1650/986/1007 1615/987/1006 1646/988/1006
f 1653/989/1008 1654/990/1009 1658/991/1008
f 1658/991/1008 1654/990/1009 1657/992/1010
f 1657/992/1010 1654/990/1009 1655/993/1011
f 1657/992/1010 1655/993/1011 1656/994/1011
f 1656/994/1011 1655/993/1011 1647/13/1012
f 1656/994/1011 1647/13/1012 1652/14/1012
f 1659/995/1013 1660/996/1014 1690/997/1013
f 1690/997/1013 1660/996/1014 1689/998/1015
f 1689/998/1015 1660/996/1014 1661/999/1016
f 1689/998/1015 1661/999/1016 1688/1000/1016
f 1688/1000/1016 1661/999/1016 1662/1001/1017
f 1688/1000/1016 1662/1001/1017 1687/1002/1017
f 1687/1002/1017 1662/1001/1017 1663/1003/1018
f 1687/1002/1017 1663/1003/1018 1686/1004/1018
f 1686/1004/1018 1663/1003/1018 1664/1005/1019
f 1686/1004/1018 1664/1005/1019 1685/1006/1019
f 1685/1006/1019 1664/1005/1019 1665/1007/1020
f 1685/1006/1019 1665/1007/1020 1684/1008/1020
f 1684/1008/1020 1665/1007/1020 1666/1009/1021
f 1684/1008/1020 1666/1009/1021 1683/1010/1021
f 1683/1010/1021 1666/1009/1021 1667/1011/1022
f 1683/1010/1021 1667/1011/1022 1682/1012/1022
f 1682/1012/1022 1667/1011/1022 1668/1013/1023
f 1682/1012/1022 1668/1013/1023 1681/1014/1024
f 1681/1014/1024 1668/1013/1023 1669/1015/1025
f 1681/1014/1024 1669/1015/1025 1680/1016/1025
f 1680/1016/1025 1669/1015/1025 1670/1017/1026
f 1680/1016/1025 1670/1017/1026 1679/1018/1026
f 1679/1018/1026 1670/1017/1026 1671/1019/1027
f 1679/1018/1026 1671/1019/1027 1678/1020/1027
f 1678/1020/1027 1671/1019/1027 1672/1021/1028
f 1678/1020/1027 1672/1021/1028 1677/1022/1028
f 1677/1022/1028 1672/1021/1028 1673/1023/1029
f 1677/1022/1028 1673/1023/1029 1676/1024/1029
f 1676/1024/1029 1673/1023/1029 1674/1025/1030
f 1676/1024/1029 1674/1025/1030 1675/1026/1030
f 1675/1026/1030 1674/1025/1030 1653/13/1008
f 1675/1026/1030 1653/13/1008 1658/14/1008
f 1691/1027/1031 1659/13/1013 1692/1028/1031
f 1692/1028/1031 1659/13/1013 1690/14/1013
f 1693/1029/1032 1694/1030/1032 1698/1031/1032
f 1698/1031/1032 1694/1030/1032 1697/1032/1032
f 1697/1032/1032 1694/1030/1032 1695/1033/629
f 1697/1032/1032 1695/1033/629 1696/1034/629
f 1696/1034/629 1695/1033/629 1691/13/1031
f 1696/1034/629 1691/13/1031 1692/14/1031
f 1699/1035/1033 1700/1036/1034 1702/1037/1033
f 1702/1037/1033 1700/1036/1034 1701/1038/1034
f 1701/1038/1034 1700/1036/1034 1693/13/1035
f 1701/1038/1034 1693/13/1035 1698/14/1035
f 1703/1039/1036 1704/1040/1037 1714/1041/1036
f 1714/1041/1036 1704/1040/1037 1713/1042/1037
f 1713/1042/1037 1704/1040/1037 1705/1043/1038
f 1713/1042/1037 1705/1043/1038 1712/1044/1038
f 1712/1044/1038 1705/1043/1038 1706/1045/1039
f 1712/1044/1038 1706/1045/1039 1711/1046/1039
f 1711/1046/1039 1706/1045/1039 1707/1047/1040
f 1711/1046/1039 1707/1047/1040 1710/1048/1040
f 1710/1048/1040 1707/1047/1040 1708/1049/1041
f 1710/1048/1040 1708/1049/1041 1709/1050/1041
f 1709/1050/1041 1708/1049/1041 1699/13/1042
f 1709/1050/1041 1699/13/1042 1702/14/1043
f 1715/1051/1044 1716/1052/1045 1720/1053/1044
f 1720/1053/1044 1716/1052/1045 1719/1054/1045
f 1719/1054/1045 1716/1052/1045 1717/1055/1046
f 1719/1054/1045 1717/1055/1046 1718/1056/1046
f 1718/1056/1046 1717/1055/1046 1703/13/1047
f 1718/1056/1046 1703/13/1047 1714/14/1047
f 1607/1057/1048 1721/1058/1049 1608/1059/1048
f 1608/1059/1048 1721/1058/1049 1722/1060/1049
f 1722/1060/1049 1721/1058/1049 1715/13/1044
f 1722/1060/1049 1715/13/1044 1720/14/1044
f 1722/1061/93 1687/1062/93 1608/1063/93
f 1608/1063/93 1687/1062/93 1613/1064/93
f 1608/1063/93 1613/1064/93 1609/1065/93
f 1609/1065/93 1613/1064/93 1610/1066/93
f 1720/1067/93 1689/1068/93 1722/1061/93
f 1722/1061/93 1689/1068/93 1688/1069/93
f 1722/1061/93 1688/1069/93 1687/1062/93
f 1689/1068/93 1720/1067/93 1690/1070/93
f 1690/1070/93 1720/1067/93 1719/1071/93
f 1690/1070/93 1719/1071/93 1692/1072/93
f 1692/1072/93 1719/1071/93 1718/1073/93
f 1692/1072/93 1718/1073/93 1696/1074/93
f 1696/1074/93 1718/1073/93 1714/1075/93
f 1696/1074/93 1714/1075/93 1701/1076/93
f 1701/1076/93 1714/1075/93 1702/1077/93
f 1702/1077/93 1714/1075/93 1713/1078/93
f 1702/1077/93 1713/1078/93 1709/1079/93
f 1709/1079/93 1713/1078/93 1710/1080/351
f 1710/1080/351 1713/1078/93 1711/1081/449
f 1711/1081/449 1713/1078/93 1712/1082/351
f 1698/1083/93 1697/1084/93 1701/1076/93
f 1701/1076/93 1697/1084/93 1696/1074/93
f 1613/1064/93 1687/1062/93 1614/1085/93
f 1614/1085/93 1687/1062/93 1686/1086/93
f 1614/1085/93 1686/1086/93 1631/1087/93
f 1631/1087/93 1686/1086/93 1685/1088/93
f 1631/1087/93 1685/1088/93 1632/1089/93
f 1632/1089/93 1685/1088/93 1633/1090/93
f 1633/1090/93 1685/1088/93 1684/1091/93
f 1633/1090/93 1684/1091/93 1634/1092/93
f 1634/1092/93 1684/1091/93 1683/1093/93
f 1634/1092/93 1683/1093/93 1635/1094/93
f 1635/1094/93 1683/1093/93 1682/1095/93
f 1635/1094/93 1682/1095/93 1636/1096/93
f 1636/1096/93 1682/1095/93 1681/1097/93
f 1636/1096/93 1681/1097/93 1680/1098/93
f 1636/1096/93 1680/1098/93 1637/1099/93
f 1637/1099/93 1680/1098/93 1679/1100/93
f 1637/1099/93 1679/1100/93 1638/1101/93
f 1638/1101/93 1679/1100/93 1678/1102/93
f 1638/1101/93 1678/1102/93 1677/1103/93
f 1638/1101/93 1677/1103/93 1639/1104/93
f 1639/1104/93 1677/1103/93 1676/1105/93
f 1639/1104/93 1676/1105/93 1640/1106/93
f 1640/1106/93 1676/1105/93 1675/1107/93
f 1640/1106/93 1675/1107/93 1658/1108/93
f 1640/1106/93 1658/1108/93 1641/1109/93
f 1641/1109/93 1658/1108/93 1657/1110/93
f 1641/1109/93 1657/1110/93 1642/1111/93
f 1642/1111/93 1657/1110/93 1656/1112/93
f 1642/1111/93 1656/1112/93 1643/1113/93
f 1643/1113/93 1656/1112/93 1644/1114/93
f 1644/1114/93 1656/1112/93 1652/1115/93
f 1644/1114/93 1652/1115/93 1651/1116/93
f 1644/1114/93 1651/1116/93 1645/1117/93
f 1645/1117/93 1651/1116/93 1650/1118/93
f 1645/1117/93 1650/1118/93 1646/1119/93
f 1721/1120/94 1660/1121/94 1715/1122/94
f 1715/1122/94 1660/1121/94 1659/1123/94
f 1715/1122/94 1659/1123/94 1716/1124/94
f 1716/1124/94 1659/1123/94 1691/1125/94
f 1716/1124/94 1691/1125/94 1717/1126/94
f 1717/1126/94 1691/1125/94 1695/1127/94
f 1717/1126/94 1695/1127/94 1703/1128/94
f 1703/1128/94 1695/1127/94 1700/1129/94
f 1703/1128/94 1700/1129/94 1699/1130/94
f 1607/1131/94 1662/1132/94 1721/1120/94
f 1721/1120/94 1662/1132/94 1661/1133/94
f 1721/1120/94 1661/1133/94 1660/1121/94
f 1662/1132/94 1607/1131/94 1612/1134/94
f 1612/1134/94 1607/1131/94 1606/1135/94
f 1612/1134/94 1606/1135/94 1605/1136/94
f 1612/1134/94 1611/1137/94 1662/1132/94
f 1662/1132/94 1611/1137/94 1663/1138/94
f 1663/1138/94 1611/1137/94 1630/1139/94
f 1663/1138/94 1630/1139/94 1664/1140/94
f 1664/1140/94 1630/1139/94 1629/1141/94
f 1664/1140/94 1629/1141/94 1628/1142/94
f 1664/1140/94 1628/1142/94 1665/1143/94
f 1665/1143/94 1628/1142/94 1627/1144/94
f 1665/1143/94 1627/1144/94 1666/1145/94
f 1666/1145/94 1627/1144/94 1626/1146/94
f 1666/1145/94 1626/1146/94 1667/1147/94
f 1667/1147/94 1626/1146/94 1625/1148/94
f 1667/1147/94 1625/1148/94 1668/1149/94
f 1668/1149/94 1625/1148/94 1669/1150/94
f 1669/1150/94 1625/1148/94 1624/1151/94
f 1669/1150/94 1624/1151/94 1670/1152/94
f 1670/1152/94 1624/1151/94 1623/1153/94
f 1670/1152/94 1623/1153/94 1671/1154/94
f 1671/1154/94 1623/1153/94 1672/1155/94
f 1672/1155/94 1623/1153/94 1622/1156/94
f 1672/1155/94 1622/1156/94 1673/1157/94
f 1673/1157/94 1622/1156/94 1621/1158/94
f 1673/1157/94 1621/1158/94 1674/1159/94
f 1674/1159/94 1621/1158/94 1653/1160/94
f 1653/1160/94 1621/1158/94 1620/1161/94
f 1653/1160/94 1620/1161/94 1654/1162/94
f 1654/1162/94 1620/1161/94 1619/1163/94
f 1654/1162/94 1619/1163/94 1655/1164/94
f 1655/1164/94 1619/1163/94 1618/1165/94
f 1655/1164/94 1618/1165/94 1617/1166/94
f 1616/1167/94 1648/1168/94 1617/1166/94
f 1617/1166/94 1648/1168/94 1647/1169/94
f 1617/1166/94 1647/1169/94 1655/1164/94
f 1615/1170/94 1649/1171/94 1616/1167/94
f 1616/1167/94 1649/1171/94 1648/1168/94
f 1695/1127/94 1694/1172/94 1700/1129/94
f 1700/1129/94 1694/1172/94 1693/1173/94
f 1703/1128/94 1699/1130/94 1704/1174/94
f 1704/1174/94 1699/1130/94 1708/1175/94
f 1704/1174/94 1708/1175/94 1707/1176/94
f 1707/1176/94 1706/1177/94 1704/1174/94
f 1704/1174/94 1706/1177/94 1705/1178/94
f 1723/1179/1050 1724/1180/1051 1726/1181/1052
f 1726/1181/1052 1724/1180/1051 1725/1182/1053
f 1727/1183/1054 1723/13/1055 1728/1184/1056
f 1728/1184/1056 1723/13/1055 1726/14/1055
f 1729/1185/1057 1727/1186/1054 1730/1187/1058
f 1730/1187/1058 1727/1186/1054 1728/1188/1056
f 1731/1189/1059 1732/1190/1060 1736/1191/1059
f 1736/1191/1059 1732/1190/1060 1735/1192/1060
f 1735/1192/1060 1732/1190/1060 1733/1193/1061
f 1735/1192/1060 1733/1193/1061 1734/1194/1061
f 1734/1194/1061 1733/1193/1061 1729/1195/1057
f 1734/1194/1061 1729/1195/1057 1730/1196/1058
f 1737/1197/1062 1738/1198/1063 1756/1199/1062
f 1756/1199/1062 1738/1198/1063 1755/1200/1063
f 1755/1200/1063 1738/1198/1063 1739/1201/1064
f 1755/1200/1063 1739/1201/1064 1754/1202/1064
f 1754/1202/1064 1739/1201/1064 1740/1203/1065
f 1754/1202/1064 1740/1203/1065 1753/1204/1065
f 1753/1204/1065 1740/1203/1065 1741/1205/1066
f 1753/1204/1065 1741/1205/1066 1752/1206/1066
f 1752/1206/1066 1741/1205/1066 1742/1207/1067
f 1752/1206/1066 1742/1207/1067 1751/1208/1068
f 1751/1208/1068 1742/1207/1067 1743/1209/1069
f 1751/1208/1068 1743/1209/1069 1750/1210/1069
f 1750/1210/1069 1743/1209/1069 1744/1211/1070
f 1750/1210/1069 1744/1211/1070 1749/1212/1071
f 1749/1212/1071 1744/1211/1070 1745/1213/1072
f 1749/1212/1071 1745/1213/1072 1748/1214/1073
f 1748/1214/1073 1745/1213/1072 1746/1215/1074
f 1748/1214/1073 1746/1215/1074 1747/1216/1074
f 1747/1216/1074 1746/1215/1074 1731/13/1059
f 1747/1216/1074 1731/13/1059 1736/14/1059
f 1757/1217/1075 1758/1218/1076 1788/1219/1077
f 1788/1219/1077 1758/1218/1076 1787/1220/1076
f 1787/1220/1076 1758/1218/1076 1759/1221/1078
f 1787/1220/1076 1759/1221/1078 1786/1222/1078
f 1786/1222/1078 1759/1221/1078 1760/1223/1079
f 1786/1222/1078 1760/1223/1079 1785/1224/1079
f 1785/1224/1079 1760/1223/1079 1761/1225/1080
f 1785/1224/1079 1761/1225/1080 1784/1226/1080
f 1784/1226/1080 1761/1225/1080 1762/1227/1081
f 1784/1226/1080 1762/1227/1081 1783/1228/1081
f 1783/1228/1081 1762/1227/1081 1763/1229/1082
f 1783/1228/1081 1763/1229/1082 1782/1230/1082
f 1782/1230/1082 1763/1229/1082 1764/1231/1083
f 1782/1230/1082 1764/1231/1083 1781/1232/1083
f 1781/1232/1083 1764/1231/1083 1765/1233/1084
f 1781/1232/1083 1765/1233/1084 1780/1234/1084
f 1780/1234/1084 1765/1233/1084 1766/1235/1085
f 1780/1234/1084 1766/1235/1085 1779/1236/1086
f 1779/1236/1086 1766/1235/1085 1767/1237/1087
f 1779/1236/1086 1767/1237/1087 1778/1238/1087
f 1778/1238/1087 1767/1237/1087 1768/1239/1088
f 1778/1238/1087 1768/1239/1088 1777/1240/1089
f 1777/1240/1089 1768/1239/1088 1769/1241/1090
f 1777/1240/1089 1769/1241/1090 1776/1242/1090
f 1776/1242/1090 1769/1241/1090 1770/1243/1091
f 1776/1242/1090 1770/1243/1091 1775/1244/1092
f 1775/1244/1092 1770/1243/1091 1771/1245/1093
f 1775/1244/1092 1771/1245/1093 1774/1246/1093
f 1774/1246/1093 1771/1245/1093 1772/1247/1094
f 1774/1246/1093 1772/1247/1094 1773/1248/1094
f 1773/1248/1094 1772/1247/1094 1737/13/1095
f 1773/1248/1094 1737/13/1095 1756/14/1095
f 1789/1249/1096 1790/1250/1097 1820/1251/1096
f 1820/1251/1096 1790/1250/1097 1819/1252/1097
f 1819/1252/1097 1790/1250/1097 1791/1253/1098
f 1819/1252/1097 1791/1253/1098 1818/1254/1098
f 1818/1254/1098 1791/1253/1098 1792/1255/1099
f 1818/1254/1098 1792/1255/1099 1817/1256/1099
f 1817/1256/1099 1792/1255/1099 1793/1257/1100
f 1817/1256/1099 1793/1257/1100 1816/1258/1100
f 1816/1258/1100 1793/1257/1100 1794/1259/1101
f 1816/1258/1100 1794/1259/1101 1815/1260/1101
f 1815/1260/1101 1794/1259/1101 1795/1261/1102
f 1815/1260/1101 1795/1261/1102 1814/1262/1102
f 1814/1262/1102 1795/1261/1102 1796/1263/875
f 1814/1262/1102 1796/1263/875 1813/1264/875
f 1813/1264/875 1796/1263/875 1797/1265/1103
f 1813/1264/875 1797/1265/1103 1812/1266/1103
f 1812/1266/1103 1797/1265/1103 1798/1267/1104
f 1812/1266/1103 1798/1267/1104 1811/1268/1105
f 1811/1268/1105 1798/1267/1104 1799/1269/1106
f 1811/1268/1105 1799/1269/1106 1810/1270/1106
f 1810/1270/1106 1799/1269/1106 1800/1271/1107
f 1810/1270/1106 1800/1271/1107 1809/1272/1107
f 1809/1272/1107 1800/1271/1107 1801/1273/1108
f 1809/1272/1107 1801/1273/1108 1808/1274/1108
f 1808/1274/1108 1801/1273/1108 1802/1275/1109
f 1808/1274/1108 1802/1275/1109 1807/1276/1109
f 1807/1276/1109 1802/1275/1109 1803/1277/1110
f 1807/1276/1109 1803/1277/1110 1806/1278/1110
f 1806/1278/1110 1803/1277/1110 1804/1279/1111
f 1806/1278/1110 1804/1279/1111 1805/1280/1111
f 1805/1280/1111 1804/1279/1111 1757/13/1075
f 1805/1280/1111 1757/13/1075 1788/14/1077
f 1821/1281/1112 1822/1282/1113 1838/1283/1112
f 1838/1283/1112 1822/1282/1113 1837/1284/1113
f 1837/1284/1113 1822/1282/1113 1823/1285/1114
f 1837/1284/1113 1823/1285/1114 1836/1286/1114
f 1836/1286/1114 1823/1285/1114 1824/1287/1115
f 1836/1286/1114 1824/1287/1115 1835/1288/1115
f 1835/1288/1115 1824/1287/1115 1825/1289/1116
f 1835/1288/1115 1825/1289/1116 1834/1290/1116
f 1834/1290/1116 1825/1289/1116 1826/1291/1117
f 1834/1290/1116 1826/1291/1117 1833/1292/1117
f 1833/1292/1117 1826/1291/1117 1827/1293/1118
f 1833/1292/1117 1827/1293/1118 1832/1294/1119
f 1832/1294/1119 1827/1293/1118 1828/1295/1120
f 1832/1294/1119 1828/1295/1120 1831/1296/1120
f 1831/1296/1120 1828/1295/1120 1829/1297/1121
f 1831/1296/1120 1829/1297/1121 1830/1298/1121
f 1830/1298/1121 1829/1297/1121 1789/13/1122
f 1830/1298/1121 1789/13/1122 1820/14/1122
f 1839/13/1123 1840/1299/1124 1870/14/1123
f 1870/14/1123 1840/1299/1124 1869/1300/1124
f 1869/1300/1124 1840/1299/1124 1841/1301/1125
f 1869/1300/1124 1841/1301/1125 1868/1302/1125
f 1868/1302/1125 1841/1301/1125 1842/1303/1126
f 1868/1302/1125 1842/1303/1126 1867/1304/1127
f 1867/1304/1127 1842/1303/1126 1843/1305/1128
f 1867/1304/1127 1843/1305/1128 1866/1306/1129
f 1866/1306/1129 1843/1305/1128 1844/1307/1130
f 1866/1306/1129 1844/1307/1130 1865/1308/1131
f 1865/1308/1131 1844/1307/1130 1845/1309/1132
f 1865/1308/1131 1845/1309/1132 1864/1310/1132
f 1864/1310/1132 1845/1309/1132 1846/1311/1133
f 1864/1310/1132 1846/1311/1133 1863/1312/1133
f 1863/1312/1133 1846/1311/1133 1847/1313/1134
f 1863/1312/1133 1847/1313/1134 1862/1314/1135
f 1862/1314/1135 1847/1313/1134 1848/1315/1136
f 1862/1314/1135 1848/1315/1136 1861/1316/1137
f 1861/1316/1137 1848/1315/1136 1849/1317/1138
f 1861/1316/1137 1849/1317/1138 1860/1318/1138
f 1860/1318/1138 1849/1317/1138 1850/1319/1139
f 1860/1318/1138 1850/1319/1139 1859/1320/1139
f 1859/1320/1139 1850/1319/1139 1851/1321/1140
f 1859/1320/1139 1851/1321/1140 1858/1322/1141
f 1858/1322/1141 1851/1321/1140 1852/1323/1142
f 1858/1322/1141 1852/1323/1142 1857/1324/1143
f 1857/1324/1143 1852/1323/1142 1853/1325/1144
f 1857/1324/1143 1853/1325/1144 1856/1326/1144
f 1856/1326/1144 1853/1325/1144 1854/1327/1145
f 1856/1326/1144 1854/1327/1145 1855/1328/1145
f 1855/1328/1145 1854/1327/1145 1821/1329/1112
f 1855/1328/1145 1821/1329/1112 1838/1330/1112
f 1724/1331/1146 1839/1332/1147 1725/1333/1146
f 1725/1333/1146 1839/1332/1147 1870/1334/1147
f 1725/1335/93 1870/1336/93 1726/1337/93
f 1726/1337/93 1870/1336/93 1778/1338/93
f 1726/1337/93 1778/1338/93 1777/1339/93
f 1869/1340/93 1780/1341/93 1870/1336/93
f 1870/1336/93 1780/1341/93 1779/1342/93
f 1870/1336/93 1779/1342/93 1778/1338/93
f 1868/1343/93 1782/1344/93 1869/1340/93
f 1869/1340/93 1782/1344/93 1781/1345/93
f 1869/1340/93 1781/1345/93 1780/1341/93
f 1867/1346/93 1784/1347/93 1868/1343/93
f 1868/1343/93 1784/1347/93 1783/1348/93
f 1868/1343/93 1783/1348/93 1782/1344/93
f 1866/1349/93 1786/1350/93 1867/1346/93
f 1867/1346/93 1786/1350/93 1785/1351/93
f 1867/1346/93 1785/1351/93 1784/1347/93
f 1865/1352/93 1788/1353/93 1866/1349/93
f 1866/1349/93 1788/1353/93 1787/1354/93
f 1866/1349/93 1787/1354/93 1786/1350/93
f 1864/1355/93 1806/1356/93 1865/1352/93
f 1865/1352/93 1806/1356/93 1805/1357/93
f 1865/1352/93 1805/1357/93 1788/1353/93
f 1806/1356/93 1864/1355/93 1807/1358/93
f 1807/1358/93 1864/1355/93 1863/1359/93
f 1807/1358/93 1863/1359/93 1808/1360/93
f 1808/1360/93 1863/1359/93 1862/1361/93
f 1808/1360/93 1862/1361/93 1809/1362/93
f 1809/1362/93 1862/1361/93 1861/1363/93
f 1809/1362/93 1861/1363/93 1810/1364/93
f 1810/1364/93 1861/1363/93 1860/1365/93
f 1810/1364/93 1860/1365/93 1811/1366/93
f 1811/1366/93 1860/1365/93 1859/1367/93
f 1811/1366/93 1859/1367/93 1812/1368/93
f 1812/1368/93 1859/1367/93 1858/1369/93
f 1812/1368/93 1858/1369/93 1813/1370/93
f 1813/1370/93 1858/1369/93 1857/1371/93
f 1813/1370/93 1857/1371/93 1814/1372/93
f 1814/1372/93 1857/1371/93 1856/1373/93
f 1814/1372/93 1856/1373/93 1815/1374/93
f 1815/1374/93 1856/1373/93 1855/1375/93
f 1815/1374/93 1855/1375/93 1838/1376/93
f 1815/1374/93 1838/1376/93 1816/1377/93
f 1816/1377/93 1838/1376/93 1837/1378/93
f 1816/1377/93 1837/1378/93 1817/1379/93
f 1817/1379/93 1837/1378/93 1836/1380/93
f 1817/1379/93 1836/1380/93 1835/1381/93
f 1835/1381/93 1834/1382/93 1817/1379/93
f 1817/1379/93 1834/1382/93 1818/1383/93
f 1818/1383/93 1834/1382/93 1833/1384/93
f 1818/1383/93 1833/1384/93 1832/1385/93
f 1832/1385/93 1831/1386/93 1818/1383/93
f 1818/1383/93 1831/1386/93 1819/1387/93
f 1819/1387/93 1831/1386/93 1830/1388/93
f 1819/1387/93 1830/1388/93 1820/1389/93
f 1776/1390/93 1730/1391/93 1777/1339/93
f 1777/1339/93 1730/1391/93 1728/1392/93
f 1777/1339/93 1728/1392/93 1726/1337/93
f 1730/1391/93 1776/1390/93 1734/1393/93
f 1734/1393/93 1776/1390/93 1775/1394/93
f 1734/1393/93 1775/1394/93 1735/1395/93
f 1735/1395/93 1775/1394/93 1774/1396/93
f 1735/1395/93 1774/1396/93 1736/1397/93
f 1736/1397/93 1774/1396/93 1747/1398/93
f 1747/1398/93 1774/1396/93 1773/1399/93
f 1747/1398/93 1773/1399/93 1755/1400/93
f 1755/1400/93 1773/1399/93 1756/1401/93
f 1747/1398/93 1755/1400/93 1748/1402/93
f 1748/1402/93 1755/1400/93 1754/1403/93
f 1748/1402/93 1754/1403/93 1749/1404/93
f 1749/1404/93 1754/1403/93 1750/1405/93
f 1750/1405/93 1754/1403/93 1753/1406/93
f 1750/1405/93 1753/1406/93 1751/1407/93
f 1751/1407/93 1753/1406/93 1752/1408/351
f 1724/1409/94 1723/1410/94 1839/1411/94
f 1839/1411/94 1723/1410/94 1767/1412/94
f 1839/1411/94 1767/1412/94 1766/1413/94
f 1767/1412/94 1723/1410/94 1768/1414/94
f 1768/1414/94 1723/1410/94 1727/1415/94
f 1768/1414/94 1727/1415/94 1729/1416/94
f 1768/1414/94 1729/1416/94 1769/1417/94
f 1769/1417/94 1729/1416/94 1733/1418/94
f 1769/1417/94 1733/1418/94 1770/1419/94
f 1770/1419/94 1733/1418/94 1732/1420/94
f 1770/1419/94 1732/1420/94 1771/1421/94
f 1771/1421/94 1732/1420/94 1731/1422/94
f 1771/1421/94 1731/1422/94 1746/1423/94
f 1745/1424/94 1738/1425/94 1746/1423/94
f 1746/1423/94 1738/1425/94 1772/1426/94
f 1746/1423/94 1772/1426/94 1771/1421/94
f 1738/1425/94 1745/1424/94 1739/1427/94
f 1739/1427/94 1745/1424/94 1744/1428/94
f 1739/1427/94 1744/1428/94 1743/1429/94
f 1739/1427/94 1743/1429/94 1740/1430/94
f 1740/1430/94 1743/1429/94 1742/1431/94
f 1740/1430/94 1742/1431/94 1741/1432/94
f 1738/1425/94 1737/1433/94 1772/1426/94
f 1766/1413/94 1765/1434/94 1839/1411/94
f 1839/1411/94 1765/1434/94 1840/1435/94
f 1840/1435/94 1765/1434/94 1764/1436/94
f 1840/1435/94 1764/1436/94 1763/1437/94
f 1840/1435/94 1763/1437/94 1841/1438/94
f 1841/1438/94 1763/1437/94 1762/1439/94
f 1841/1438/94 1762/1439/94 1761/1440/94
f 1841/1438/94 1761/1440/94 1842/1441/94
f 1842/1441/94 1761/1440/94 1760/1442/94
f 1842/1441/94 1760/1442/94 1759/1443/94
f 1842/1441/94 1759/1443/94 1843/1444/94
f 1843/1444/94 1759/1443/94 1758/1445/94
f 1843/1444/94 1758/1445/94 1757/1446/94
f 1843/1444/94 1757/1446/94 1844/1447/94
f 1844/1447/94 1757/1446/94 1804/1448/94
f 1844/1447/94 1804/1448/94 1803/1449/94
f 1844/1447/94 1803/1449/94 1845/1450/94
f 1845/1450/94 1803/1449/94 1802/1451/94
f 1845/1450/94 1802/1451/94 1846/1452/94
f 1846/1452/94 1802/1451/94 1801/1453/94
f 1846/1452/94 1801/1453/94 1847/1454/94
f 1847/1454/94 1801/1453/94 1800/1455/94
f 1847/1454/94 1800/1455/94 1848/1456/94
f 1848/1456/94 1800/1455/94 1799/1457/94
f 1848/1456/94 1799/1457/94 1849/1458/94
f 1849/1458/94 1799/1457/94 1798/1459/94
f 1849/1458/94 1798/1459/94 1850/1460/94
f 1850/1460/94 1798/1459/94 1797/1461/94
f 1850/1460/94 1797/1461/94 1851/1462/94
f 1851/1462/94 1797/1461/94 1796/1463/94
f 1851/1462/94 1796/1463/94 1852/1464/94
f 1852/1464/94 1796/1463/94 1795/1465/94
f 1852/1464/94 1795/1465/94 1853/1466/94
f 1853/1466/94 1795/1465/94 1794/1467/94
f 1853/1466/94 1794/1467/94 1854/1468/94
f 1854/1468/94 1794/1467/94 1821/1469/94
f 1821/1469/94 1794/1467/94 1793/1470/94
f 1821/1469/94 1793/1470/94 1822/1471/94
f 1822/1471/94 1793/1470/94 1792/1472/94
f 1822/1471/94 1792/1472/94 1823/1473/94
f 1823/1473/94 1792/1472/94 1824/1474/94
f 1824/1474/94 1792/1472/94 1825/1475/94
f 1825/1475/94 1792/1472/94 1791/1476/94
f 1825/1475/94 1791/1476/94 1826/1477/94
f 1826/1477/94 1791/1476/94 1827/1478/94
f 1827/1478/94 1791/1476/94 1828/1479/94
f 1828/1479/94 1791/1476/94 1790/1480/94
f 1828/1479/94 1790/1480/94 1829/1481/94
f 1829/1481/94 1790/1480/94 1789/1482/94
f 1871/1483/1148 1872/1484/1148 1880/1485/1148
f 1880/1485/1148 1872/1484/1148 1874/1486/1148
f 1880/1485/1148 1874/1486/1148 1875/1487/1148
f 1872/1484/1148 1873/1488/1148 1874/1486/1148
f 1875/1487/1148 1876/1489/1148 1880/1485/1148
f 1880/1485/1148 1876/1489/1148 1877/1490/1148
f 1880/1485/1148 1877/1490/1148 1878/1491/1148
f 1878/1491/1148 1879/1492/1148 1880/1485/1148
f 1873/1493/94 1872/1494/94 1914/1495/94
f 1914/1495/94 1872/1494/94 1881/1496/94
f 1914/1495/94 1881/1496/94 1913/1497/94
f 1913/1497/94 1881/1496/94 1882/1498/94
f 1913/1497/94 1882/1498/94 1916/1499/94
f 1916/1499/94 1882/1498/94 1883/1500/94
f 1916/1499/94 1883/1500/94 1884/1501/94
f 1885/1502/94 1910/1503/94 1884/1501/94
f 1884/1501/94 1910/1503/94 1911/1504/94
f 1884/1501/94 1911/1504/94 1916/1499/94
f 1916/1499/94 1911/1504/94 1912/1505/94
f 1916/1499/94 1912/1505/94 1913/1497/94
f 1910/1503/94 1885/1502/94 1909/1506/94
f 1909/1506/94 1885/1502/94 1886/1507/94
f 1909/1506/94 1886/1507/94 1908/1508/94
f 1908/1508/94 1886/1507/94 1887/1509/94
f 1908/1508/94 1887/1509/94 1907/1510/94
f 1907/1510/94 1887/1509/94 1906/1511/94
f 1906/1511/94 1887/1509/94 1888/1512/94
f 1906/1511/94 1888/1512/94 1905/1513/94
f 1905/1513/94 1888/1512/94 1889/1514/94
f 1905/1513/94 1889/1514/94 1904/1515/94
f 1904/1515/94 1889/1514/94 1890/1516/94
f 1904/1515/94 1890/1516/94 1903/1517/94
f 1903/1517/94 1890/1516/94 1891/1518/94
f 1903/1517/94 1891/1518/94 1902/1519/94
f 1902/1519/94 1891/1518/94 1892/1520/94
f 1902/1519/94 1892/1520/94 1901/1521/94
f 1901/1521/94 1892/1520/94 1893/1522/94
f 1901/1521/94 1893/1522/94 1915/1523/94
f 1915/1523/94 1893/1522/94 1894/1524/94
f 1915/1523/94 1894/1524/94 1895/1525/94
f 1896/1526/94 1898/1527/94 1895/1525/94
f 1895/1525/94 1898/1527/94 1899/1528/94
f 1895/1525/94 1899/1528/94 1915/1523/94
f 1915/1523/94 1899/1528/94 1900/1529/94
f 1915/1523/94 1900/1529/94 1901/1521/94
f 1896/1526/94 1897/1530/94 1898/1527/94
f 1917/1531/1149 1918/1532/1149 1896/1533/1149
f 1896/1533/1149 1918/1532/1149 1926/1534/1149
f 1896/1533/1149 1926/1534/1149 1897/1535/1149
f 1919/1536/1149 1920/1537/1149 1918/1532/1149
f 1918/1532/1149 1920/1537/1149 1921/1538/1149
f 1918/1532/1149 1921/1538/1149 1922/1539/1149
f 1922/1539/1149 1923/1540/1149 1918/1532/1149
f 1918/1532/1149 1923/1540/1149 1924/1541/1149
f 1918/1532/1149 1924/1541/1149 1925/1542/1149
f 1925/1542/1149 1926/1534/1149 1918/1532/1149
f 1917/1543/1150 1896/1544/1150 1941/1545/1151
f 1941/1545/1151 1896/1544/1150 1895/1546/1151
f 1941/1545/1151 1895/1546/1151 1940/1547/1152
f 1940/1547/1152 1895/1546/1151 1894/1548/1152
f 1940/1547/1152 1894/1548/1152 1939/1549/1153
f 1939/1549/1153 1894/1548/1152 1893/1550/1153
f 1939/1549/1153 1893/1550/1153 1938/1551/1154
f 1938/1551/1154 1893/1550/1153 1892/1552/1154
f 1938/1551/1154 1892/1552/1154 1937/1553/1155
f 1937/1553/1155 1892/1552/1154 1891/1554/1155
f 1937/1553/1155 1891/1554/1155 1936/1555/1156
f 1936/1555/1156 1891/1554/1155 1890/1556/1156
f 1936/1555/1156 1890/1556/1156 1935/1557/1157
f 1935/1557/1157 1890/1556/1156 1889/1558/1157
f 1935/1557/1157 1889/1558/1157 1934/1559/1158
f 1934/1559/1158 1889/1558/1157 1888/1560/1158
f 1934/1559/1158 1888/1560/1158 1933/1561/1159
f 1933/1561/1159 1888/1560/1158 1887/1562/1159
f 1933/1561/1159 1887/1562/1159 1932/1563/1160
f 1932/1563/1160 1887/1562/1159 1886/1564/1160
f 1932/1563/1160 1886/1564/1160 1931/1565/1161
f 1931/1565/1161 1886/1564/1160 1885/1566/1161
f 1931/1565/1161 1885/1566/1161 1930/1567/1162
f 1930/1567/1162 1885/1566/1161 1884/1568/1162
f 1930/1567/1162 1884/1568/1162 1929/1569/1163
f 1929/1569/1163 1884/1568/1162 1883/1570/1163
f 1929/1569/1163 1883/1570/1163 1928/1571/1164
f 1928/1571/1164 1883/1570/1163 1882/1572/1164
f 1928/1571/1164 1882/1572/1164 1927/1573/1165
f 1927/1573/1165 1882/1572/1164 1881/1574/1165
f 1927/1573/1165 1881/1574/1165 1871/1575/1166
f 1871/1575/1166 1881/1574/1165 1872/1576/1166
f 1917/1577/93 1941/1578/93 1918/1579/93
f 1918/1579/93 1941/1578/93 1957/1580/93
f 1957/1580/93 1941/1578/93 1956/1581/93
f 1956/1581/93 1941/1578/93 1940/1582/93
f 1956/1581/93 1940/1582/93 1955/1583/93
f 1955/1583/93 1940/1582/93 1939/1584/93
f 1955/1583/93 1939/1584/93 1954/1585/93
f 1954/1585/93 1939/1584/93 1938/1586/93
f 1954/1585/93 1938/1586/93 1953/1587/93
f 1953/1587/93 1938/1586/93 1937/1588/93
f 1953/1587/93 1937/1588/93 1952/1589/93
f 1952/1589/93 1937/1588/93 1936/1590/93
f 1952/1589/93 1936/1590/93 1951/1591/93
f 1951/1591/93 1936/1590/93 1935/1592/93
f 1951/1591/93 1935/1592/93 1950/1593/93
f 1950/1593/93 1935/1592/93 1934/1594/93
f 1950/1593/93 1934/1594/93 1949/1595/93
f 1949/1595/93 1934/1594/93 1933/1596/93
f 1949/1595/93 1933/1596/93 1948/1597/93
f 1948/1597/93 1933/1596/93 1932/1598/93
f 1948/1597/93 1932/1598/93 1947/1599/93
f 1947/1599/93 1932/1598/93 1931/1600/93
f 1947/1599/93 1931/1600/93 1946/1601/93
f 1946/1601/93 1931/1600/93 1930/1602/93
f 1946/1601/93 1930/1602/93 1945/1603/93
f 1945/1603/93 1930/1602/93 1958/1604/93
f 1945/1603/93 1958/1604/93 1944/1605/93
f 1944/1605/93 1958/1604/93 1929/1606/93
f 1944/1605/93 1929/1606/93 1928/1607/93
f 1930/1602/93 1929/1606/93 1958/1604/93
f 1944/1605/93 1928/1607/93 1943/1608/93
f 1943/1608/93 1928/1607/93 1927/1609/93
f 1943/1608/93 1927/1609/93 1942/1610/93
f 1942/1610/93 1927/1609/93 1880/1611/93
f 1880/1611/93 1927/1609/93 1871/1612/93
f 1926/1613/1167 1925/1614/1168 1975/1615/1169
f 1975/1615/1169 1925/1614/1168 1980/1616/1170
f 1975/1615/1169 1980/1616/1170 1974/1617/1171
f 1974/1617/1171 1980/1616/1170 1985/1618/1172
f 1974/1617/1171 1985/1618/1172 1973/1619/1173
f 1973/1619/1173 1985/1618/1172 1990/1620/1174
f 1973/1619/1173 1990/1620/1174 1972/1621/1175
f 1972/1621/1175 1990/1620/1174 1995/1622/1176
f 1972/1621/1175 1995/1622/1176 1971/1623/1177
f 1971/1623/1177 1995/1622/1176 2000/1624/1178
f 1971/1623/1177 2000/1624/1178 1970/1625/1179
f 1970/1625/1179 2000/1624/1178 2005/1626/1180
f 1970/1625/1179 2005/1626/1180 1969/1627/1181
f 1969/1627/1181 2005/1626/1180 2010/1628/1182
f 1969/1627/1181 2010/1628/1182 1968/1629/1183
f 1968/1629/1183 2010/1628/1182 2015/1630/1184
f 1968/1629/1183 2015/1630/1184 1967/1631/1185
f 1967/1631/1185 2015/1630/1184 2020/1632/1186
f 1967/1631/1185 2020/1632/1186 1966/1633/1187
f 1966/1633/1187 2020/1632/1186 2025/1634/1188
f 1966/1633/1187 2025/1634/1188 1965/1635/1189
f 1965/1635/1189 2025/1634/1188 2030/1636/1190
f 1965/1635/1189 2030/1636/1190 1964/1637/1191
f 1964/1637/1191 2030/1636/1190 2035/1638/1192
f 1964/1637/1191 2035/1638/1192 1963/1639/1193
f 1963/1639/1193 2035/1638/1192 2040/1640/1194
f 1963/1639/1193 2040/1640/1194 1962/1641/1195
f 1962/1641/1195 2040/1640/1194 2045/1642/1196
f 1962/1641/1195 2045/1642/1196 1961/1643/1197
f 1961/1643/1197 2045/1642/1196 2050/1644/1198
f 1961/1643/1197 2050/1644/1198 1960/1645/1199
f 1960/1645/1199 2050/1644/1198 2055/1646/1200
f 1960/1645/1199 2055/1646/1200 1959/1647/1201
f 1959/1647/1201 2055/1646/1200 2060/1648/1202
f 1959/1647/1201 2060/1648/1202 1874/1649/1203
f 1874/1649/1203 2060/1648/1202 1875/1650/1204
f 1875/1650/1204 2060/1648/1202 2059/1651/1205
f 1875/1650/1204 2059/1651/1205 1876/1652/1206
f 1876/1652/1206 2059/1651/1205 2058/1653/1207
f 1876/1652/1206 2058/1653/1207 1877/1654/1208
f 1877/1654/1208 2058/1653/1207 2057/1655/1209
f 1877/1654/1208 2057/1655/1209 1878/1656/1210
f 1878/1656/1210 2057/1655/1209 2056/1657/1211
f 1878/1656/1210 2056/1657/1211 1879/1658/1212
f 1879/1658/1212 2056/1657/1211 1880/1659/93
f 1880/1659/93 2056/1657/1211 1942/1660/93
f 1942/1660/93 2056/1657/1211 2051/1661/1213
f 1942/1660/93 2051/1661/1213 1943/1662/93
f 1943/1662/93 2051/1661/1213 2046/1663/1214
f 1943/1662/93 2046/1663/1214 1944/1664/93
f 1944/1664/93 2046/1663/1214 2041/1665/1215
f 1944/1664/93 2041/1665/1215 1945/1666/93
f 1945/1666/93 2041/1665/1215 2036/1667/1216
f 1945/1666/93 2036/1667/1216 1946/1668/93
f 1946/1668/93 2036/1667/1216 2031/1669/1217
f 1946/1668/93 2031/1669/1217 1947/1670/93
f 1947/1670/93 2031/1669/1217 2026/1671/1218
f 1947/1670/93 2026/1671/1218 1948/1672/93
f 1948/1672/93 2026/1671/1218 2021/1673/1219
f 1948/1672/93 2021/1673/1219 1949/1674/93
f 1949/1674/93 2021/1673/1219 2016/1675/1220
f 1949/1674/93 2016/1675/1220 1950/1676/93
f 1950/1676/93 2016/1675/1220 2011/1677/1221
f 1950/1676/93 2011/1677/1221 1951/1678/93
f 1951/1678/93 2011/1677/1221 2006/1679/1222
f 1951/1678/93 2006/1679/1222 1952/1680/93
f 1952/1680/93 2006/1679/1222 2001/1681/1223
f 1952/1680/93 2001/1681/1223 1953/1682/93
f 1953/1682/93 2001/1681/1223 1996/1683/1224
f 1953/1682/93 1996/1683/1224 1954/1684/93
f 1954/1684/93 1996/1683/1224 1991/1685/1225
f 1954/1684/93 1991/1685/1225 1955/1686/93
f 1955/1686/93 1991/1685/1225 1986/1687/1226
f 1955/1686/93 1986/1687/1226 1956/1688/93
f 1956/1688/93 1986/1687/1226 1981/1689/1227
f 1956/1688/93 1981/1689/1227 1957/1690/93
f 1957/1690/93 1981/1689/1227 1976/1691/1228
f 1957/1690/93 1976/1691/1228 1919/1692/1229
f 1919/1692/1229 1976/1691/1228 1920/1693/1230
f 1920/1693/1230 1976/1691/1228 1977/1694/1231
f 1920/1693/1230 1977/1694/1231 1921/1695/1232
f 1921/1695/1232 1977/1694/1231 1978/1696/1233
f 1921/1695/1232 1978/1696/1233 1922/1697/1234
f 1922/1697/1234 1978/1696/1233 1923/1698/1235
f 1923/1698/1235 1978/1696/1233 1979/1699/1236
f 1923/1698/1235 1979/1699/1236 1924/1700/1237
f 1924/1700/1237 1979/1699/1236 1980/1616/1170
f 1924/1700/1237 1980/1616/1170 1925/1614/1168
f 1919/1692/1229 1918/1701/93 1957/1690/93
f 1977/1694/1231 1976/1691/1228 1982/1702/1238
f 1982/1702/1238 1976/1691/1228 1981/1689/1227
f 1982/1702/1238 1981/1689/1227 1987/1703/1239
f 1987/1703/1239 1981/1689/1227 1986/1687/1226
f 1987/1703/1239 1986/1687/1226 1992/1704/1240
f 1992/1704/1240 1986/1687/1226 1991/1685/1225
f 1992/1704/1240 1991/1685/1225 1997/1705/1241
f 1997/1705/1241 1991/1685/1225 1996/1683/1224
f 1997/1705/1241 1996/1683/1224 2002/1706/1242
f 2002/1706/1242 1996/1683/1224 2001/1681/1223
f 2002/1706/1242 2001/1681/1223 2007/1707/1243
f 2007/1707/1243 2001/1681/1223 2006/1679/1222
f 2007/1707/1243 2006/1679/1222 2012/1708/1244
f 2012/1708/1244 2006/1679/1222 2011/1677/1221
f 2012/1708/1244 2011/1677/1221 2017/1709/1245
f 2017/1709/1245 2011/1677/1221 2016/1675/1220
f 2017/1709/1245 2016/1675/1220 2022/1710/1246
f 2022/1710/1246 2016/1675/1220 2021/1673/1219
f 2022/1710/1246 2021/1673/1219 2027/1711/1247
f 2027/1711/1247 2021/1673/1219 2026/1671/1218
f 2027/1711/1247 2026/1671/1218 2032/1712/1248
f 2032/1712/1248 2026/1671/1218 2031/1669/1217
f 2032/1712/1248 2031/1669/1217 2037/1713/1249
f 2037/1713/1249 2031/1669/1217 2036/1667/1216
f 2037/1713/1249 2036/1667/1216 2042/1714/1250
f 2042/1714/1250 2036/1667/1216 2041/1665/1215
f 2042/1714/1250 2041/1665/1215 2047/1715/1251
f 2047/1715/1251 2041/1665/1215 2046/1663/1214
f 2047/1715/1251 2046/1663/1214 2052/1716/1252
f 2052/1716/1252 2046/1663/1214 2051/1661/1213
f 2052/1716/1252 2051/1661/1213 2057/1655/1209
f 2057/1655/1209 2051/1661/1213 2056/1657/1211
f 1978/1696/1233 1977/1694/1231 1983/1717/1253
f 1983/1717/1253 1977/1694/1231 1982/1702/1238
f 1983/1717/1253 1982/1702/1238 1988/1718/1254
f 1988/1718/1254 1982/1702/1238 1987/1703/1239
f 1988/1718/1254 1987/1703/1239 1993/1719/1255
f 1993/1719/1255 1987/1703/1239 1992/1704/1240
f 1993/1719/1255 1992/1704/1240 1998/1720/1256
f 1998/1720/1256 1992/1704/1240 1997/1705/1241
f 1998/1720/1256 1997/1705/1241 2003/1721/1257
f 2003/1721/1257 1997/1705/1241 2002/1706/1242
f 2003/1721/1257 2002/1706/1242 2008/1722/1258
f 2008/1722/1258 2002/1706/1242 2007/1707/1243
f 2008/1722/1258 2007/1707/1243 2013/1723/1259
f 2013/1723/1259 2007/1707/1243 2012/1708/1244
f 2013/1723/1259 2012/1708/1244 2018/1724/1260
f 2018/1724/1260 2012/1708/1244 2017/1709/1245
f 2018/1724/1260 2017/1709/1245 2023/1725/1261
f 2023/1725/1261 2017/1709/1245 2022/1710/1246
f 2023/1725/1261 2022/1710/1246 2028/1726/1262
f 2028/1726/1262 2022/1710/1246 2027/1711/1247
f 2028/1726/1262 2027/1711/1247 2033/1727/1263
f 2033/1727/1263 2027/1711/1247 2032/1712/1248
f 2033/1727/1263 2032/1712/1248 2038/1728/1264
f 2038/1728/1264 2032/1712/1248 2037/1713/1249
f 2038/1728/1264 2037/1713/1249 2043/1729/1265
f 2043/1729/1265 2037/1713/1249 2042/1714/1250
f 2043/1729/1265 2042/1714/1250 2048/1730/1266
f 2048/1730/1266 2042/1714/1250 2047/1715/1251
f 2048/1730/1266 2047/1715/1251 2053/1731/1267
f 2053/1731/1267 2047/1715/1251 2052/1716/1252
f 2053/1731/1267 2052/1716/1252 2058/1653/1207
f 2058/1653/1207 2052/1716/1252 2057/1655/1209
f 1985/1618/1172 1980/1616/1170 1979/1699/1236
f 1979/1699/1236 1978/1696/1233 1984/1732/1268
f 1984/1732/1268 1978/1696/1233 1983/1717/1253
f 1984/1732/1268 1983/1717/1253 1989/1733/1269
f 1989/1733/1269 1983/1717/1253 1988/1718/1254
f 1989/1733/1269 1988/1718/1254 1994/1734/1270
f 1994/1734/1270 1988/1718/1254 1993/1719/1255
f 1994/1734/1270 1993/1719/1255 1999/1735/1271
f 1999/1735/1271 1993/1719/1255 1998/1720/1256
f 1999/1735/1271 1998/1720/1256 2004/1736/1272
f 2004/1736/1272 1998/1720/1256 2003/1721/1257
f 2004/1736/1272 2003/1721/1257 2009/1737/1273
f 2009/1737/1273 2003/1721/1257 2008/1722/1258
f 2009/1737/1273 2008/1722/1258 2014/1738/1274
f 2014/1738/1274 2008/1722/1258 2013/1723/1259
f 2014/1738/1274 2013/1723/1259 2019/1739/1275
f 2019/1739/1275 2013/1723/1259 2018/1724/1260
f 2019/1739/1275 2018/1724/1260 2024/1740/1276
f 2024/1740/1276 2018/1724/1260 2023/1725/1261
f 2024/1740/1276 2023/1725/1261 2029/1741/1277
f 2029/1741/1277 2023/1725/1261 2028/1726/1262
f 2029/1741/1277 2028/1726/1262 2034/1742/1278
f 2034/1742/1278 2028/1726/1262 2033/1727/1263
f 2034/1742/1278 2033/1727/1263 2039/1743/1279
f 2039/1743/1279 2033/1727/1263 2038/1728/1264
f 2039/1743/1279 2038/1728/1264 2044/1744/1280
f 2044/1744/1280 2038/1728/1264 2043/1729/1265
f 2044/1744/1280 2043/1729/1265 2049/1745/1281
f 2049/1745/1281 2043/1729/1265 2048/1730/1266
f 2049/1745/1281 2048/1730/1266 2054/1746/1282
f 2054/1746/1282 2048/1730/1266 2053/1731/1267
f 2054/1746/1282 2053/1731/1267 2059/1651/1205
f 2059/1651/1205 2053/1731/1267 2058/1653/1207
f 1990/1620/1174 1985/1618/1172 1984/1732/1268
f 1984/1732/1268 1985/1618/1172 1979/1699/1236
f 1990/1620/1174 1984/1732/1268 1989/1733/1269
f 1995/1622/1176 1990/1620/1174 1989/1733/1269
f 1995/1622/1176 1989/1733/1269 1994/1734/1270
f 2000/1624/1178 1995/1622/1176 1994/1734/1270
f 2000/1624/1178 1994/1734/1270 1999/1735/1271
f 2005/1626/1180 2000/1624/1178 1999/1735/1271
f 2005/1626/1180 1999/1735/1271 2004/1736/1272
f 2010/1628/1182 2005/1626/1180 2004/1736/1272
f 2010/1628/1182 2004/1736/1272 2009/1737/1273
f 2015/1630/1184 2010/1628/1182 2009/1737/1273
f 2015/1630/1184 2009/1737/1273 2014/1738/1274
f 2020/1632/1186 2015/1630/1184 2014/1738/1274
f 2020/1632/1186 2014/1738/1274 2019/1739/1275
f 2025/1634/1188 2020/1632/1186 2019/1739/1275
f 2025/1634/1188 2019/1739/1275 2024/1740/1276
f 2030/1636/1190 2025/1634/1188 2024/1740/1276
f 2030/1636/1190 2024/1740/1276 2029/1741/1277
f 2035/1638/1192 2030/1636/1190 2029/1741/1277
f 2035/1638/1192 2029/1741/1277 2034/1742/1278
f 2040/1640/1194 2035/1638/1192 2034/1742/1278
f 2040/1640/1194 2034/1742/1278 2039/1743/1279
f 2045/1642/1196 2040/1640/1194 2039/1743/1279
f 2045/1642/1196 2039/1743/1279 2044/1744/1280
f 2050/1644/1198 2045/1642/1196 2044/1744/1280
f 2050/1644/1198 2044/1744/1280 2049/1745/1281
f 2055/1646/1200 2050/1644/1198 2049/1745/1281
f 2055/1646/1200 2049/1745/1281 2054/1746/1282
f 2060/1648/1202 2055/1646/1200 2054/1746/1282
f 2060/1648/1202 2054/1746/1282 2059/1651/1205
f 1897/1747/1167 1926/1748/1167 1898/1749/1169
f 1898/1749/1169 1926/1748/1167 1975/1750/1169
f 1898/1749/1169 1975/1750/1169 1899/1751/1171
f 1899/1751/1171 1975/1750/1169 1974/1752/1171
f 1899/1751/1171 1974/1752/1171 1900/1753/1173
f 1900/1753/1173 1974/1752/1171 1973/1754/1173
f 1900/1753/1173 1973/1754/1173 1901/1755/1175
f 1901/1755/1175 1973/1754/1173 1972/1756/1175
f 1901/1755/1175 1972/1756/1175 1902/1757/1177
f 1902/1757/1177 1972/1756/1175 1971/1758/1177
f 1902/1757/1177 1971/1758/1177 1903/1759/1179
f 1903/1759/1179 1971/1758/1177 1970/1760/1179
f 1903/1759/1179 1970/1760/1179 1904/1761/1181
f 1904/1761/1181 1970/1760/1179 1969/1762/1181
f 1904/1761/1181 1969/1762/1181 1905/1763/1183
f 1905/1763/1183 1969/1762/1181 1968/1764/1183
f 1905/1763/1183 1968/1764/1183 1906/1765/1185
f 1906/1765/1185 1968/1764/1183 1967/1766/1185
f 1906/1765/1185 1967/1766/1185 1907/1767/1187
f 1907/1767/1187 1967/1766/1185 1966/1768/1187
f 1907/1767/1187 1966/1768/1187 1908/1769/1189
f 1908/1769/1189 1966/1768/1187 1965/1770/1189
f 1908/1769/1189 1965/1770/1189 1909/1771/1283
f 1909/1771/1283 1965/1770/1189 1964/1772/1191
f 1909/1771/1283 1964/1772/1191 1910/1773/1193
f 1910/1773/1193 1964/1772/1191 1963/1774/1193
f 1910/1773/1193 1963/1774/1193 1911/1775/1195
f 1911/1775/1195 1963/1774/1193 1962/1776/1195
f 1911/1775/1195 1962/1776/1195 1912/1777/1197
f 1912/1777/1197 1962/1776/1195 1961/1778/1197
f 1912/1777/1197 1961/1778/1197 1913/1779/1199
f 1913/1779/1199 1961/1778/1197 1960/1780/1199
f 1913/1779/1199 1960/1780/1199 1914/1781/1201
f 1914/1781/1201 1960/1780/1199 1959/1782/1201
f 1914/1781/1201 1959/1782/1201 1873/1783/1203
f 1873/1783/1203 1959/1782/1201 1874/1784/1203
f 2136/1928/1316 2206/1929/1316 2135/1930/94
f 2135/1930/94 2206/1929/1316 2171/1931/94
f 2135/1930/94 2171/1931/94 2170/1932/1317
f 2170/1932/1317 2171/1931/94 2172/1933/1317
f 2170/1932/1317 2172/1933/1317 2169/1934/1318
f 2169/1934/1318 2172/1933/1317 2173/1935/1318
f 2169/1934/1318 2173/1935/1318 2168/1936/1319
f 2168/1936/1319 2173/1935/1318 2174/1937/1319
f 2168/1936/1319 2174/1937/1319 2167/1938/1320
f 2167/1938/1320 2174/1937/1319 2175/1939/1320
f 2167/1938/1320 2175/1939/1320 2166/1940/1321
f 2166/1940/1321 2175/1939/1320 2176/1941/1321
f 2166/1940/1321 2176/1941/1321 2165/1942/1322
f 2165/1942/1322 2176/1941/1321 2177/1943/1322
f 2165/1942/1322 2177/1943/1322 2164/1944/1323
f 2164/1944/1323 2177/1943/1322 2178/1945/1324
f 2164/1944/1323 2178/1945/1324 2163/1946/1325
f 2163/1946/1325 2178/1945/1324 2179/1947/1325
f 2163/1946/1325 2179/1947/1325 2162/1948/1326
f 2162/1948/1326 2179/1947/1325 2180/1949/1326
f 2162/1948/1326 2180/1949/1326 2161/1950/1327
f 2161/1950/1327 2180/1949/1326 2181/1951/1327
f 2161/1950/1327 2181/1951/1327 2160/1952/1328
f 2160/1952/1328 2181/1951/1327 2182/1953/1329
f 2160/1952/1328 2182/1953/1329 2159/1954/1330
f 2159/1954/1330 2182/1953/1329 2183/1955/1330
f 2159/1954/1330 2183/1955/1330 2158/1956/1331
f 2158/1956/1331 2183/1955/1330 2184/1957/1331
f 2158/1956/1331 2184/1957/1331 2157/1958/1332
f 2157/1958/1332 2184/1957/1331 2185/1959/1332
f 2157/1958/1332 2185/1959/1332 2156/1960/1333
f 2156/1960/1333 2185/1959/1332 2186/1961/1333
f 2156/1960/1333 2186/1961/1333 2155/1962/1334
f 2155/1962/1334 2186/1961/1333 2187/1963/1334
f 2155/1962/1334 2187/1963/1334 2154/1964/1335
f 2154/1964/1335 2187/1963/1334 2188/1965/1335
f 2154/1964/1335 2188/1965/1335 2153/1966/93
f 2153/1966/93 2188/1965/1335 2189/1967/93
f 2153/1968/93 2189/1969/93 2152/1970/1336
f 2152/1970/1336 2189/1969/93 2190/1971/1336
f 2152/1970/1336 2190/1971/1336 2151/1972/1337
f 2151/1972/1337 2190/1971/1336 2191/1973/1337
f 2151/1972/1337 2191/1973/1337 2150/1974/1338
f 2150/1974/1338 2191/1973/1337 2192/1975/1338
f 2150/1974/1338 2192/1975/1338 2149/1976/1339
f 2149/1976/1339 2192/1975/1338 2193/1977/1339
f 2149/1976/1339 2193/1977/1339 2148/1978/1340
f 2148/1978/1340 2193/1977/1339 2194/1979/1340
f 2148/1978/1340 2194/1979/1340 2147/1980/1341
f 2147/1980/1341 2194/1979/1340 2195/1981/1341
f 2147/1980/1341 2195/1981/1341 2146/1982/1342
f 2146/1982/1342 2195/1981/1341 2196/1983/1342
f 2146/1982/1342 2196/1983/1342 2145/1984/1343
f 2145/1984/1343 2196/1983/1342 2197/1985/1343
f 2145/1984/1343 2197/1985/1343 2144/1986/1344
f 2144/1986/1344 2197/1985/1343 2198/1987/1344
f 2144/1986/1344 2198/1987/1344 2143/1988/1345
f 2143/1988/1345 2198/1987/1344 2199/1989/1345
f 2143/1988/1345 2199/1989/1345 2142/1990/1346
f 2142/1990/1346 2199/1989/1345 2200/1991/1346
f 2142/1990/1346 2200/1991/1346 2141/1992/1347
f 2141/1992/1347 2200/1991/1346 2201/1993/1347
f 2141/1992/1347 2201/1993/1347 2140/1994/1348
f 2140/1994/1348 2201/1993/1347 2202/1995/1348
f 2140/1994/1348 2202/1995/1348 2139/1996/1349
f 2139/1996/1349 2202/1995/1348 2203/1997/1349
f 2139/1996/1349 2203/1997/1349 2138/1998/1350
f 2138/1998/1350 2203/1997/1349 2204/1999/1350
f 2138/1998/1350 2204/1999/1350 2137/2000/1351
f 2137/2000/1351 2204/1999/1350 2205/2001/1351
f 2137/2000/1351 2205/2001/1351 2136/1928/1316
f 2136/1928/1316 2205/2001/1351 2206/1929/1316
f 2170/2002/699 2154/2003/698 2135/2004/698
f 2135/2004/698 2154/2003/698 2153/2005/698
f 2135/2004/698 2153/2005/698 2136/2006/698
f 2136/2006/698 2153/2005/698 2152/2007/698
f 2136/2006/698 2152/2007/698 2137/2008/698
f 2137/2008/698 2152/2007/698 2151/2009/698
f 2137/2008/698 2151/2009/698 2138/2010/698
f 2138/2010/698 2151/2009/698 2150/2011/699
f 2138/2010/698 2150/2011/699 2139/2012/698
f 2139/2012/698 2150/2011/699 2149/2013/698
f 2139/2012/698 2149/2013/698 2140/2014/698
f 2140/2014/698 2149/2013/698 2148/2015/699
f 2140/2014/698 2148/2015/699 2141/2016/699
f 2141/2016/699 2148/2015/699 2147/2017/698
f 2141/2016/699 2147/2017/698 2142/2018/699
f 2142/2018/699 2147/2017/698 2146/2019/698
f 2142/2018/699 2146/2019/698 2143/2020/698
f 2143/2020/698 2146/2019/698 2145/2021/698
f 2143/2020/698 2145/2021/698 2144/2022/699
f 2154/2003/698 2170/2002/699 2155/2023/698
f 2155/2023/698 2170/2002/699 2169/2024/698
f 2155/2023/698 2169/2024/698 2156/2025/698
f 2156/2025/698 2169/2024/698 2168/2026/698
f 2156/2025/698 2168/2026/698 2157/2027/698
f 2157/2027/698 2168/2026/698 2167/2028/698
f 2157/2027/698 2167/2028/698 2158/2029/698
f 2158/2029/698 2167/2028/698 2166/2030/698
f 2158/2029/698 2166/2030/698 2159/2031/699
f 2159/2031/699 2166/2030/698 2165/2032/698
f 2159/2031/699 2165/2032/698 2160/2033/699
f 2160/2033/699 2165/2032/698 2164/2034/699
f 2160/2033/699 2164/2034/699 2161/2035/698
f 2161/2035/698 2164/2034/699 2163/2036/699
f 2161/2035/698 2163/2036/699 2162/2037/699
f 2206/2007/695 2190/2006/695 2171/2038/695
f 2171/2038/695 2190/2006/695 2189/2039/695
f 2171/2038/695 2189/2039/695 2172/2003/695
f 2172/2003/695 2189/2039/695 2188/2002/695
f 2172/2003/695 2188/2002/695 2173/2023/695
f 2173/2023/695 2188/2002/695 2187/2024/695
f 2173/2023/695 2187/2024/695 2174/2025/695
f 2174/2025/695 2187/2024/695 2186/2026/695
f 2174/2025/695 2186/2026/695 2175/2027/695
f 2175/2027/695 2186/2026/695 2185/2028/696
f 2175/2027/695 2185/2028/696 2176/2029/696
f 2176/2029/696 2185/2028/696 2184/2030/695
f 2176/2029/696 2184/2030/695 2177/2031/695
f 2177/2031/695 2184/2030/695 2183/2032/695
f 2177/2031/695 2183/2032/695 2178/2033/696
f 2178/2033/696 2183/2032/695 2182/2034/695
f 2178/2033/696 2182/2034/695 2179/2035/696
f 2179/2035/696 2182/2034/695 2181/2036/695
f 2179/2035/696 2181/2036/695 2180/2037/696
f 2190/2006/695 2206/2007/695 2191/2008/695
f 2191/2008/695 2206/2007/695 2205/2009/695
f 2191/2008/695 2205/2009/695 2192/2010/695
f 2192/2010/695 2205/2009/695 2204/2011/695
f 2192/2010/695 2204/2011/695 2193/2012/695
f 2193/2012/695 2204/2011/695 2203/2013/695
f 2193/2012/695 2203/2013/695 2194/2014/696
f 2194/2014/696 2203/2013/695 2202/2015/695
f 2194/2014/696 2202/2015/695 2195/2016/695
f 2195/2016/695 2202/2015/695 2201/2017/695
f 2195/2016/695 2201/2017/695 2196/2018/695
f 2196/2018/695 2201/2017/695 2200/2019/695
f 2196/2018/695 2200/2019/695 2197/2020/696
f 2197/2020/696 2200/2019/695 2199/2021/695
f 2197/2020/696 2199/2021/695 2198/2022/696
f 2208/2040/1352 2242/1931/94 2207/1930/94
f 2207/1930/94 2242/1931/94 2243/2041/1353
f 2207/1930/94 2243/2041/1353 2241/2042/1353
f 2241/2042/1353 2243/2041/1353 2244/2043/1354
f 2241/2042/1353 2244/2043/1354 2240/2044/1354
f 2240/2044/1354 2244/2043/1354 2245/2045/1355
f 2240/2044/1354 2245/2045/1355 2239/2046/1355
f 2239/2046/1355 2245/2045/1355 2246/2047/1356
f 2239/2046/1355 2246/2047/1356 2238/2048/1356
f 2238/2048/1356 2246/2047/1356 2247/2049/1357
f 2238/2048/1356 2247/2049/1357 2237/2050/1357
f 2237/2050/1357 2247/2049/1357 2248/2051/1358
f 2237/2050/1357 2248/2051/1358 2236/2052/1358
f 2236/2052/1358 2248/2051/1358 2249/2053/1359
f 2236/2052/1358 2249/2053/1359 2235/2054/1359
f 2235/2054/1359 2249/2053/1359 2250/2055/1360
f 2235/2054/1359 2250/2055/1360 2234/2056/1360
f 2234/2056/1360 2250/2055/1360 2251/2057/1361
f 2234/2056/1360 2251/2057/1361 2233/2058/1361
f 2233/2058/1361 2251/2057/1361 2252/2059/1362
f 2233/2058/1361 2252/2059/1362 2232/2060/1362
f 2232/2060/1362 2252/2059/1362 2253/2061/1363
f 2232/2060/1362 2253/2061/1363 2231/2062/1363
f 2231/2062/1363 2253/2061/1363 2254/2063/1364
f 2231/2062/1363 2254/2063/1364 2230/2064/1364
f 2230/2064/1364 2254/2063/1364 2255/2065/1365
f 2230/2064/1364 2255/2065/1365 2229/2066/1365
f 2229/2066/1365 2255/2065/1365 2256/2067/1366
f 2229/2066/1365 2256/2067/1366 2228/2068/1366
f 2228/2068/1366 2256/2067/1366 2257/2069/1367
f 2228/2068/1366 2257/2069/1367 2227/2070/1367
f 2227/2070/1367 2257/2069/1367 2258/2071/1368
f 2227/2070/1367 2258/2071/1368 2226/2072/1368
f 2226/2072/1368 2258/2071/1368 2259/2073/1369
f 2226/2072/1368 2259/2073/1369 2225/2074/1369
f 2225/2075/1369 2259/2076/1369 2260/2077/1370
f 2225/2075/1369 2260/2077/1370 2224/2078/1370
f 2224/2078/1370 2260/2077/1370 2261/2079/1371
f 2224/2078/1370 2261/2079/1371 2223/2080/1371
f 2223/2080/1371 2261/2079/1371 2262/2081/1372
f 2223/2080/1371 2262/2081/1372 2222/2082/1372
f 2222/2082/1372 2262/2081/1372 2263/2083/1373
f 2222/2082/1372 2263/2083/1373 2221/2084/1373
f 2221/2084/1373 2263/2083/1373 2264/2085/1374
f 2221/2084/1373 2264/2085/1374 2220/2086/1374
f 2220/2086/1374 2264/2085/1374 2265/2087/1375
f 2220/2086/1374 2265/2087/1375 2219/2088/1375
f 2219/2088/1375 2265/2087/1375 2266/2089/1376
f 2219/2088/1375 2266/2089/1376 2218/2090/1376
f 2218/2090/1376 2266/2089/1376 2267/2091/1377
f 2218/2090/1376 2267/2091/1377 2217/2092/1377
f 2217/2092/1377 2267/2091/1377 2268/2093/1378
f 2217/2092/1377 2268/2093/1378 2216/2094/1378
f 2216/2094/1378 2268/2093/1378 2269/2095/1379
f 2216/2094/1378 2269/2095/1379 2215/2096/1379
f 2215/2096/1379 2269/2095/1379 2270/2097/1380
f 2215/2096/1379 2270/2097/1380 2214/2098/1380
f 2214/2098/1380 2270/2097/1380 2271/2099/1381
f 2214/2098/1380 2271/2099/1381 2213/2100/1381
f 2213/2100/1381 2271/2099/1381 2272/2101/1382
f 2213/2100/1381 2272/2101/1382 2212/2102/1382
f 2212/2102/1382 2272/2101/1382 2273/2103/1383
f 2212/2102/1382 2273/2103/1383 2211/2104/1383
f 2211/2104/1383 2273/2103/1383 2274/2105/1384
f 2211/2104/1383 2274/2105/1384 2210/2106/1384
f 2210/2106/1384 2274/2105/1384 2275/2107/1385
f 2210/2106/1384 2275/2107/1385 2209/2108/1385
f 2209/2108/1385 2275/2107/1385 2276/2109/1352
f 2209/2108/1385 2276/2109/1352 2208/2040/1352
f 2208/2040/1352 2276/2109/1352 2242/1931/94
f 2207/2004/226 2241/2110/226 2208/2111/226
f 2208/2111/226 2241/2110/226 2209/2112/226
f 2209/2112/226 2241/2110/226 2240/2113/226
f 2209/2112/226 2240/2113/226 2210/2114/226
f 2210/2114/226 2240/2113/226 2239/2115/226
f 2210/2114/226 2239/2115/226 2211/2116/226
f 2211/2116/226 2239/2115/226 2212/2117/226
f 2212/2117/226 2239/2115/226 2213/2118/226
f 2213/2118/226 2239/2115/226 2214/2119/226
f 2214/2119/226 2239/2115/226 2215/2120/226
f 2215/2120/226 2239/2115/226 2216/2121/226
f 2216/2121/226 2239/2115/226 2217/2122/226
f 2217/2122/226 2239/2115/226 2218/2123/226
f 2218/2123/226 2239/2115/226 2219/2124/226
f 2219/2124/226 2239/2115/226 2220/2125/226
f 2220/2125/226 2239/2115/226 2238/2126/226
f 2220/2125/226 2238/2126/226 2221/2127/226
f 2221/2127/226 2238/2126/226 2222/2128/226
f 2222/2128/226 2238/2126/226 2223/2129/226
f 2223/2129/226 2238/2126/226 2224/2130/226
f 2224/2130/226 2238/2126/226 2225/2131/226
f 2225/2131/226 2238/2126/226 2226/2132/226
f 2226/2132/226 2238/2126/226 2227/2133/226
f 2227/2133/226 2238/2126/226 2228/2134/226
f 2228/2134/226 2238/2126/226 2229/2135/226
f 2229/2135/226 2238/2126/226 2237/2136/226
f 2229/2135/226 2237/2136/226 2230/2137/226
f 2230/2137/226 2237/2136/226 2236/2138/226
f 2230/2137/226 2236/2138/226 2231/2139/226
f 2231/2139/226 2236/2138/226 2235/2140/226
f 2231/2139/226 2235/2140/226 2232/2141/1386
f 2232/2141/1386 2235/2140/226 2234/2142/226
f 2232/2141/1386 2234/2142/226 2233/2143/226
f 2242/2038/227 2276/2144/227 2243/2145/227
f 2243/2145/227 2276/2144/227 2275/2146/227
f 2243/2145/227 2275/2146/227 2244/2147/227
f 2244/2147/227 2275/2146/227 2274/2148/227
f 2244/2147/227 2274/2148/227 2245/2149/227
f 2245/2149/227 2274/2148/227 2273/2150/227
f 2245/2149/227 2273/2150/227 2272/2151/227
f 2272/2151/227 2271/2152/227 2245/2149/227
f 2245/2149/227 2271/2152/227 2270/2153/227
f 2245/2149/227 2270/2153/227 2269/2154/227
f 2269/2154/227 2268/2155/227 2245/2149/227
f 2245/2149/227 2268/2155/227 2267/2156/227
f 2245/2149/227 2267/2156/227 2266/2157/227
f 2266/2157/227 2265/2158/227 2245/2149/227
f 2245/2149/227 2265/2158/227 2264/2159/227
f 2245/2149/227 2264/2159/227 2246/2160/227
f 2246/2160/227 2264/2159/227 2263/2161/227
f 2246/2160/227 2263/2161/227 2262/2162/227
f 2262/2162/227 2261/2163/227 2246/2160/227
f 2246/2160/227 2261/2163/227 2260/2164/227
f 2246/2160/227 2260/2164/227 2259/2165/227
f 2259/2165/227 2258/2166/227 2246/2160/227
f 2246/2160/227 2258/2166/227 2257/2167/227
f 2246/2160/227 2257/2167/227 2256/2168/227
f 2256/2168/227 2255/2169/227 2246/2160/227
f 2246/2160/227 2255/2169/227 2247/2170/227
f 2247/2170/227 2255/2169/227 2254/2171/227
f 2247/2170/227 2254/2171/227 2248/2172/227
f 2248/2172/227 2254/2171/227 2253/2173/227
f 2248/2172/227 2253/2173/227 2249/2174/227
f 2249/2174/227 2253/2173/227 2252/2175/333
f 2249/2174/227 2252/2175/333 2250/2176/227
f 2250/2176/227 2252/2175/333 2251/2177/227
f 2277/1/1387 2278/2/1388 2280/3/1389
f 2280/3/1389 2278/2/1388 2279/4/1390
f 2281/5/1391 2282/6/1392 2288/7/1391
f 2288/7/1391 2282/6/1392 2287/8/1392
f 2287/8/1392 2282/6/1392 2283/9/1393
f 2287/8/1392 2283/9/1393 2286/10/1393
f 2286/10/1393 2283/9/1393 2284/11/1394
f 2286/10/1393 2284/11/1394 2285/12/1394
f 2285/12/1394 2284/11/1394 2277/13/1395
f 2285/12/1394 2277/13/1395 2280/14/1395
f 2289/15/1396 2290/16/1397 2308/17/1396
f 2308/17/1396 2290/16/1397 2307/18/1397
f 2307/18/1397 2290/16/1397 2291/19/1398
f 2307/18/1397 2291/19/1398 2306/20/1398
f 2306/20/1398 2291/19/1398 2292/21/1399
f 2306/20/1398 2292/21/1399 2305/22/1400
f 2305/22/1400 2292/21/1399 2293/23/1401
f 2305/22/1400 2293/23/1401 2304/24/1401
f 2304/24/1401 2293/23/1401 2294/25/1402
f 2304/24/1401 2294/25/1402 2303/26/1403
f 2303/26/1403 2294/25/1402 2295/27/1404
f 2303/26/1403 2295/27/1404 2302/28/1404
f 2302/28/1404 2295/27/1404 2296/29/1405
f 2302/28/1404 2296/29/1405 2301/30/1406
f 2301/30/1406 2296/29/1405 2297/31/1407
f 2301/30/1406 2297/31/1407 2300/32/1407
f 2300/32/1407 2297/31/1407 2298/33/1408
f 2300/32/1407 2298/33/1408 2299/34/1408
f 2299/34/1408 2298/33/1408 2281/13/1391
f 2299/34/1408 2281/13/1391 2288/14/1391
f 2309/35/1409 2310/36/1410 2340/37/1411
f 2340/37/1411 2310/36/1410 2339/38/1410
f 2339/38/1410 2310/36/1410 2311/39/1412
f 2339/38/1410 2311/39/1412 2338/40/1412
f 2338/40/1412 2311/39/1412 2312/41/1413
f 2338/40/1412 2312/41/1413 2337/42/1413
f 2337/42/1413 2312/41/1413 2313/43/1414
f 2337/42/1413 2313/43/1414 2336/44/1414
f 2336/44/1414 2313/43/1414 2314/45/1415
f 2336/44/1414 2314/45/1415 2335/46/1415
f 2335/46/1415 2314/45/1415 2315/47/1416
f 2335/46/1415 2315/47/1416 2334/48/1416
f 2334/48/1416 2315/47/1416 2316/49/1417
f 2334/48/1416 2316/49/1417 2333/50/1417
f 2333/50/1417 2316/49/1417 2317/51/1418
f 2333/50/1417 2317/51/1418 2332/52/1418
f 2332/52/1418 2317/51/1418 2318/53/1419
f 2332/52/1418 2318/53/1419 2331/54/1419
f 2331/54/1419 2318/53/1419 2319/55/1420
f 2331/54/1419 2319/55/1420 2330/56/1420
f 2330/56/1420 2319/55/1420 2320/57/1421
f 2330/56/1420 2320/57/1421 2329/58/1421
f 2329/58/1421 2320/57/1421 2321/59/1422
f 2329/58/1421 2321/59/1422 2328/60/1422
f 2328/60/1422 2321/59/1422 2322/61/1423
f 2328/60/1422 2322/61/1423 2327/62/1423
f 2327/62/1423 2322/61/1423 2323/63/1424
f 2327/62/1423 2323/63/1424 2326/64/1424
f 2326/64/1424 2323/63/1424 2324/65/1425
f 2326/64/1424 2324/65/1425 2325/66/1425
f 2325/66/1425 2324/65/1425 2289/13/1426
f 2325/66/1425 2289/13/1426 2308/14/1426
f 2341/67/1427 2342/68/1428 2372/69/1427
f 2372/69/1427 2342/68/1428 2371/70/1428
f 2371/70/1428 2342/68/1428 2343/71/1429
f 2371/70/1428 2343/71/1429 2370/72/1429
f 2370/72/1429 2343/71/1429 2344/73/1430
f 2370/72/1429 2344/73/1430 2369/74/1431
f 2369/74/1431 2344/73/1430 2345/75/1432
f 2369/74/1431 2345/75/1432 2368/76/1433
f 2368/76/1433 2345/75/1432 2346/77/1434
f 2368/76/1433 2346/77/1434 2367/78/1435
f 2367/78/1435 2346/77/1434 2347/79/1436
f 2367/78/1435 2347/79/1436 2366/80/1437
f 2366/80/1437 2347/79/1436 2348/81/1438
f 2366/80/1437 2348/81/1438 2365/82/1439
f 2365/82/1439 2348/81/1438 2349/83/1440
f 2365/82/1439 2349/83/1440 2364/84/1441
f 2364/84/1441 2349/83/1440 2350/85/1442
f 2364/84/1441 2350/85/1442 2363/86/1442
f 2363/86/1442 2350/85/1442 2351/87/1443
f 2363/86/1442 2351/87/1443 2362/88/1443
f 2362/88/1443 2351/87/1443 2352/89/1444
f 2362/88/1443 2352/89/1444 2361/90/1444
f 2361/90/1444 2352/89/1444 2353/91/1445
f 2361/90/1444 2353/91/1445 2360/92/1445
f 2360/92/1445 2353/91/1445 2354/93/1446
f 2360/92/1445 2354/93/1446 2359/94/1447
f 2359/94/1447 2354/93/1446 2355/95/1448
f 2359/94/1447 2355/95/1448 2358/96/1449
f 2358/96/1449 2355/95/1448 2356/97/1450
f 2358/96/1449 2356/97/1450 2357/98/1450
f 2357/98/1450 2356/97/1450 2309/13/1409
f 2357/98/1450 2309/13/1409 2340/14/1411
f 2373/99/1451 2374/100/1452 2390/101/1451
f 2390/101/1451 2374/100/1452 2389/102/1452
f 2389/102/1452 2374/100/1452 2375/103/1453
f 2389/102/1452 2375/103/1453 2388/104/1453
f 2388/104/1453 2375/103/1453 2376/105/1454
f 2388/104/1453 2376/105/1454 2387/106/1454
f 2387/106/1454 2376/105/1454 2377/107/1455
f 2387/106/1454 2377/107/1455 2386/108/1455
f 2386/108/1455 2377/107/1455 2378/109/1456
f 2386/108/1455 2378/109/1456 2385/110/1456
f 2385/110/1456 2378/109/1456 2379/111/1457
f 2385/110/1456 2379/111/1457 2384/112/1457
f 2384/112/1457 2379/111/1457 2380/113/1458
f 2384/112/1457 2380/113/1458 2383/114/1458
f 2383/114/1458 2380/113/1458 2381/115/1459
f 2383/114/1458 2381/115/1459 2382/116/1459
f 2382/116/1459 2381/115/1459 2341/13/1460
f 2382/116/1459 2341/13/1460 2372/14/1460
f 2391/13/1461 2392/117/1462 2414/14/1461
f 2414/14/1461 2392/117/1462 2413/118/1462
f 2413/118/1462 2392/117/1462 2393/119/1463
f 2413/118/1462 2393/119/1463 2412/120/1463
f 2412/120/1463 2393/119/1463 2394/121/1464
f 2412/120/1463 2394/121/1464 2411/122/1464
f 2411/122/1464 2394/121/1464 2395/123/1465
f 2411/122/1464 2395/123/1465 2410/124/1465
f 2410/124/1465 2395/123/1465 2396/125/1466
f 2410/124/1465 2396/125/1466 2409/126/1467
f 2409/126/1467 2396/125/1466 2397/127/1468
f 2409/126/1467 2397/127/1468 2408/128/1469
f 2408/128/1469 2397/127/1468 2398/129/1470
f 2408/128/1469 2398/129/1470 2407/130/1470
f 2407/130/1470 2398/129/1470 2399/131/1471
f 2407/130/1470 2399/131/1471 2406/132/1471
f 2406/132/1471 2399/131/1471 2400/133/1472
f 2406/132/1471 2400/133/1472 2405/134/1472
f 2405/134/1472 2400/133/1472 2401/135/1473
f 2405/134/1472 2401/135/1473 2404/136/1474
f 2404/136/1474 2401/135/1473 2402/137/1475
f 2404/136/1474 2402/137/1475 2403/138/1476
f 2403/138/1476 2402/137/1475 2373/139/1451
f 2403/138/1476 2373/139/1451 2390/140/1451
f 2278/141/1477 2391/142/1478 2279/143/1479
f 2279/143/1479 2391/142/1478 2414/144/1478
f 2279/145/93 2414/146/93 2280/147/93
f 2280/147/93 2414/146/93 2333/148/93
f 2280/147/93 2333/148/93 2332/149/93
f 2413/150/93 2337/151/93 2414/146/93
f 2414/146/93 2337/151/93 2336/152/93
f 2414/146/93 2336/152/93 2335/153/93
f 2412/154/93 2340/155/93 2413/150/93
f 2413/150/93 2340/155/93 2339/156/93
f 2413/150/93 2339/156/93 2338/157/93
f 2411/158/93 2358/159/93 2412/154/93
f 2412/154/93 2358/159/93 2357/160/93
f 2412/154/93 2357/160/93 2340/155/93
f 2410/161/93 2360/162/93 2411/158/93
f 2411/158/93 2360/162/93 2359/163/93
f 2411/158/93 2359/163/93 2358/159/93
f 2360/162/93 2410/161/93 2361/164/93
f 2361/164/93 2410/161/93 2409/165/93
f 2361/164/93 2409/165/93 2362/166/93
f 2362/166/93 2409/165/93 2408/167/93
f 2362/166/93 2408/167/93 2363/168/93
f 2363/168/93 2408/167/93 2407/169/93
f 2363/168/93 2407/169/93 2364/170/93
f 2364/170/93 2407/169/93 2406/171/93
f 2364/170/93 2406/171/93 2365/172/93
f 2365/172/93 2406/171/93 2405/173/93
f 2365/172/93 2405/173/93 2404/174/93
f 2365/172/93 2404/174/93 2366/175/93
f 2366/175/93 2404/174/93 2403/176/93
f 2366/175/93 2403/176/93 2367/177/93
f 2367/177/93 2403/176/93 2390/178/93
f 2367/177/93 2390/178/93 2368/179/93
f 2368/179/93 2390/178/93 2389/180/93
f 2368/179/93 2389/180/93 2388/181/93
f 2368/179/93 2388/181/93 2369/182/93
f 2369/182/93 2388/181/93 2387/183/93
f 2369/182/93 2387/183/93 2386/184/93
f 2369/182/93 2386/184/93 2370/185/93
f 2370/185/93 2386/184/93 2385/186/93
f 2370/185/93 2385/186/93 2384/187/93
f 2370/185/93 2384/187/93 2371/188/93
f 2371/188/93 2384/187/93 2383/189/93
f 2371/188/93 2383/189/93 2382/190/93
f 2382/190/93 2372/191/93 2371/188/93
f 2338/157/93 2337/151/93 2413/150/93
f 2335/153/93 2334/192/93 2414/146/93
f 2414/146/93 2334/192/93 2333/148/93
f 2332/149/93 2331/193/93 2280/147/93
f 2280/147/93 2331/193/93 2285/194/93
f 2285/194/93 2331/193/93 2330/195/93
f 2285/194/93 2330/195/93 2329/196/93
f 2285/194/93 2329/196/93 2286/197/93
f 2286/197/93 2329/196/93 2328/198/93
f 2286/197/93 2328/198/93 2327/199/93
f 2286/197/93 2327/199/93 2287/200/93
f 2287/200/93 2327/199/93 2326/201/93
f 2287/200/93 2326/201/93 2288/202/93
f 2288/202/93 2326/201/93 2299/203/93
f 2299/203/93 2326/201/93 2306/204/93
f 2299/203/93 2306/204/93 2300/205/93
f 2300/205/93 2306/204/93 2301/206/93
f 2301/206/93 2306/204/93 2305/207/93
f 2301/206/93 2305/207/93 2302/208/93
f 2302/208/93 2305/207/93 2303/209/93
f 2303/209/93 2305/207/93 2304/210/449
f 2306/204/93 2326/201/93 2307/211/93
f 2307/211/93 2326/201/93 2325/212/93
f 2307/211/93 2325/212/93 2308/213/93
f 2278/214/94 2277/215/94 2391/216/94
f 2391/216/94 2277/215/94 2316/217/94
f 2391/216/94 2316/217/94 2315/218/94
f 2284/219/94 2318/220/94 2277/215/94
f 2277/215/94 2318/220/94 2317/221/94
f 2277/215/94 2317/221/94 2316/217/94
f 2283/222/94 2320/223/94 2284/219/94
f 2284/219/94 2320/223/94 2319/224/94
f 2284/219/94 2319/224/94 2318/220/94
f 2282/225/94 2322/226/94 2283/222/94
f 2283/222/94 2322/226/94 2321/227/94
f 2283/222/94 2321/227/94 2320/223/94
f 2322/226/94 2282/225/94 2323/228/94
f 2323/228/94 2282/225/94 2281/229/94
f 2323/228/94 2281/229/94 2298/230/94
f 2323/228/94 2298/230/94 2291/231/94
f 2291/231/94 2298/230/94 2297/232/94
f 2291/231/94 2297/232/94 2296/233/94
f 2291/231/94 2296/233/94 2292/234/94
f 2292/234/94 2296/233/94 2295/235/94
f 2292/234/94 2295/235/94 2294/236/94
f 2294/236/94 2293/237/94 2292/234/94
f 2291/231/94 2290/238/94 2323/228/94
f 2323/228/94 2290/238/94 2324/239/94
f 2324/239/94 2290/238/94 2289/240/94
f 2315/218/94 2314/241/94 2391/216/94
f 2391/216/94 2314/241/94 2313/242/94
f 2391/216/94 2313/242/94 2312/243/94
f 2391/216/94 2312/243/94 2392/244/94
f 2392/244/94 2312/243/94 2311/245/94
f 2392/244/94 2311/245/94 2310/246/94
f 2310/246/94 2309/247/94 2392/244/94
f 2392/244/94 2309/247/94 2393/248/94
f 2393/248/94 2309/247/94 2356/249/94
f 2393/248/94 2356/249/94 2355/250/94
f 2393/248/94 2355/250/94 2394/251/94
f 2394/251/94 2355/250/94 2354/252/94
f 2394/251/94 2354/252/94 2353/253/94
f 2394/251/94 2353/253/94 2395/254/94
f 2395/254/94 2353/253/94 2352/255/94
f 2395/254/94 2352/255/94 2396/256/94
f 2396/256/94 2352/255/94 2351/257/94
f 2396/256/94 2351/257/94 2397/258/94
f 2397/258/94 2351/257/94 2350/259/94
f 2397/258/94 2350/259/94 2398/260/94
f 2398/260/94 2350/259/94 2349/261/94
f 2398/260/94 2349/261/94 2399/262/94
f 2399/262/94 2349/261/94 2348/263/94
f 2399/262/94 2348/263/94 2400/264/94
f 2400/264/94 2348/263/94 2401/265/94
f 2401/265/94 2348/263/94 2347/266/94
f 2401/265/94 2347/266/94 2402/267/94
f 2402/267/94 2347/266/94 2346/268/94
f 2402/267/94 2346/268/94 2373/269/94
f 2373/269/94 2346/268/94 2345/270/94
f 2373/269/94 2345/270/94 2374/271/94
f 2374/271/94 2345/270/94 2375/272/94
f 2375/272/94 2345/270/94 2344/273/94
f 2375/272/94 2344/273/94 2376/274/94
f 2376/274/94 2344/273/94 2377/275/94
f 2377/275/94 2344/273/94 2343/276/94
f 2377/275/94 2343/276/94 2378/277/94
f 2378/277/94 2343/276/94 2379/278/94
f 2379/278/94 2343/276/94 2342/279/94
f 2379/278/94 2342/279/94 2380/280/94
f 2380/280/94 2342/279/94 2381/281/94
f 2381/281/94 2342/279/94 2341/282/94
f 2415/283/1480 2416/13/1481 2418/284/1482
f 2418/284/1482 2416/13/1481 2417/14/1481
f 2419/13/1483 2420/285/1484 2434/14/1483
f 2434/14/1483 2420/285/1484 2433/286/1485
f 2433/286/1485 2420/285/1484 2421/287/1486
f 2433/286/1485 2421/287/1486 2432/288/1486
f 2432/288/1486 2421/287/1486 2422/289/1487
f 2432/288/1486 2422/289/1487 2431/290/1487
f 2431/290/1487 2422/289/1487 2423/291/1488
f 2431/290/1487 2423/291/1488 2430/292/1488
f 2430/292/1488 2423/291/1488 2424/293/1489
f 2430/292/1488 2424/293/1489 2429/294/1489
f 2429/294/1489 2424/293/1489 2425/295/1490
f 2429/294/1489 2425/295/1490 2428/296/1490
f 2428/296/1490 2425/295/1490 2426/297/1491
f 2428/296/1490 2426/297/1491 2427/298/1491
f 2427/298/1491 2426/297/1491 2415/299/1480
f 2427/298/1491 2415/299/1480 2418/300/1482
f 2435/13/1492 2436/301/1493 2450/14/1494
f 2450/14/1494 2436/301/1493 2449/302/1495
f 2449/302/1495 2436/301/1493 2437/303/1496
f 2449/302/1495 2437/303/1496 2448/304/1497
f 2448/304/1497 2437/303/1496 2438/305/1498
f 2448/304/1497 2438/305/1498 2447/306/1498
f 2447/306/1498 2438/305/1498 2439/307/1499
f 2447/306/1498 2439/307/1499 2446/308/1499
f 2446/308/1499 2439/307/1499 2440/309/1500
f 2446/308/1499 2440/309/1500 2445/310/1501
f 2445/310/1501 2440/309/1500 2441/311/1502
f 2445/310/1501 2441/311/1502 2444/312/1502
f 2444/312/1502 2441/311/1502 2442/313/1503
f 2444/312/1502 2442/313/1503 2443/314/1503
f 2443/314/1503 2442/313/1503 2419/315/1483
f 2443/314/1503 2419/315/1483 2434/316/1483
f 2451/13/1504 2452/317/1505 2466/14/1504
f 2466/14/1504 2452/317/1505 2465/318/1506
f 2465/318/1506 2452/317/1505 2453/319/1507
f 2465/318/1506 2453/319/1507 2464/320/1507
f 2464/320/1507 2453/319/1507 2454/321/1508
f 2464/320/1507 2454/321/1508 2463/322/1509
f 2463/322/1509 2454/321/1508 2455/323/1510
f 2463/322/1509 2455/323/1510 2462/324/1510
f 2462/324/1510 2455/323/1510 2456/325/1511
f 2462/324/1510 2456/325/1511 2461/326/1511
f 2461/326/1511 2456/325/1511 2457/327/1512
f 2461/326/1511 2457/327/1512 2460/328/1512
f 2460/328/1512 2457/327/1512 2458/329/1513
f 2460/328/1512 2458/329/1513 2459/330/1514
f 2459/330/1514 2458/329/1513 2435/331/1492
f 2459/330/1514 2435/331/1492 2450/332/1494
f 2467/13/1515 2468/333/1516 2482/14/1515
f 2482/14/1515 2468/333/1516 2481/334/1516
f 2481/334/1516 2468/333/1516 2469/335/1517
f 2481/334/1516 2469/335/1517 2480/336/1517
f 2480/336/1517 2469/335/1517 2470/337/1518
f 2480/336/1517 2470/337/1518 2479/338/1518
f 2479/338/1518 2470/337/1518 2471/339/1519
f 2479/338/1518 2471/339/1519 2478/340/1519
f 2478/340/1519 2471/339/1519 2472/341/1520
f 2478/340/1519 2472/341/1520 2477/342/1521
f 2477/342/1521 2472/341/1520 2473/343/1522
f 2477/342/1521 2473/343/1522 2476/344/1523
f 2476/344/1523 2473/343/1522 2474/345/1524
f 2476/344/1523 2474/345/1524 2475/346/1524
f 2475/346/1524 2474/345/1524 2451/347/1504
f 2475/346/1524 2451/347/1504 2466/348/1504
f 2483/13/1525 2484/349/1526 2498/14/1525
f 2498/14/1525 2484/349/1526 2497/350/1526
f 2497/350/1526 2484/349/1526 2485/351/1527
f 2497/350/1526 2485/351/1527 2496/352/1527
f 2496/352/1527 2485/351/1527 2486/353/1528
f 2496/352/1527 2486/353/1528 2495/354/1528
f 2495/354/1528 2486/353/1528 2487/355/1529
f 2495/354/1528 2487/355/1529 2494/356/1529
f 2494/356/1529 2487/355/1529 2488/357/1530
f 2494/356/1529 2488/357/1530 2493/358/1531
f 2493/358/1531 2488/357/1530 2489/359/1532
f 2493/358/1531 2489/359/1532 2492/360/1532
f 2492/360/1532 2489/359/1532 2490/361/1533
f 2492/360/1532 2490/361/1533 2491/362/1533
f 2491/362/1533 2490/361/1533 2467/363/1515
f 2491/362/1533 2467/363/1515 2482/364/1515
f 2499/365/1534 2483/366/1535 2500/367/1536
f 2500/367/1536 2483/366/1535 2498/368/1537
f 2416/369/1538 2499/370/1539 2417/371/1538
f 2417/371/1538 2499/370/1539 2500/372/1539
f 2501/373/1326 2502/374/1540 2506/375/1326
f 2506/375/1326 2502/374/1540 2505/376/1541
f 2505/376/1541 2502/374/1540 2503/13/1542
f 2505/376/1541 2503/13/1542 2504/14/1542
f 2507/377/1543 2508/378/1544 2510/379/1543
f 2510/379/1543 2508/378/1544 2509/380/1544
f 2509/380/1544 2508/378/1544 2501/13/1545
f 2509/380/1544 2501/13/1545 2506/14/1545
f 2511/381/1546 2512/382/1547 2542/383/1546
f 2542/383/1546 2512/382/1547 2541/384/1547
f 2541/384/1547 2512/382/1547 2513/385/1548
f 2541/384/1547 2513/385/1548 2540/386/1548
f 2540/386/1548 2513/385/1548 2514/387/1549
f 2540/386/1548 2514/387/1549 2539/388/1549
f 2539/388/1549 2514/387/1549 2515/389/1550
f 2539/388/1549 2515/389/1550 2538/390/1550
f 2538/390/1550 2515/389/1550 2516/391/1551
f 2538/390/1550 2516/391/1551 2537/392/1551
f 2537/392/1551 2516/391/1551 2517/393/1552
f 2537/392/1551 2517/393/1552 2536/394/1552
f 2536/394/1552 2517/393/1552 2518/395/1553
f 2536/394/1552 2518/395/1553 2535/396/1553
f 2535/396/1553 2518/395/1553 2519/397/1554
f 2535/396/1553 2519/397/1554 2534/398/1554
f 2534/398/1554 2519/397/1554 2520/399/1555
f 2534/398/1554 2520/399/1555 2533/400/1555
f 2533/400/1555 2520/399/1555 2521/401/1556
f 2533/400/1555 2521/401/1556 2532/402/1556
f 2532/402/1556 2521/401/1556 2522/403/1557
f 2532/402/1556 2522/403/1557 2531/404/1557
f 2531/404/1557 2522/403/1557 2523/405/1558
f 2531/404/1557 2523/405/1558 2530/406/1558
f 2530/406/1558 2523/405/1558 2524/407/1559
f 2530/406/1558 2524/407/1559 2529/408/1559
f 2529/408/1559 2524/407/1559 2525/409/1560
f 2529/408/1559 2525/409/1560 2528/410/1560
f 2528/410/1560 2525/409/1560 2526/411/1561
f 2528/410/1560 2526/411/1561 2527/412/1561
f 2527/412/1561 2526/411/1561 2507/13/1543
f 2527/412/1561 2507/13/1543 2510/14/1543
f 2543/413/1562 2544/414/1563 2574/415/1564
f 2574/415/1564 2544/414/1563 2573/416/1563
f 2573/416/1563 2544/414/1563 2545/417/1565
f 2573/416/1563 2545/417/1565 2572/418/1565
f 2572/418/1565 2545/417/1565 2546/419/1566
f 2572/418/1565 2546/419/1566 2571/420/1566
f 2571/420/1566 2546/419/1566 2547/421/1567
f 2571/420/1566 2547/421/1567 2570/422/1567
f 2570/422/1567 2547/421/1567 2548/423/1568
f 2570/422/1567 2548/423/1568 2569/424/1568
f 2569/424/1568 2548/423/1568 2549/425/1569
f 2569/424/1568 2549/425/1569 2568/426/1569
f 2568/426/1569 2549/425/1569 2550/427/1570
f 2568/426/1569 2550/427/1570 2567/428/1570
f 2567/428/1570 2550/427/1570 2551/429/1571
f 2567/428/1570 2551/429/1571 2566/430/1571
f 2566/430/1571 2551/429/1571 2552/431/1572
f 2566/430/1571 2552/431/1572 2565/432/1572
f 2565/432/1572 2552/431/1572 2553/433/1573
f 2565/432/1572 2553/433/1573 2564/434/1573
f 2564/434/1573 2553/433/1573 2554/435/1574
f 2564/434/1573 2554/435/1574 2563/436/1574
f 2563/436/1574 2554/435/1574 2555/437/1575
f 2563/436/1574 2555/437/1575 2562/438/1575
f 2562/438/1575 2555/437/1575 2556/439/1576
f 2562/438/1575 2556/439/1576 2561/440/1577
f 2561/440/1577 2556/439/1576 2557/441/1578
f 2561/440/1577 2557/441/1578 2560/442/1578
f 2560/442/1578 2557/441/1578 2558/443/1579
f 2560/442/1578 2558/443/1579 2559/444/1580
f 2559/444/1580 2558/443/1579 2511/13/1546
f 2559/444/1580 2511/13/1546 2542/14/1546
f 2575/445/1581 2576/446/1582 2606/447/1583
f 2606/447/1583 2576/446/1582 2605/448/1584
f 2605/448/1584 2576/446/1582 2577/449/1585
f 2605/448/1584 2577/449/1585 2604/450/1585
f 2604/450/1585 2577/449/1585 2578/451/1586
f 2604/450/1585 2578/451/1586 2603/452/1586
f 2603/452/1586 2578/451/1586 2579/453/1587
f 2603/452/1586 2579/453/1587 2602/454/1587
f 2602/454/1587 2579/453/1587 2580/455/1588
f 2602/454/1587 2580/455/1588 2601/456/1588
f 2601/456/1588 2580/455/1588 2581/457/1589
f 2601/456/1588 2581/457/1589 2600/458/1589
f 2600/458/1589 2581/457/1589 2582/459/1590
f 2600/458/1589 2582/459/1590 2599/460/1590
f 2599/460/1590 2582/459/1590 2583/461/1591
f 2599/460/1590 2583/461/1591 2598/462/1591
f 2598/462/1591 2583/461/1591 2584/463/1592
f 2598/462/1591 2584/463/1592 2597/464/1592
f 2597/464/1592 2584/463/1592 2585/465/1593
f 2597/464/1592 2585/465/1593 2596/466/1593
f 2596/466/1593 2585/465/1593 2586/467/1035
f 2596/466/1593 2586/467/1035 2595/468/1035
f 2595/468/1035 2586/467/1035 2587/469/1594
f 2595/468/1035 2587/469/1594 2594/470/1594
f 2594/470/1594 2587/469/1594 2588/471/1595
f 2594/470/1594 2588/471/1595 2593/472/1595
f 2593/472/1595 2588/471/1595 2589/473/1596
f 2593/472/1595 2589/473/1596 2592/474/1596
f 2592/474/1596 2589/473/1596 2590/475/1597
f 2592/474/1596 2590/475/1597 2591/476/1597
f 2591/476/1597 2590/475/1597 2543/13/1562
f 2591/476/1597 2543/13/1562 2574/14/1564
f 2503/477/1598 2607/478/1599 2504/479/1598
f 2504/479/1598 2607/478/1599 2636/480/1599
f 2636/480/1599 2607/478/1599 2608/481/1600
f 2636/480/1599 2608/481/1600 2635/482/1600
f 2635/482/1600 2608/481/1600 2609/483/1601
f 2635/482/1600 2609/483/1601 2634/484/1601
f 2634/484/1601 2609/483/1601 2610/485/1602
f 2634/484/1601 2610/485/1602 2633/486/1602
f 2633/486/1602 2610/485/1602 2611/487/327
f 2633/486/1602 2611/487/327 2632/488/327
f 2632/488/327 2611/487/327 2612/489/1603
f 2632/488/327 2612/489/1603 2631/490/1603
f 2631/490/1603 2612/489/1603 2613/491/1604
f 2631/490/1603 2613/491/1604 2630/492/1604
f 2630/492/1604 2613/491/1604 2614/493/1605
f 2630/492/1604 2614/493/1605 2629/494/1606
f 2629/494/1606 2614/493/1605 2615/495/1607
f 2629/494/1606 2615/495/1607 2628/496/1607
f 2628/496/1607 2615/495/1607 2616/497/1608
f 2628/496/1607 2616/497/1608 2627/498/1608
f 2627/498/1608 2616/497/1608 2617/499/1609
f 2627/498/1608 2617/499/1609 2626/500/1610
f 2626/500/1610 2617/499/1609 2618/501/1611
f 2626/500/1610 2618/501/1611 2625/502/1611
f 2625/502/1611 2618/501/1611 2619/503/1612
f 2625/502/1611 2619/503/1612 2624/504/1612
f 2624/504/1612 2619/503/1612 2620/505/1613
f 2624/504/1612 2620/505/1613 2623/506/1613
f 2623/506/1613 2620/505/1613 2621/507/1614
f 2623/506/1613 2621/507/1614 2622/508/1614
f 2622/508/1614 2621/507/1614 2575/13/1581
f 2622/508/1614 2575/13/1581 2606/14/1583
f 2500/509/93 2498/510/93 2417/511/93
f 2417/511/93 2498/510/93 2537/512/93
f 2417/511/93 2537/512/93 2536/513/93
f 2537/512/93 2498/510/93 2538/514/93
f 2538/514/93 2498/510/93 2497/515/93
f 2538/514/93 2497/515/93 2539/516/93
f 2539/516/93 2497/515/93 2540/517/93
f 2540/517/93 2497/515/93 2496/518/93
f 2540/517/93 2496/518/93 2541/519/93
f 2541/519/93 2496/518/93 2542/520/93
f 2542/520/93 2496/518/93 2495/521/93
f 2542/520/93 2495/521/93 2559/522/93
f 2559/522/93 2495/521/93 2560/523/93
f 2560/523/93 2495/521/93 2494/524/93
f 2560/523/93 2494/524/93 2561/525/93
f 2561/525/93 2494/524/93 2562/526/93
f 2562/526/93 2494/524/93 2493/527/93
f 2562/526/93 2493/527/93 2563/528/93
f 2563/528/93 2493/527/93 2492/529/93
f 2563/528/93 2492/529/93 2564/530/93
f 2564/530/93 2492/529/93 2565/531/93
f 2565/531/93 2492/529/93 2491/532/93
f 2565/531/93 2491/532/93 2566/533/93
f 2566/533/93 2491/532/93 2567/534/93
f 2567/534/93 2491/532/93 2482/535/93
f 2567/534/93 2482/535/93 2568/536/93
f 2568/536/93 2482/535/93 2569/537/93
f 2569/537/93 2482/535/93 2481/538/93
f 2569/537/93 2481/538/93 2570/539/93
f 2570/539/93 2481/538/93 2571/540/93
f 2571/540/93 2481/538/93 2480/541/93
f 2571/540/93 2480/541/93 2572/542/93
f 2572/542/93 2480/541/93 2479/543/93
f 2572/542/93 2479/543/93 2573/544/93
f 2573/544/93 2479/543/93 2574/545/93
f 2574/545/93 2479/543/93 2478/546/93
f 2574/545/93 2478/546/93 2591/547/93
f 2591/547/93 2478/546/93 2477/548/93
f 2591/547/93 2477/548/93 2592/549/93
f 2592/549/93 2477/548/93 2593/550/93
f 2593/550/93 2477/548/93 2476/551/93
f 2593/550/93 2476/551/93 2594/552/93
f 2594/552/93 2476/551/93 2475/553/93
f 2594/552/93 2475/553/93 2595/554/93
f 2595/554/93 2475/553/93 2596/555/93
f 2596/555/93 2475/553/93 2466/556/93
f 2596/555/93 2466/556/93 2597/557/93
f 2597/557/93 2466/556/93 2598/558/93
f 2598/558/93 2466/556/93 2465/559/93
f 2598/558/93 2465/559/93 2599/560/93
f 2599/560/93 2465/559/93 2464/561/93
f 2599/560/93 2464/561/93 2600/562/93
f 2600/562/93 2464/561/93 2601/563/93
f 2601/563/93 2464/561/93 2463/564/93
f 2601/563/93 2463/564/93 2602/565/93
f 2602/565/93 2463/564/93 2603/566/93
f 2603/566/93 2463/564/93 2462/567/93
f 2603/566/93 2462/567/93 2604/568/93
f 2604/568/93 2462/567/93 2605/569/93
f 2605/569/93 2462/567/93 2461/570/93
f 2605/569/93 2461/570/93 2606/571/93
f 2606/571/93 2461/570/93 2460/572/93
f 2606/571/93 2460/572/93 2622/573/93
f 2622/573/93 2460/572/93 2623/574/93
f 2623/574/93 2460/572/93 2459/575/93
f 2623/574/93 2459/575/93 2624/576/93
f 2624/576/93 2459/575/93 2625/577/93
f 2625/577/93 2459/575/93 2450/578/93
f 2625/577/93 2450/578/93 2626/579/93
f 2626/579/93 2450/578/93 2449/580/93
f 2626/579/93 2449/580/93 2627/581/93
f 2627/581/93 2449/580/93 2628/582/93
f 2628/582/93 2449/580/93 2448/583/93
f 2628/582/93 2448/583/93 2629/584/93
f 2629/584/93 2448/583/93 2630/585/93
f 2630/585/93 2448/583/93 2447/586/93
f 2630/585/93 2447/586/93 2631/587/93
f 2631/587/93 2447/586/93 2446/588/93
f 2631/587/93 2446/588/93 2632/589/93
f 2632/589/93 2446/588/93 2633/590/93
f 2633/590/93 2446/588/93 2445/591/93
f 2633/590/93 2445/591/93 2634/592/93
f 2634/592/93 2445/591/93 2444/593/93
f 2634/592/93 2444/593/93 2635/594/93
f 2635/594/93 2444/593/93 2636/595/93
f 2636/595/93 2444/593/93 2443/596/93
f 2636/595/93 2443/596/93 2504/597/93
f 2504/597/93 2443/596/93 2434/598/93
f 2504/597/93 2434/598/93 2505/599/93
f 2505/599/93 2434/598/93 2433/600/93
f 2505/599/93 2433/600/93 2506/601/93
f 2506/601/93 2433/600/93 2432/602/93
f 2506/601/93 2432/602/93 2509/603/93
f 2509/603/93 2432/602/93 2510/604/93
f 2510/604/93 2432/602/93 2431/605/93
f 2510/604/93 2431/605/93 2527/606/93
f 2527/606/93 2431/605/93 2430/607/93
f 2527/606/93 2430/607/93 2528/608/93
f 2528/608/93 2430/607/93 2529/609/93
f 2529/609/93 2430/607/93 2429/610/93
f 2529/609/93 2429/610/93 2530/611/93
f 2530/611/93 2429/610/93 2428/612/93
f 2530/611/93 2428/612/93 2531/613/93
f 2531/613/93 2428/612/93 2532/614/93
f 2532/614/93 2428/612/93 2427/615/93
f 2532/614/93 2427/615/93 2533/616/93
f 2533/616/93 2427/615/93 2534/617/93
f 2534/617/93 2427/615/93 2418/618/93
f 2534/617/93 2418/618/93 2535/619/93
f 2535/619/93 2418/618/93 2536/513/93
f 2536/513/93 2418/618/93 2417/511/93
f 2499/620/94 2416/621/94 2483/622/94
f 2483/622/94 2416/621/94 2516/623/94
f 2483/622/94 2516/623/94 2515/624/94
f 2516/623/94 2416/621/94 2517/625/94
f 2517/625/94 2416/621/94 2415/626/94
f 2517/625/94 2415/626/94 2518/627/94
f 2518/627/94 2415/626/94 2519/628/94
f 2519/628/94 2415/626/94 2426/629/94
f 2519/628/94 2426/629/94 2520/630/94
f 2520/630/94 2426/629/94 2521/631/94
f 2521/631/94 2426/629/94 2425/632/94
f 2521/631/94 2425/632/94 2522/633/94
f 2522/633/94 2425/632/94 2523/634/94
f 2523/634/94 2425/632/94 2424/635/94
f 2523/634/94 2424/635/94 2524/636/94
f 2524/636/94 2424/635/94 2423/637/94
f 2524/636/94 2423/637/94 2525/638/94
f 2525/638/94 2423/637/94 2526/639/94
f 2526/639/94 2423/637/94 2422/640/94
f 2526/639/94 2422/640/94 2507/641/94
f 2507/641/94 2422/640/94 2421/642/94
f 2507/641/94 2421/642/94 2508/643/94
f 2508/643/94 2421/642/94 2501/644/94
f 2501/644/94 2421/642/94 2420/645/94
f 2501/644/94 2420/645/94 2502/646/94
f 2502/646/94 2420/645/94 2419/647/94
f 2502/646/94 2419/647/94 2503/648/94
f 2503/648/94 2419/647/94 2442/649/94
f 2503/648/94 2442/649/94 2607/650/94
f 2607/650/94 2442/649/94 2441/651/94
f 2607/650/94 2441/651/94 2608/652/94
f 2608/652/94 2441/651/94 2609/653/94
f 2609/653/94 2441/651/94 2440/654/94
f 2609/653/94 2440/654/94 2610/655/94
f 2610/655/94 2440/654/94 2439/656/94
f 2610/655/94 2439/656/94 2611/657/94
f 2611/657/94 2439/656/94 2612/658/94
f 2612/658/94 2439/656/94 2438/659/94
f 2612/658/94 2438/659/94 2613/660/94
f 2613/660/94 2438/659/94 2437/661/94
f 2613/660/94 2437/661/94 2614/662/94
f 2614/662/94 2437/661/94 2615/663/94
f 2615/663/94 2437/661/94 2436/664/94
f 2615/663/94 2436/664/94 2616/665/94
f 2616/665/94 2436/664/94 2617/666/94
f 2617/666/94 2436/664/94 2435/667/94
f 2617/666/94 2435/667/94 2618/668/94
f 2618/668/94 2435/667/94 2458/669/94
f 2618/668/94 2458/669/94 2619/670/94
f 2619/670/94 2458/669/94 2620/671/94
f 2620/671/94 2458/669/94 2457/672/94
f 2620/671/94 2457/672/94 2621/673/94
f 2621/673/94 2457/672/94 2575/674/94
f 2575/674/94 2457/672/94 2456/675/94
f 2575/674/94 2456/675/94 2576/676/94
f 2576/676/94 2456/675/94 2455/677/94
f 2576/676/94 2455/677/94 2577/678/94
f 2577/678/94 2455/677/94 2578/679/94
f 2578/679/94 2455/677/94 2454/680/94
f 2578/679/94 2454/680/94 2579/681/94
f 2579/681/94 2454/680/94 2580/682/94
f 2580/682/94 2454/680/94 2453/683/94
f 2580/682/94 2453/683/94 2581/684/94
f 2581/684/94 2453/683/94 2582/685/94
f 2582/685/94 2453/683/94 2452/686/94
f 2582/685/94 2452/686/94 2583/687/94
f 2583/687/94 2452/686/94 2451/688/94
f 2583/687/94 2451/688/94 2584/689/94
f 2584/689/94 2451/688/94 2585/690/94
f 2585/690/94 2451/688/94 2474/691/94
f 2585/690/94 2474/691/94 2586/692/94
f 2586/692/94 2474/691/94 2587/693/94
f 2587/693/94 2474/691/94 2473/694/94
f 2587/693/94 2473/694/94 2588/695/94
f 2588/695/94 2473/694/94 2472/696/94
f 2588/695/94 2472/696/94 2589/697/94
f 2589/697/94 2472/696/94 2590/698/94
f 2590/698/94 2472/696/94 2471/699/94
f 2590/698/94 2471/699/94 2543/700/94
f 2543/700/94 2471/699/94 2470/701/94
f 2543/700/94 2470/701/94 2544/702/94
f 2544/702/94 2470/701/94 2545/703/94
f 2545/703/94 2470/701/94 2469/704/94
f 2545/703/94 2469/704/94 2546/705/94
f 2546/705/94 2469/704/94 2468/706/94
f 2546/705/94 2468/706/94 2547/707/94
f 2547/707/94 2468/706/94 2548/708/94
f 2548/708/94 2468/706/94 2467/709/94
f 2548/708/94 2467/709/94 2549/710/94
f 2549/710/94 2467/709/94 2550/711/94
f 2550/711/94 2467/709/94 2490/712/94
f 2550/711/94 2490/712/94 2551/713/94
f 2551/713/94 2490/712/94 2552/714/94
f 2552/714/94 2490/712/94 2489/715/94
f 2552/714/94 2489/715/94 2553/716/94
f 2553/716/94 2489/715/94 2554/717/94
f 2554/717/94 2489/715/94 2488/718/94
f 2554/717/94 2488/718/94 2555/719/94
f 2555/719/94 2488/718/94 2487/720/94
f 2555/719/94 2487/720/94 2556/721/94
f 2556/721/94 2487/720/94 2557/722/94
f 2557/722/94 2487/720/94 2486/723/94
f 2557/722/94 2486/723/94 2558/724/94
f 2558/724/94 2486/723/94 2511/725/94
f 2511/725/94 2486/723/94 2485/726/94
f 2511/725/94 2485/726/94 2512/727/94
f 2512/727/94 2485/726/94 2513/728/94
f 2513/728/94 2485/726/94 2484/729/94
f 2513/728/94 2484/729/94 2514/730/94
f 2514/730/94 2484/729/94 2515/624/94
f 2515/624/94 2484/729/94 2483/622/94
f 2637/13/696 2638/731/695 2640/14/696
f 2640/14/696 2638/731/695 2639/732/695
f 2641/13/1615 2642/733/1326 2644/14/1615
f 2644/14/1615 2642/733/1326 2643/734/1326
f 2643/734/1326 2642/733/1326 2637/735/1615
f 2643/734/1326 2637/735/1615 2640/736/1615
f 2645/13/696 2641/737/696 2646/14/696
f 2646/14/696 2641/737/696 2644/738/696
f 2647/13/1326 2645/739/1326 2648/14/1326
f 2648/14/1326 2645/739/1326 2646/740/1326
f 2649/13/699 2650/741/698 2652/14/699
f 2652/14/699 2650/741/698 2651/742/698
f 2651/742/698 2650/741/698 2647/743/698
f 2651/742/698 2647/743/698 2648/744/698
f 2653/745/1616 2654/746/1617 2668/747/1616
f 2668/747/1616 2654/746/1617 2667/748/1617
f 2667/748/1617 2654/746/1617 2655/749/1618
f 2667/748/1617 2655/749/1618 2666/750/1618
f 2666/750/1618 2655/749/1618 2656/751/1619
f 2666/750/1618 2656/751/1619 2665/752/1620
f 2665/752/1620 2656/751/1619 2657/753/1621
f 2665/752/1620 2657/753/1621 2664/754/1621
f 2664/754/1621 2657/753/1621 2658/755/1622
f 2664/754/1621 2658/755/1622 2663/756/1622
f 2663/756/1622 2658/755/1622 2659/757/1623
f 2663/756/1622 2659/757/1623 2662/758/1623
f 2662/758/1623 2659/757/1623 2660/759/1624
f 2662/758/1623 2660/759/1624 2661/760/1624
f 2661/760/1624 2660/759/1624 2649/13/1625
f 2661/760/1624 2649/13/1625 2652/14/1625
f 2669/761/1626 2670/762/976 2684/763/1626
f 2684/763/1626 2670/762/976 2683/764/976
f 2683/764/976 2670/762/976 2671/765/1627
f 2683/764/976 2671/765/1627 2682/766/1628
f 2682/766/1628 2671/765/1627 2672/767/1629
f 2682/766/1628 2672/767/1629 2681/768/1629
f 2681/768/1629 2672/767/1629 2673/769/1630
f 2681/768/1629 2673/769/1630 2680/770/1630
f 2680/770/1630 2673/769/1630 2674/771/1631
f 2680/770/1630 2674/771/1631 2679/772/1632
f 2679/772/1632 2674/771/1631 2675/773/1633
f 2679/772/1632 2675/773/1633 2678/774/1633
f 2678/774/1633 2675/773/1633 2676/775/1634
f 2678/774/1633 2676/775/1634 2677/776/1634
f 2677/776/1634 2676/775/1634 2653/13/1616
f 2677/776/1634 2653/13/1616 2668/14/1616
f 2685/13/1635 2686/777/1635 2688/14/1635
f 2688/14/1635 2686/777/1635 2687/778/1635
f 2687/778/1635 2686/777/1635 2669/779/1635
f 2687/778/1635 2669/779/1635 2684/780/1635
f 2689/781/1636 2690/782/1637 2706/783/1636
f 2706/783/1636 2690/782/1637 2705/784/1638
f 2705/784/1638 2690/782/1637 2691/785/1639
f 2705/784/1638 2691/785/1639 2704/786/1639
f 2704/786/1639 2691/785/1639 2692/787/1640
f 2704/786/1639 2692/787/1640 2703/788/1640
f 2703/788/1640 2692/787/1640 2693/789/1641
f 2703/788/1640 2693/789/1641 2702/790/1641
f 2702/790/1641 2693/789/1641 2694/791/1642
f 2702/790/1641 2694/791/1642 2701/792/1642
f 2701/792/1642 2694/791/1642 2695/793/1643
f 2701/792/1642 2695/793/1643 2700/794/1643
f 2700/794/1643 2695/793/1643 2696/795/1644
f 2700/794/1643 2696/795/1644 2699/796/1644
f 2699/796/1644 2696/795/1644 2697/797/1645
f 2699/796/1644 2697/797/1645 2698/798/1645
f 2698/798/1645 2697/797/1645 2685/13/1646
f 2698/798/1645 2685/13/1646 2688/14/1646
f 2707/799/1647 2708/800/1648 2738/801/1647
f 2738/801/1647 2708/800/1648 2737/802/1648
f 2737/802/1648 2708/800/1648 2709/803/1649
f 2737/802/1648 2709/803/1649 2736/804/1650
f 2736/804/1650 2709/803/1649 2710/805/1651
f 2736/804/1650 2710/805/1651 2735/806/1652
f 2735/806/1652 2710/805/1651 2711/807/1653
f 2735/806/1652 2711/807/1653 2734/808/1653
f 2734/808/1653 2711/807/1653 2712/809/1654
f 2734/808/1653 2712/809/1654 2733/810/1654
f 2733/810/1654 2712/809/1654 2713/811/1655
f 2733/810/1654 2713/811/1655 2732/812/1655
f 2732/812/1655 2713/811/1655 2714/813/1656
f 2732/812/1655 2714/813/1656 2731/814/1656
f 2731/814/1656 2714/813/1656 2715/815/1657
f 2731/814/1656 2715/815/1657 2730/816/1658
f 2730/816/1658 2715/815/1657 2716/817/1659
f 2730/816/1658 2716/817/1659 2729/818/1659
f 2729/818/1659 2716/817/1659 2717/819/1660
f 2729/818/1659 2717/819/1660 2728/820/1660
f 2728/820/1660 2717/819/1660 2718/821/1661
f 2728/820/1660 2718/821/1661 2727/822/1661
f 2727/822/1661 2718/821/1661 2719/823/1662
f 2727/822/1661 2719/823/1662 2726/824/1662
f 2726/824/1662 2719/823/1662 2720/825/1663
f 2726/824/1662 2720/825/1663 2725/826/1663
f 2725/826/1663 2720/825/1663 2721/827/1664
f 2725/826/1663 2721/827/1664 2724/828/1664
f 2724/828/1664 2721/827/1664 2722/829/1665
f 2724/828/1664 2722/829/1665 2723/830/1665
f 2723/830/1665 2722/829/1665 2689/13/1636
f 2723/830/1665 2689/13/1636 2706/14/1636
f 2638/13/1666 2739/831/1666 2639/14/1666
f 2639/14/1666 2739/831/1666 2742/832/1666
f 2742/832/1666 2739/831/1666 2740/833/1667
f 2742/832/1666 2740/833/1667 2741/834/1667
f 2741/834/1667 2740/833/1667 2707/835/1668
f 2741/834/1667 2707/835/1668 2738/836/1668
f 2640/837/93 2639/838/93 2643/839/93
f 2643/839/93 2639/838/93 2742/840/93
f 2643/839/93 2742/840/93 2644/841/93
f 2644/841/93 2742/840/93 2741/842/93
f 2644/841/93 2741/842/93 2652/843/93
f 2652/843/93 2741/842/93 2738/844/93
f 2652/843/93 2738/844/93 2661/845/93
f 2661/845/93 2738/844/93 2737/846/93
f 2661/845/93 2737/846/93 2662/847/93
f 2662/847/93 2737/846/93 2736/848/93
f 2662/847/93 2736/848/93 2663/849/93
f 2663/849/93 2736/848/93 2735/850/93
f 2663/849/93 2735/850/93 2734/851/93
f 2663/849/93 2734/851/93 2664/852/93
f 2664/852/93 2734/851/93 2733/853/93
f 2664/852/93 2733/853/93 2665/854/93
f 2665/854/93 2733/853/93 2732/855/93
f 2665/854/93 2732/855/93 2731/856/93
f 2665/854/93 2731/856/93 2666/857/93
f 2666/857/93 2731/856/93 2730/858/93
f 2666/857/93 2730/858/93 2729/859/93
f 2666/857/93 2729/859/93 2667/860/93
f 2667/860/93 2729/859/93 2728/861/93
f 2667/860/93 2728/861/93 2727/862/93
f 2727/862/93 2726/863/93 2667/860/93
f 2667/860/93 2726/863/93 2668/864/93
f 2668/864/93 2726/863/93 2725/865/93
f 2668/864/93 2725/865/93 2724/866/93
f 2668/864/93 2724/866/93 2677/867/93
f 2677/867/93 2724/866/93 2723/868/93
f 2677/867/93 2723/868/93 2706/869/93
f 2706/869/93 2705/870/93 2677/867/93
f 2677/867/93 2705/870/93 2678/871/93
f 2678/871/93 2705/870/93 2704/872/93
f 2678/871/93 2704/872/93 2679/873/93
f 2679/873/93 2704/872/93 2703/874/93
f 2679/873/93 2703/874/93 2702/875/93
f 2679/873/93 2702/875/93 2680/876/93
f 2680/876/93 2702/875/93 2701/877/93
f 2680/876/93 2701/877/93 2681/878/93
f 2681/878/93 2701/877/93 2700/879/93
f 2681/878/93 2700/879/93 2682/880/93
f 2682/880/93 2700/879/93 2699/881/93
f 2682/880/93 2699/881/93 2683/882/93
f 2683/882/93 2699/881/93 2687/883/93
f 2683/882/93 2687/883/93 2684/884/93
f 2699/881/93 2698/885/93 2687/883/93
f 2687/883/93 2698/885/93 2688/886/93
f 2652/843/93 2651/887/93 2644/841/93
f 2644/841/93 2651/887/93 2646/888/93
f 2646/888/93 2651/887/93 2648/889/93
f 2740/890/94 2649/891/94 2707/892/94
f 2707/892/94 2649/891/94 2660/893/94
f 2707/892/94 2660/893/94 2708/894/94
f 2708/894/94 2660/893/94 2659/895/94
f 2708/894/94 2659/895/94 2709/896/94
f 2709/896/94 2659/895/94 2658/897/94
f 2709/896/94 2658/897/94 2710/898/94
f 2710/898/94 2658/897/94 2711/899/94
f 2711/899/94 2658/897/94 2657/900/94
f 2711/899/94 2657/900/94 2712/901/94
f 2712/901/94 2657/900/94 2656/902/94
f 2712/901/94 2656/902/94 2713/903/94
f 2713/903/94 2656/902/94 2714/904/94
f 2714/904/94 2656/902/94 2655/905/94
f 2714/904/94 2655/905/94 2715/906/94
f 2715/906/94 2655/905/94 2716/907/94
f 2716/907/94 2655/905/94 2654/908/94
f 2716/907/94 2654/908/94 2717/909/94
f 2717/909/94 2654/908/94 2718/910/94
f 2718/910/94 2654/908/94 2719/911/94
f 2719/911/94 2654/908/94 2653/912/94
f 2719/911/94 2653/912/94 2720/913/94
f 2720/913/94 2653/912/94 2721/914/94
f 2721/914/94 2653/912/94 2676/915/94
f 2721/914/94 2676/915/94 2722/916/94
f 2722/916/94 2676/915/94 2689/917/94
f 2689/917/94 2676/915/94 2690/918/94
f 2690/918/94 2676/915/94 2675/919/94
f 2690/918/94 2675/919/94 2691/920/94
f 2691/920/94 2675/919/94 2674/921/94
f 2691/920/94 2674/921/94 2692/922/94
f 2692/922/94 2674/921/94 2693/923/94
f 2693/923/94 2674/921/94 2673/924/94
f 2693/923/94 2673/924/94 2694/925/94
f 2694/925/94 2673/924/94 2672/926/94
f 2694/925/94 2672/926/94 2695/927/94
f 2695/927/94 2672/926/94 2671/928/94
f 2695/927/94 2671/928/94 2696/929/94
f 2696/929/94 2671/928/94 2670/930/94
f 2696/929/94 2670/930/94 2686/931/94
f 2686/931/94 2670/930/94 2669/932/94
f 2649/891/94 2740/890/94 2641/933/94
f 2641/933/94 2740/890/94 2739/934/94
f 2641/933/94 2739/934/94 2642/935/94
f 2642/935/94 2739/934/94 2638/936/94
f 2642/935/94 2638/936/94 2637/937/94
f 2649/891/94 2641/933/94 2650/938/94
f 2650/938/94 2641/933/94 2645/939/94
f 2650/938/94 2645/939/94 2647/940/94
f 2685/941/94 2697/942/94 2686/931/94
f 2686/931/94 2697/942/94 2696/929/94
f 2743/13/1669 2744/943/1344 2748/14/1669
f 2748/14/1669 2744/943/1344 2747/944/1344
f 2747/944/1344 2744/943/1344 2745/945/1669
f 2747/944/1344 2745/945/1669 2746/946/1669
f 2749/947/1670 2750/948/1671 2752/949/1670
f 2752/949/1670 2750/948/1671 2751/950/1671
f 2751/950/1671 2750/948/1671 2743/13/1672
f 2751/950/1671 2743/13/1672 2748/14/1672
f 2753/951/1673 2754/952/1674 2784/953/1673
f 2784/953/1673 2754/952/1674 2783/954/1675
f 2783/954/1675 2754/952/1674 2755/955/1676
f 2783/954/1675 2755/955/1676 2782/956/1677
f 2782/956/1677 2755/955/1676 2756/957/1678
f 2782/956/1677 2756/957/1678 2781/958/1679
f 2781/958/1679 2756/957/1678 2757/959/1680
f 2781/958/1679 2757/959/1680 2780/960/1681
f 2780/960/1681 2757/959/1680 2758/961/1682
f 2780/960/1681 2758/961/1682 2779/962/1682
f 2779/962/1682 2758/961/1682 2759/963/1683
f 2779/962/1682 2759/963/1683 2778/964/1684
f 2778/964/1684 2759/963/1683 2760/965/1685
f 2778/964/1684 2760/965/1685 2777/966/1685
f 2777/966/1685 2760/965/1685 2761/967/1686
f 2777/966/1685 2761/967/1686 2776/968/1686
f 2776/968/1686 2761/967/1686 2762/969/1687
f 2776/968/1686 2762/969/1687 2775/970/1687
f 2775/970/1687 2762/969/1687 2763/971/1688
f 2775/970/1687 2763/971/1688 2774/972/1688
f 2774/972/1688 2763/971/1688 2764/973/1689
f 2774/972/1688 2764/973/1689 2773/974/1689
f 2773/974/1689 2764/973/1689 2765/975/1690
f 2773/974/1689 2765/975/1690 2772/976/1690
f 2772/976/1690 2765/975/1690 2766/977/1691
f 2772/976/1690 2766/977/1691 2771/978/1691
f 2771/978/1691 2766/977/1691 2767/979/1692
f 2771/978/1691 2767/979/1692 2770/980/1693
f 2770/980/1693 2767/979/1692 2768/981/1694
f 2770/980/1693 2768/981/1694 2769/982/1694
f 2769/982/1694 2768/981/1694 2749/13/1670
f 2769/982/1694 2749/13/1670 2752/14/1670
f 2785/13/1695 2786/983/1696 2790/14/1695
f 2790/14/1695 2786/983/1696 2789/984/1696
f 2789/984/1696 2786/983/1696 2787/985/1695
f 2789/984/1696 2787/985/1695 2788/986/1695
f 2788/986/1695 2787/985/1695 2753/987/1695
f 2788/986/1695 2753/987/1695 2784/988/1695
f 2791/989/1697 2792/990/1698 2796/991/1697
f 2796/991/1697 2792/990/1698 2795/992/1698
f 2795/992/1698 2792/990/1698 2793/993/1699
f 2795/992/1698 2793/993/1699 2794/994/1699
f 2794/994/1699 2793/993/1699 2785/13/1700
f 2794/994/1699 2785/13/1700 2790/14/1700
f 2797/995/1701 2798/996/1702 2828/997/1701
f 2828/997/1701 2798/996/1702 2827/998/1703
f 2827/998/1703 2798/996/1702 2799/999/1704
f 2827/998/1703 2799/999/1704 2826/1000/1704
f 2826/1000/1704 2799/999/1704 2800/1001/1705
f 2826/1000/1704 2800/1001/1705 2825/1002/1705
f 2825/1002/1705 2800/1001/1705 2801/1003/1706
f 2825/1002/1705 2801/1003/1706 2824/1004/1706
f 2824/1004/1706 2801/1003/1706 2802/1005/1707
f 2824/1004/1706 2802/1005/1707 2823/1006/1707
f 2823/1006/1707 2802/1005/1707 2803/1007/1708
f 2823/1006/1707 2803/1007/1708 2822/1008/1708
f 2822/1008/1708 2803/1007/1708 2804/1009/1709
f 2822/1008/1708 2804/1009/1709 2821/1010/1709
f 2821/1010/1709 2804/1009/1709 2805/1011/1710
f 2821/1010/1709 2805/1011/1710 2820/1012/1711
f 2820/1012/1711 2805/1011/1710 2806/1013/1712
f 2820/1012/1711 2806/1013/1712 2819/1014/1712
f 2819/1014/1712 2806/1013/1712 2807/1015/1713
f 2819/1014/1712 2807/1015/1713 2818/1016/1713
f 2818/1016/1713 2807/1015/1713 2808/1017/1714
f 2818/1016/1713 2808/1017/1714 2817/1018/1714
f 2817/1018/1714 2808/1017/1714 2809/1019/1715
f 2817/1018/1714 2809/1019/1715 2816/1020/1715
f 2816/1020/1715 2809/1019/1715 2810/1021/1716
f 2816/1020/1715 2810/1021/1716 2815/1022/1717
f 2815/1022/1717 2810/1021/1716 2811/1023/919
f 2815/1022/1717 2811/1023/919 2814/1024/919
f 2814/1024/919 2811/1023/919 2812/1025/1718
f 2814/1024/919 2812/1025/1718 2813/1026/1718
f 2813/1026/1718 2812/1025/1718 2791/13/1697
f 2813/1026/1718 2791/13/1697 2796/14/1697
f 2829/1027/1719 2797/13/1701 2830/1028/1720
f 2830/1028/1720 2797/13/1701 2828/14/1701
f 2831/1029/1721 2832/1030/1722 2836/1031/1721
f 2836/1031/1721 2832/1030/1722 2835/1032/1722
f 2835/1032/1722 2832/1030/1722 2833/1033/1615
f 2835/1032/1722 2833/1033/1615 2834/1034/1615
f 2834/1034/1615 2833/1033/1615 2829/13/1719
f 2834/1034/1615 2829/13/1719 2830/14/1720
f 2837/1035/1723 2838/1036/1724 2840/1037/1723
f 2840/1037/1723 2838/1036/1724 2839/1038/1725
f 2839/1038/1725 2838/1036/1724 2831/13/699
f 2839/1038/1725 2831/13/699 2836/14/698
f 2841/1039/1726 2842/1040/1727 2852/1041/1728
f 2852/1041/1728 2842/1040/1727 2851/1042/1727
f 2851/1042/1727 2842/1040/1727 2843/1043/1729
f 2851/1042/1727 2843/1043/1729 2850/1044/1730
f 2850/1044/1730 2843/1043/1729 2844/1045/1731
f 2850/1044/1730 2844/1045/1731 2849/1046/1732
f 2849/1046/1732 2844/1045/1731 2845/1047/1733
f 2849/1046/1732 2845/1047/1733 2848/1048/1734
f 2848/1048/1734 2845/1047/1733 2846/1049/1735
f 2848/1048/1734 2846/1049/1735 2847/1050/1735
f 2847/1050/1735 2846/1049/1735 2837/13/1736
f 2847/1050/1735 2837/13/1736 2840/14/1736
f 2853/1051/1737 2854/1052/1738 2858/1053/1737
f 2858/1053/1737 2854/1052/1738 2857/1054/1739
f 2857/1054/1739 2854/1052/1738 2855/1055/1740
f 2857/1054/1739 2855/1055/1740 2856/1056/1741
f 2856/1056/1741 2855/1055/1740 2841/13/1742
f 2856/1056/1741 2841/13/1742 2852/14/1742
f 2745/1057/1743 2859/1058/1744 2746/1059/1743
f 2746/1059/1743 2859/1058/1744 2860/1060/1744
f 2860/1060/1744 2859/1058/1744 2853/13/1737
f 2860/1060/1744 2853/13/1737 2858/14/1737
f 2860/1061/93 2825/1062/93 2746/1063/93
f 2746/1063/93 2825/1062/93 2751/1064/93
f 2746/1063/93 2751/1064/93 2747/1065/93
f 2747/1065/93 2751/1064/93 2748/1066/449
f 2858/1067/93 2827/1068/93 2860/1061/93
f 2860/1061/93 2827/1068/93 2826/1069/93
f 2860/1061/93 2826/1069/93 2825/1062/93
f 2827/1068/93 2858/1067/93 2828/1070/93
f 2828/1070/93 2858/1067/93 2857/1071/93
f 2828/1070/93 2857/1071/93 2830/1072/93
f 2830/1072/93 2857/1071/93 2856/1073/93
f 2830/1072/93 2856/1073/93 2834/1074/93
f 2834/1074/93 2856/1073/93 2852/1075/93
f 2834/1074/93 2852/1075/93 2839/1076/93
f 2839/1076/93 2852/1075/93 2840/1077/93
f 2840/1077/93 2852/1075/93 2851/1078/93
f 2840/1077/93 2851/1078/93 2847/1079/93
f 2847/1079/93 2851/1078/93 2848/1080/93
f 2848/1080/93 2851/1078/93 2849/1081/93
f 2849/1081/93 2851/1078/93 2850/1082/93
f 2836/1083/93 2835/1084/93 2839/1076/93
f 2839/1076/93 2835/1084/93 2834/1074/93
f 2751/1064/93 2825/1062/93 2752/1085/93
f 2752/1085/93 2825/1062/93 2824/1086/93
f 2752/1085/93 2824/1086/93 2769/1087/93
f 2769/1087/93 2824/1086/93 2823/1088/93
f 2769/1087/93 2823/1088/93 2770/1089/93
f 2770/1089/93 2823/1088/93 2771/1090/93
f 2771/1090/93 2823/1088/93 2822/1091/93
f 2771/1090/93 2822/1091/93 2772/1092/93
f 2772/1092/93 2822/1091/93 2821/1093/93
f 2772/1092/93 2821/1093/93 2773/1094/93
f 2773/1094/93 2821/1093/93 2820/1095/93
f 2773/1094/93 2820/1095/93 2774/1096/93
f 2774/1096/93 2820/1095/93 2819/1097/93
f 2774/1096/93 2819/1097/93 2818/1098/93
f 2774/1096/93 2818/1098/93 2775/1099/93
f 2775/1099/93 2818/1098/93 2817/1100/93
f 2775/1099/93 2817/1100/93 2776/1101/93
f 2776/1101/93 2817/1100/93 2816/1102/93
f 2776/1101/93 2816/1102/93 2815/1103/93
f 2776/1101/93 2815/1103/93 2777/1104/93
f 2777/1104/93 2815/1103/93 2814/1105/93
f 2777/1104/93 2814/1105/93 2778/1106/93
f 2778/1106/93 2814/1105/93 2813/1107/93
f 2778/1106/93 2813/1107/93 2796/1108/93
f 2778/1106/93 2796/1108/93 2779/1109/93
f 2779/1109/93 2796/1108/93 2795/1110/93
f 2779/1109/93 2795/1110/93 2780/1111/93
f 2780/1111/93 2795/1110/93 2794/1112/93
f 2780/1111/93 2794/1112/93 2781/1113/93
f 2781/1113/93 2794/1112/93 2782/1114/93
f 2782/1114/93 2794/1112/93 2790/1115/93
f 2782/1114/93 2790/1115/93 2789/1116/93
f 2782/1114/93 2789/1116/93 2783/1117/93
f 2783/1117/93 2789/1116/93 2788/1118/93
f 2783/1117/93 2788/1118/93 2784/1119/93
f 2859/1120/94 2798/1121/94 2853/1122/94
f 2853/1122/94 2798/1121/94 2797/1123/94
f 2853/1122/94 2797/1123/94 2854/1124/94
f 2854/1124/94 2797/1123/94 2829/1125/94
f 2854/1124/94 2829/1125/94 2855/1126/94
f 2855/1126/94 2829/1125/94 2833/1127/94
f 2855/1126/94 2833/1127/94 2841/1128/94
f 2841/1128/94 2833/1127/94 2838/1129/94
f 2841/1128/94 2838/1129/94 2837/1130/94
f 2745/1131/94 2800/1132/94 2859/1120/94
f 2859/1120/94 2800/1132/94 2799/1133/94
f 2859/1120/94 2799/1133/94 2798/1121/94
f 2800/1132/94 2745/1131/94 2750/1134/94
f 2750/1134/94 2745/1131/94 2744/1135/94
f 2750/1134/94 2744/1135/94 2743/1136/94
f 2750/1134/94 2749/1137/94 2800/1132/94
f 2800/1132/94 2749/1137/94 2801/1138/94
f 2801/1138/94 2749/1137/94 2768/1139/94
f 2801/1138/94 2768/1139/94 2802/1140/94
f 2802/1140/94 2768/1139/94 2767/1141/94
f 2802/1140/94 2767/1141/94 2766/1142/94
f 2802/1140/94 2766/1142/94 2803/1143/94
f 2803/1143/94 2766/1142/94 2765/1144/94
f 2803/1143/94 2765/1144/94 2804/1145/94
f 2804/1145/94 2765/1144/94 2764/1146/94
f 2804/1145/94 2764/1146/94 2805/1147/94
f 2805/1147/94 2764/1146/94 2763/1148/94
f 2805/1147/94 2763/1148/94 2806/1149/94
f 2806/1149/94 2763/1148/94 2807/1150/94
f 2807/1150/94 2763/1148/94 2762/1151/94
f 2807/1150/94 2762/1151/94 2808/1152/94
f 2808/1152/94 2762/1151/94 2761/1153/94
f 2808/1152/94 2761/1153/94 2809/1154/94
f 2809/1154/94 2761/1153/94 2810/1155/94
f 2810/1155/94 2761/1153/94 2760/1156/94
f 2810/1155/94 2760/1156/94 2811/1157/94
f 2811/1157/94 2760/1156/94 2759/1158/94
f 2811/1157/94 2759/1158/94 2812/1159/94
f 2812/1159/94 2759/1158/94 2791/1160/94
f 2791/1160/94 2759/1158/94 2758/1161/94
f 2791/1160/94 2758/1161/94 2792/1162/94
f 2792/1162/94 2758/1161/94 2757/1163/94
f 2792/1162/94 2757/1163/94 2793/1164/94
f 2793/1164/94 2757/1163/94 2756/1165/94
f 2793/1164/94 2756/1165/94 2755/1166/94
f 2754/1167/94 2786/1168/94 2755/1166/94
f 2755/1166/94 2786/1168/94 2785/1169/94
f 2755/1166/94 2785/1169/94 2793/1164/94
f 2753/1170/94 2787/1171/94 2754/1167/94
f 2754/1167/94 2787/1171/94 2786/1168/94
f 2833/1127/94 2832/1172/94 2838/1129/94
f 2838/1129/94 2832/1172/94 2831/1173/94
f 2841/1128/94 2837/1130/94 2842/1174/94
f 2842/1174/94 2837/1130/94 2846/1175/94
f 2842/1174/94 2846/1175/94 2845/1176/94
f 2845/1176/94 2844/1177/94 2842/1174/94
f 2842/1174/94 2844/1177/94 2843/1178/94
f 2861/1179/1745 2862/1180/1746 2864/1181/1747
f 2864/1181/1747 2862/1180/1746 2863/1182/1746
f 2865/1183/1748 2861/13/1749 2866/1184/1750
f 2866/1184/1750 2861/13/1749 2864/14/1749
f 2867/1185/1751 2865/1186/1748 2868/1187/1752
f 2868/1187/1752 2865/1186/1748 2866/1188/1750
f 2869/1189/1753 2870/1190/1754 2874/1191/1753
f 2874/1191/1753 2870/1190/1754 2873/1192/1754
f 2873/1192/1754 2870/1190/1754 2871/1193/1755
f 2873/1192/1754 2871/1193/1755 2872/1194/1755
f 2872/1194/1755 2871/1193/1755 2867/1195/1751
f 2872/1194/1755 2867/1195/1751 2868/1196/1752
f 2875/1197/1756 2876/1198/1757 2894/1199/1756
f 2894/1199/1756 2876/1198/1757 2893/1200/1757
f 2893/1200/1757 2876/1198/1757 2877/1201/1758
f 2893/1200/1757 2877/1201/1758 2892/1202/1758
f 2892/1202/1758 2877/1201/1758 2878/1203/1759
f 2892/1202/1758 2878/1203/1759 2891/1204/1759
f 2891/1204/1759 2878/1203/1759 2879/1205/1760
f 2891/1204/1759 2879/1205/1760 2890/1206/1760
f 2890/1206/1760 2879/1205/1760 2880/1207/1761
f 2890/1206/1760 2880/1207/1761 2889/1208/1762
f 2889/1208/1762 2880/1207/1761 2881/1209/1763
f 2889/1208/1762 2881/1209/1763 2888/1210/1763
f 2888/1210/1763 2881/1209/1763 2882/1211/1764
f 2888/1210/1763 2882/1211/1764 2887/1212/1765
f 2887/1212/1765 2882/1211/1764 2883/1213/1766
f 2887/1212/1765 2883/1213/1766 2886/1214/1766
f 2886/1214/1766 2883/1213/1766 2884/1215/1767
f 2886/1214/1766 2884/1215/1767 2885/1216/1767
f 2885/1216/1767 2884/1215/1767 2869/13/1753
f 2885/1216/1767 2869/13/1753 2874/14/1753
f 2895/1217/1768 2896/1218/1769 2926/1219/1768
f 2926/1219/1768 2896/1218/1769 2925/1220/1769
f 2925/1220/1769 2896/1218/1769 2897/1221/1770
f 2925/1220/1769 2897/1221/1770 2924/1222/1770
f 2924/1222/1770 2897/1221/1770 2898/1223/1771
f 2924/1222/1770 2898/1223/1771 2923/1224/1771
f 2923/1224/1771 2898/1223/1771 2899/1225/1772
f 2923/1224/1771 2899/1225/1772 2922/1226/1772
f 2922/1226/1772 2899/1225/1772 2900/1227/1773
f 2922/1226/1772 2900/1227/1773 2921/1228/1773
f 2921/1228/1773 2900/1227/1773 2901/1229/1774
f 2921/1228/1773 2901/1229/1774 2920/1230/1774
f 2920/1230/1774 2901/1229/1774 2902/1231/1775
f 2920/1230/1774 2902/1231/1775 2919/1232/1775
f 2919/1232/1775 2902/1231/1775 2903/1233/1776
f 2919/1232/1775 2903/1233/1776 2918/1234/1776
f 2918/1234/1776 2903/1233/1776 2904/1235/1777
f 2918/1234/1776 2904/1235/1777 2917/1236/1778
f 2917/1236/1778 2904/1235/1777 2905/1237/1779
f 2917/1236/1778 2905/1237/1779 2916/1238/1779
f 2916/1238/1779 2905/1237/1779 2906/1239/1780
f 2916/1238/1779 2906/1239/1780 2915/1240/1780
f 2915/1240/1780 2906/1239/1780 2907/1241/1781
f 2915/1240/1780 2907/1241/1781 2914/1242/1781
f 2914/1242/1781 2907/1241/1781 2908/1243/1782
f 2914/1242/1781 2908/1243/1782 2913/1244/1782
f 2913/1244/1782 2908/1243/1782 2909/1245/1783
f 2913/1244/1782 2909/1245/1783 2912/1246/1783
f 2912/1246/1783 2909/1245/1783 2910/1247/1784
f 2912/1246/1783 2910/1247/1784 2911/1248/1784
f 2911/1248/1784 2910/1247/1784 2875/13/1785
f 2911/1248/1784 2875/13/1785 2894/14/1785
f 2927/1249/1786 2928/1250/1787 2958/1251/1786
f 2958/1251/1786 2928/1250/1787 2957/1252/1787
f 2957/1252/1787 2928/1250/1787 2929/1253/1788
f 2957/1252/1787 2929/1253/1788 2956/1254/1788
f 2956/1254/1788 2929/1253/1788 2930/1255/1789
f 2956/1254/1788 2930/1255/1789 2955/1256/1789
f 2955/1256/1789 2930/1255/1789 2931/1257/1790
f 2955/1256/1789 2931/1257/1790 2954/1258/1790
f 2954/1258/1790 2931/1257/1790 2932/1259/1791
f 2954/1258/1790 2932/1259/1791 2953/1260/1791
f 2953/1260/1791 2932/1259/1791 2933/1261/1792
f 2953/1260/1791 2933/1261/1792 2952/1262/1792
f 2952/1262/1792 2933/1261/1792 2934/1263/1563
f 2952/1262/1792 2934/1263/1563 2951/1264/1563
f 2951/1264/1563 2934/1263/1563 2935/1265/1793
f 2951/1264/1563 2935/1265/1793 2950/1266/1793
f 2950/1266/1793 2935/1265/1793 2936/1267/1794
f 2950/1266/1793 2936/1267/1794 2949/1268/1794
f 2949/1268/1794 2936/1267/1794 2937/1269/1795
f 2949/1268/1794 2937/1269/1795 2948/1270/1795
f 2948/1270/1795 2937/1269/1795 2938/1271/1796
f 2948/1270/1795 2938/1271/1796 2947/1272/1796
f 2947/1272/1796 2938/1271/1796 2939/1273/1797
f 2947/1272/1796 2939/1273/1797 2946/1274/1797
f 2946/1274/1797 2939/1273/1797 2940/1275/1798
f 2946/1274/1797 2940/1275/1798 2945/1276/1798
f 2945/1276/1798 2940/1275/1798 2941/1277/1799
f 2945/1276/1798 2941/1277/1799 2944/1278/1799
f 2944/1278/1799 2941/1277/1799 2942/1279/1800
f 2944/1278/1799 2942/1279/1800 2943/1280/1800
f 2943/1280/1800 2942/1279/1800 2895/13/1768
f 2943/1280/1800 2895/13/1768 2926/14/1768
f 2959/1281/1801 2960/1282/1802 2976/1283/1801
f 2976/1283/1801 2960/1282/1802 2975/1284/1803
f 2975/1284/1803 2960/1282/1802 2961/1285/1804
f 2975/1284/1803 2961/1285/1804 2974/1286/1804
f 2974/1286/1804 2961/1285/1804 2962/1287/1805
f 2974/1286/1804 2962/1287/1805 2973/1288/1805
f 2973/1288/1805 2962/1287/1805 2963/1289/1806
f 2973/1288/1805 2963/1289/1806 2972/1290/1806
f 2972/1290/1806 2963/1289/1806 2964/1291/1807
f 2972/1290/1806 2964/1291/1807 2971/1292/1807
f 2971/1292/1807 2964/1291/1807 2965/1293/1808
f 2971/1292/1807 2965/1293/1808 2970/1294/1808
f 2970/1294/1808 2965/1293/1808 2966/1295/1809
f 2970/1294/1808 2966/1295/1809 2969/1296/1809
f 2969/1296/1809 2966/1295/1809 2967/1297/1810
f 2969/1296/1809 2967/1297/1810 2968/1298/1810
f 2968/1298/1810 2967/1297/1810 2927/13/1811
f 2968/1298/1810 2927/13/1811 2958/14/1812
f 2977/13/1813 2978/1299/1814 3008/14/1813
f 3008/14/1813 2978/1299/1814 3007/1300/1815
f 3007/1300/1815 2978/1299/1814 2979/1301/1816
f 3007/1300/1815 2979/1301/1816 3006/1302/1816
f 3006/1302/1816 2979/1301/1816 2980/1303/1817
f 3006/1302/1816 2980/1303/1817 3005/1304/1818
f 3005/1304/1818 2980/1303/1817 2981/1305/1819
f 3005/1304/1818 2981/1305/1819 3004/1306/1819
f 3004/1306/1819 2981/1305/1819 2982/1307/1820
f 3004/1306/1819 2982/1307/1820 3003/1308/1821
f 3003/1308/1821 2982/1307/1820 2983/1309/1822
f 3003/1308/1821 2983/1309/1822 3002/1310/1823
f 3002/1310/1823 2983/1309/1822 2984/1311/1824
f 3002/1310/1823 2984/1311/1824 3001/1312/1824
f 3001/1312/1824 2984/1311/1824 2985/1313/1825
f 3001/1312/1824 2985/1313/1825 3000/1314/1826
f 3000/1314/1826 2985/1313/1825 2986/1315/1827
f 3000/1314/1826 2986/1315/1827 2999/1316/1827
f 2999/1316/1827 2986/1315/1827 2987/1317/1828
f 2999/1316/1827 2987/1317/1828 2998/1318/1828
f 2998/1318/1828 2987/1317/1828 2988/1319/1829
f 2998/1318/1828 2988/1319/1829 2997/1320/1829
f 2997/1320/1829 2988/1319/1829 2989/1321/1830
f 2997/1320/1829 2989/1321/1830 2996/1322/1830
f 2996/1322/1830 2989/1321/1830 2990/1323/1831
f 2996/1322/1830 2990/1323/1831 2995/1324/1832
f 2995/1324/1832 2990/1323/1831 2991/1325/1833
f 2995/1324/1832 2991/1325/1833 2994/1326/1834
f 2994/1326/1834 2991/1325/1833 2992/1327/1835
f 2994/1326/1834 2992/1327/1835 2993/1328/1835
f 2993/1328/1835 2992/1327/1835 2959/1329/1801
f 2993/1328/1835 2959/1329/1801 2976/1330/1801
f 2862/1331/1836 2977/1332/1837 2863/1333/1838
f 2863/1333/1838 2977/1332/1837 3008/1334/1839
f 2863/1335/93 3008/1336/93 2864/1337/93
f 2864/1337/93 3008/1336/93 2916/1338/93
f 2864/1337/93 2916/1338/93 2915/1339/93
f 3007/1340/93 2918/1341/93 3008/1336/93
f 3008/1336/93 2918/1341/93 2917/1342/93
f 3008/1336/93 2917/1342/93 2916/1338/93
f 3006/1343/93 2920/1344/93 3007/1340/93
f 3007/1340/93 2920/1344/93 2919/1345/93
f 3007/1340/93 2919/1345/93 2918/1341/93
f 3005/1346/93 2922/1347/93 3006/1343/93
f 3006/1343/93 2922/1347/93 2921/1348/93
f 3006/1343/93 2921/1348/93 2920/1344/93
f 3004/1349/93 2924/1350/93 3005/1346/93
f 3005/1346/93 2924/1350/93 2923/1351/93
f 3005/1346/93 2923/1351/93 2922/1347/93
f 3003/1352/93 2926/1353/93 3004/1349/93
f 3004/1349/93 2926/1353/93 2925/1354/93
f 3004/1349/93 2925/1354/93 2924/1350/93
f 3002/1355/93 2944/1356/93 3003/1352/93
f 3003/1352/93 2944/1356/93 2943/1357/93
f 3003/1352/93 2943/1357/93 2926/1353/93
f 2944/1356/93 3002/1355/93 2945/1358/93
f 2945/1358/93 3002/1355/93 3001/1359/93
f 2945/1358/93 3001/1359/93 2946/1360/93
f 2946/1360/93 3001/1359/93 3000/1361/93
f 2946/1360/93 3000/1361/93 2947/1362/93
f 2947/1362/93 3000/1361/93 2999/1363/93
f 2947/1362/93 2999/1363/93 2948/1364/93
f 2948/1364/93 2999/1363/93 2998/1365/93
f 2948/1364/93 2998/1365/93 2949/1366/93
f 2949/1366/93 2998/1365/93 2997/1367/93
f 2949/1366/93 2997/1367/93 2950/1368/93
f 2950/1368/93 2997/1367/93 2996/1369/93
f 2950/1368/93 2996/1369/93 2951/1370/93
f 2951/1370/93 2996/1369/93 2995/1371/93
f 2951/1370/93 2995/1371/93 2952/1372/93
f 2952/1372/93 2995/1371/93 2994/1373/93
f 2952/1372/93 2994/1373/93 2953/1374/93
f 2953/1374/93 2994/1373/93 2993/1375/93
f 2953/1374/93 2993/1375/93 2976/1376/93
f 2953/1374/93 2976/1376/93 2954/1377/93
f 2954/1377/93 2976/1376/93 2975/1378/93
f 2954/1377/93 2975/1378/93 2955/1379/93
f 2955/1379/93 2975/1378/93 2974/1380/93
f 2955/1379/93 2974/1380/93 2973/1381/93
f 2973/1381/93 2972/1382/93 2955/1379/93
f 2955/1379/93 2972/1382/93 2956/1383/93
f 2956/1383/93 2972/1382/93 2971/1384/93
f 2956/1383/93 2971/1384/93 2970/1385/93
f 2970/1385/93 2969/1386/93 2956/1383/93
f 2956/1383/93 2969/1386/93 2957/1387/93
f 2957/1387/93 2969/1386/93 2968/1388/93
f 2957/1387/93 2968/1388/93 2958/1389/93
f 2914/1390/93 2868/1391/93 2915/1339/93
f 2915/1339/93 2868/1391/93 2866/1392/93
f 2915/1339/93 2866/1392/93 2864/1337/93
f 2868/1391/93 2914/1390/93 2872/1393/93
f 2872/1393/93 2914/1390/93 2913/1394/93
f 2872/1393/93 2913/1394/93 2873/1395/93
f 2873/1395/93 2913/1394/93 2912/1396/93
f 2873/1395/93 2912/1396/93 2874/1397/93
f 2874/1397/93 2912/1396/93 2885/1398/93
f 2885/1398/93 2912/1396/93 2911/1399/93
f 2885/1398/93 2911/1399/93 2893/1400/93
f 2893/1400/93 2911/1399/93 2894/1401/93
f 2885/1398/93 2893/1400/93 2886/1402/93
f 2886/1402/93 2893/1400/93 2892/1403/93
f 2886/1402/93 2892/1403/93 2887/1404/93
f 2887/1404/93 2892/1403/93 2888/1405/93
f 2888/1405/93 2892/1403/93 2891/1406/93
f 2888/1405/93 2891/1406/93 2889/1407/93
f 2889/1407/93 2891/1406/93 2890/1408/351
f 2862/1409/94 2861/1410/94 2977/1411/94
f 2977/1411/94 2861/1410/94 2905/1412/94
f 2977/1411/94 2905/1412/94 2904/1413/94
f 2905/1412/94 2861/1410/94 2906/1414/94
f 2906/1414/94 2861/1410/94 2865/1415/94
f 2906/1414/94 2865/1415/94 2867/1416/94
f 2906/1414/94 2867/1416/94 2907/1417/94
f 2907/1417/94 2867/1416/94 2871/1418/94
f 2907/1417/94 2871/1418/94 2908/1419/94
f 2908/1419/94 2871/1418/94 2870/1420/94
f 2908/1419/94 2870/1420/94 2909/1421/94
f 2909/1421/94 2870/1420/94 2869/1422/94
f 2909/1421/94 2869/1422/94 2884/1423/94
f 2883/1424/94 2876/1425/94 2884/1423/94
f 2884/1423/94 2876/1425/94 2910/1426/94
f 2884/1423/94 2910/1426/94 2909/1421/94
f 2876/1425/94 2883/1424/94 2877/1427/94
f 2877/1427/94 2883/1424/94 2882/1428/94
f 2877/1427/94 2882/1428/94 2881/1429/94
f 2877/1427/94 2881/1429/94 2878/1430/94
f 2878/1430/94 2881/1429/94 2880/1431/94
f 2878/1430/94 2880/1431/94 2879/1432/94
f 2876/1425/94 2875/1433/94 2910/1426/94
f 2904/1413/94 2903/1434/94 2977/1411/94
f 2977/1411/94 2903/1434/94 2978/1435/94
f 2978/1435/94 2903/1434/94 2902/1436/94
f 2978/1435/94 2902/1436/94 2901/1437/94
f 2978/1435/94 2901/1437/94 2979/1438/94
f 2979/1438/94 2901/1437/94 2900/1439/94
f 2979/1438/94 2900/1439/94 2899/1440/94
f 2979/1438/94 2899/1440/94 2980/1441/94
f 2980/1441/94 2899/1440/94 2898/1442/94
f 2980/1441/94 2898/1442/94 2897/1443/94
f 2980/1441/94 2897/1443/94 2981/1444/94
f 2981/1444/94 2897/1443/94 2896/1445/94
f 2981/1444/94 2896/1445/94 2895/1446/94
f 2981/1444/94 2895/1446/94 2982/1447/94
f 2982/1447/94 2895/1446/94 2942/1448/94
f 2982/1447/94 2942/1448/94 2941/1449/94
f 2982/1447/94 2941/1449/94 2983/1450/94
f 2983/1450/94 2941/1449/94 2940/1451/94
f 2983/1450/94 2940/1451/94 2984/1452/94
f 2984/1452/94 2940/1451/94 2939/1453/94
f 2984/1452/94 2939/1453/94 2985/1454/94
f 2985/1454/94 2939/1453/94 2938/1455/94
f 2985/1454/94 2938/1455/94 2986/1456/94
f 2986/1456/94 2938/1455/94 2937/1457/94
f 2986/1456/94 2937/1457/94 2987/1458/94
f 2987/1458/94 2937/1457/94 2936/1459/94
f 2987/1458/94 2936/1459/94 2988/1460/94
f 2988/1460/94 2936/1459/94 2935/1461/94
f 2988/1460/94 2935/1461/94 2989/1462/94
f 2989/1462/94 2935/1461/94 2934/1463/94
f 2989/1462/94 2934/1463/94 2990/1464/94
f 2990/1464/94 2934/1463/94 2933/1465/94
f 2990/1464/94 2933/1465/94 2991/1466/94
f 2991/1466/94 2933/1465/94 2932/1467/94
f 2991/1466/94 2932/1467/94 2992/1468/94
f 2992/1468/94 2932/1467/94 2959/1469/94
f 2959/1469/94 2932/1467/94 2931/1470/94
f 2959/1469/94 2931/1470/94 2960/1471/94
f 2960/1471/94 2931/1470/94 2930/1472/94
f 2960/1471/94 2930/1472/94 2961/1473/94
f 2961/1473/94 2930/1472/94 2962/1474/94
f 2962/1474/94 2930/1472/94 2963/1475/94
f 2963/1475/94 2930/1472/94 2929/1476/94
f 2963/1475/94 2929/1476/94 2964/1477/94
f 2964/1477/94 2929/1476/94 2965/1478/94
f 2965/1478/94 2929/1476/94 2966/1479/94
f 2966/1479/94 2929/1476/94 2928/1480/94
f 2966/1479/94 2928/1480/94 2967/1481/94
f 2967/1481/94 2928/1480/94 2927/1482/94
f 3009/1483/1840 3010/1484/1840 3018/1485/1840
f 3018/1485/1840 3010/1484/1840 3012/1486/1840
f 3018/1485/1840 3012/1486/1840 3013/1487/1840
f 3010/1484/1840 3011/1488/1840 3012/1486/1840
f 3013/1487/1840 3014/1489/1840 3018/1485/1840
f 3018/1485/1840 3014/1489/1840 3015/1490/1840
f 3018/1485/1840 3015/1490/1840 3016/1491/1840
f 3016/1491/1840 3017/1492/1840 3018/1485/1840
f 3011/1493/94 3010/1494/94 3052/1495/94
f 3052/1495/94 3010/1494/94 3019/1496/94
f 3052/1495/94 3019/1496/94 3051/1497/94
f 3051/1497/94 3019/1496/94 3020/1498/94
f 3051/1497/94 3020/1498/94 3054/1499/94
f 3054/1499/94 3020/1498/94 3021/1500/94
f 3054/1499/94 3021/1500/94 3022/1501/94
f 3023/1502/94 3048/1503/94 3022/1501/94
f 3022/1501/94 3048/1503/94 3049/1504/94
f 3022/1501/94 3049/1504/94 3054/1499/94
f 3054/1499/94 3049/1504/94 3050/1505/94
f 3054/1499/94 3050/1505/94 3051/1497/94
f 3048/1503/94 3023/1502/94 3047/1506/94
f 3047/1506/94 3023/1502/94 3024/1507/94
f 3047/1506/94 3024/1507/94 3046/1508/94
f 3046/1508/94 3024/1507/94 3025/1509/94
f 3046/1508/94 3025/1509/94 3045/1510/94
f 3045/1510/94 3025/1509/94 3044/1511/94
f 3044/1511/94 3025/1509/94 3026/1512/94
f 3044/1511/94 3026/1512/94 3043/1513/94
f 3043/1513/94 3026/1512/94 3027/1514/94
f 3043/1513/94 3027/1514/94 3042/1515/94
f 3042/1515/94 3027/1514/94 3028/1516/94
f 3042/1515/94 3028/1516/94 3041/1517/94
f 3041/1517/94 3028/1516/94 3029/1518/94
f 3041/1517/94 3029/1518/94 3040/1519/94
f 3040/1519/94 3029/1518/94 3030/1520/94
f 3040/1519/94 3030/1520/94 3039/1521/94
f 3039/1521/94 3030/1520/94 3031/1522/94
f 3039/1521/94 3031/1522/94 3053/1523/94
f 3053/1523/94 3031/1522/94 3032/1524/94
f 3053/1523/94 3032/1524/94 3033/1525/94
f 3034/1526/94 3036/1527/94 3033/1525/94
f 3033/1525/94 3036/1527/94 3037/1528/94
f 3033/1525/94 3037/1528/94 3053/1523/94
f 3053/1523/94 3037/1528/94 3038/1529/94
f 3053/1523/94 3038/1529/94 3039/1521/94
f 3034/1526/94 3035/1530/94 3036/1527/94
f 3055/1531/1841 3056/1532/1841 3034/1533/1841
f 3034/1533/1841 3056/1532/1841 3064/1534/1841
f 3034/1533/1841 3064/1534/1841 3035/1535/1841
f 3057/1536/1841 3058/1537/1841 3056/1532/1841
f 3056/1532/1841 3058/1537/1841 3059/1538/1842
f 3056/1532/1841 3059/1538/1842 3060/1539/1842
f 3060/1539/1842 3061/1540/1842 3056/1532/1841
f 3056/1532/1841 3061/1540/1842 3062/1541/1842
f 3056/1532/1841 3062/1541/1842 3063/1542/1841
f 3063/1542/1841 3064/1534/1841 3056/1532/1841
f 3055/1543/1843 3034/1544/1843 3079/1545/1844
f 3079/1545/1844 3034/1544/1843 3033/1546/1844
f 3079/1545/1844 3033/1546/1844 3078/1547/1845
f 3078/1547/1845 3033/1546/1844 3032/1548/1845
f 3078/1547/1845 3032/1548/1845 3077/1549/1846
f 3077/1549/1846 3032/1548/1845 3031/1550/1846
f 3077/1549/1846 3031/1550/1846 3076/1551/1847
f 3076/1551/1847 3031/1550/1846 3030/1552/1847
f 3076/1551/1847 3030/1552/1847 3075/1553/1848
f 3075/1553/1848 3030/1552/1847 3029/1554/1848
f 3075/1553/1848 3029/1554/1848 3074/1555/1849
f 3074/1555/1849 3029/1554/1848 3028/1556/1849
f 3074/1555/1849 3028/1556/1849 3073/1557/1850
f 3073/1557/1850 3028/1556/1849 3027/1558/1850
f 3073/1557/1850 3027/1558/1850 3072/1559/1851
f 3072/1559/1851 3027/1558/1850 3026/1560/1851
f 3072/1559/1851 3026/1560/1851 3071/1561/1852
f 3071/1561/1852 3026/1560/1851 3025/1562/1852
f 3071/1561/1852 3025/1562/1852 3070/1563/1853
f 3070/1563/1853 3025/1562/1852 3024/1564/1853
f 3070/1563/1853 3024/1564/1853 3069/1565/1854
f 3069/1565/1854 3024/1564/1853 3023/1566/1854
f 3069/1565/1854 3023/1566/1854 3068/1567/1855
f 3068/1567/1855 3023/1566/1854 3022/1568/1855
f 3068/1567/1855 3022/1568/1855 3067/1569/1856
f 3067/1569/1856 3022/1568/1855 3021/1570/1856
f 3067/1569/1856 3021/1570/1856 3066/1571/1857
f 3066/1571/1857 3021/1570/1856 3020/1572/1857
f 3066/1571/1857 3020/1572/1857 3065/1573/1858
f 3065/1573/1858 3020/1572/1857 3019/1574/1858
f 3065/1573/1858 3019/1574/1858 3009/1575/1859
f 3009/1575/1859 3019/1574/1858 3010/1576/1859
f 3055/1577/93 3079/1578/93 3056/1579/93
f 3056/1579/93 3079/1578/93 3095/1580/93
f 3095/1580/93 3079/1578/93 3094/1581/93
f 3094/1581/93 3079/1578/93 3078/1582/93
f 3094/1581/93 3078/1582/93 3093/1583/93
f 3093/1583/93 3078/1582/93 3077/1584/93
f 3093/1583/93 3077/1584/93 3092/1585/93
f 3092/1585/93 3077/1584/93 3076/1586/93
f 3092/1585/93 3076/1586/93 3091/1587/93
f 3091/1587/93 3076/1586/93 3075/1588/93
f 3091/1587/93 3075/1588/93 3090/1589/93
f 3090/1589/93 3075/1588/93 3074/1590/93
f 3090/1589/93 3074/1590/93 3089/1591/93
f 3089/1591/93 3074/1590/93 3073/1592/93
f 3089/1591/93 3073/1592/93 3088/1593/93
f 3088/1593/93 3073/1592/93 3072/1594/93
f 3088/1593/93 3072/1594/93 3087/1595/93
f 3087/1595/93 3072/1594/93 3071/1596/93
f 3087/1595/93 3071/1596/93 3086/1597/93
f 3086/1597/93 3071/1596/93 3070/1598/93
f 3086/1597/93 3070/1598/93 3085/1599/93
f 3085/1599/93 3070/1598/93 3069/1600/93
f 3085/1599/93 3069/1600/93 3084/1601/93
f 3084/1601/93 3069/1600/93 3068/1602/93
f 3084/1601/93 3068/1602/93 3083/1603/93
f 3083/1603/93 3068/1602/93 3096/1604/93
f 3083/1603/93 3096/1604/93 3082/1605/93
f 3082/1605/93 3096/1604/93 3067/1606/93
f 3082/1605/93 3067/1606/93 3066/1607/93
f 3068/1602/93 3067/1606/93 3096/1604/93
f 3082/1605/93 3066/1607/93 3081/1608/93
f 3081/1608/93 3066/1607/93 3065/1609/93
f 3081/1608/93 3065/1609/93 3080/1610/93
f 3080/1610/93 3065/1609/93 3018/1611/93
f 3018/1611/93 3065/1609/93 3009/1612/93
f 3064/1613/1860 3063/1614/1861 3113/1615/1862
f 3113/1615/1862 3063/1614/1861 3118/1616/1863
f 3113/1615/1862 3118/1616/1863 3112/1617/1864
f 3112/1617/1864 3118/1616/1863 3123/1618/1865
f 3112/1617/1864 3123/1618/1865 3111/1619/1866
f 3111/1619/1866 3123/1618/1865 3128/1620/1867
f 3111/1619/1866 3128/1620/1867 3110/1621/1868
f 3110/1621/1868 3128/1620/1867 3133/1622/1869
f 3110/1621/1868 3133/1622/1869 3109/1623/1870
f 3109/1623/1870 3133/1622/1869 3138/1624/1871
f 3109/1623/1870 3138/1624/1871 3108/1625/1872
f 3108/1625/1872 3138/1624/1871 3143/1626/1873
f 3108/1625/1872 3143/1626/1873 3107/1627/1874
f 3107/1627/1874 3143/1626/1873 3148/1628/1875
f 3107/1627/1874 3148/1628/1875 3106/1629/1876
f 3106/1629/1876 3148/1628/1875 3153/1630/1877
f 3106/1629/1876 3153/1630/1877 3105/1631/1878
f 3105/1631/1878 3153/1630/1877 3158/1632/1879
f 3105/1631/1878 3158/1632/1879 3104/1633/1880
f 3104/1633/1880 3158/1632/1879 3163/1634/1881
f 3104/1633/1880 3163/1634/1881 3103/1635/1882
f 3103/1635/1882 3163/1634/1881 3168/1636/1883
f 3103/1635/1882 3168/1636/1883 3102/1637/1884
f 3102/1637/1884 3168/1636/1883 3173/1638/1885
f 3102/1637/1884 3173/1638/1885 3101/1639/1886
f 3101/1639/1886 3173/1638/1885 3178/1640/1887
f 3101/1639/1886 3178/1640/1887 3100/1641/1888
f 3100/1641/1888 3178/1640/1887 3183/1642/1889
f 3100/1641/1888 3183/1642/1889 3099/1643/1890
f 3099/1643/1890 3183/1642/1889 3188/1644/1891
f 3099/1643/1890 3188/1644/1891 3098/1645/1892
f 3098/1645/1892 3188/1644/1891 3193/1646/1893
f 3098/1645/1892 3193/1646/1893 3097/1647/1894
f 3097/1647/1894 3193/1646/1893 3198/1648/1895
f 3097/1647/1894 3198/1648/1895 3012/1649/1896
f 3012/1649/1896 3198/1648/1895 3013/1650/1897
f 3013/1650/1897 3198/1648/1895 3197/1651/1898
f 3013/1650/1897 3197/1651/1898 3014/1652/1899
f 3014/1652/1899 3197/1651/1898 3196/1653/1900
f 3014/1652/1899 3196/1653/1900 3015/1654/1901
f 3015/1654/1901 3196/1653/1900 3195/1655/1902
f 3015/1654/1901 3195/1655/1902 3016/1656/1903
f 3016/1656/1903 3195/1655/1902 3194/1657/1904
f 3016/1656/1903 3194/1657/1904 3017/1658/1905
f 3017/1658/1905 3194/1657/1904 3018/1659/93
f 3018/1659/93 3194/1657/1904 3080/1660/93
f 3080/1660/93 3194/1657/1904 3189/1661/1906
f 3080/1660/93 3189/1661/1906 3081/1662/93
f 3081/1662/93 3189/1661/1906 3184/1663/1907
f 3081/1662/93 3184/1663/1907 3082/1664/93
f 3082/1664/93 3184/1663/1907 3179/1665/1908
f 3082/1664/93 3179/1665/1908 3083/1666/93
f 3083/1666/93 3179/1665/1908 3174/1667/1909
f 3083/1666/93 3174/1667/1909 3084/1668/93
f 3084/1668/93 3174/1667/1909 3169/1669/1910
f 3084/1668/93 3169/1669/1910 3085/1670/93
f 3085/1670/93 3169/1669/1910 3164/1671/1911
f 3085/1670/93 3164/1671/1911 3086/1672/93
f 3086/1672/93 3164/1671/1911 3159/1673/1912
f 3086/1672/93 3159/1673/1912 3087/1674/93
f 3087/1674/93 3159/1673/1912 3154/1675/1913
f 3087/1674/93 3154/1675/1913 3088/1676/93
f 3088/1676/93 3154/1675/1913 3149/1677/1914
f 3088/1676/93 3149/1677/1914 3089/1678/93
f 3089/1678/93 3149/1677/1914 3144/1679/1915
f 3089/1678/93 3144/1679/1915 3090/1680/93
f 3090/1680/93 3144/1679/1915 3139/1681/1916
f 3090/1680/93 3139/1681/1916 3091/1682/93
f 3091/1682/93 3139/1681/1916 3134/1683/1917
f 3091/1682/93 3134/1683/1917 3092/1684/93
f 3092/1684/93 3134/1683/1917 3129/1685/1918
f 3092/1684/93 3129/1685/1918 3093/1686/93
f 3093/1686/93 3129/1685/1918 3124/1687/1919
f 3093/1686/93 3124/1687/1919 3094/1688/93
f 3094/1688/93 3124/1687/1919 3119/1689/1920
f 3094/1688/93 3119/1689/1920 3095/1690/93
f 3095/1690/93 3119/1689/1920 3114/1691/1921
f 3095/1690/93 3114/1691/1921 3057/1692/1922
f 3057/1692/1922 3114/1691/1921 3058/1693/1923
f 3058/1693/1923 3114/1691/1921 3115/1694/1924
f 3058/1693/1923 3115/1694/1924 3059/1695/1925
f 3059/1695/1925 3115/1694/1924 3116/1696/1926
f 3059/1695/1925 3116/1696/1926 3060/1697/1927
f 3060/1697/1927 3116/1696/1926 3061/1698/1928
f 3061/1698/1928 3116/1696/1926 3117/1699/1929
f 3061/1698/1928 3117/1699/1929 3062/1700/1930
f 3062/1700/1930 3117/1699/1929 3118/1616/1863
f 3062/1700/1930 3118/1616/1863 3063/1614/1861
f 3057/1692/1922 3056/1701/93 3095/1690/93
f 3115/1694/1924 3114/1691/1921 3120/1702/1931
f 3120/1702/1931 3114/1691/1921 3119/1689/1920
f 3120/1702/1931 3119/1689/1920 3125/1703/1932
f 3125/1703/1932 3119/1689/1920 3124/1687/1919
f 3125/1703/1932 3124/1687/1919 3130/1704/1933
f 3130/1704/1933 3124/1687/1919 3129/1685/1918
f 3130/1704/1933 3129/1685/1918 3135/1705/1934
f 3135/1705/1934 3129/1685/1918 3134/1683/1917
f 3135/1705/1934 3134/1683/1917 3140/1706/1935
f 3140/1706/1935 3134/1683/1917 3139/1681/1916
f 3140/1706/1935 3139/1681/1916 3145/1707/1936
f 3145/1707/1936 3139/1681/1916 3144/1679/1915
f 3145/1707/1936 3144/1679/1915 3150/1708/1937
f 3150/1708/1937 3144/1679/1915 3149/1677/1914
f 3150/1708/1937 3149/1677/1914 3155/1709/1938
f 3155/1709/1938 3149/1677/1914 3154/1675/1913
f 3155/1709/1938 3154/1675/1913 3160/1710/1939
f 3160/1710/1939 3154/1675/1913 3159/1673/1912
f 3160/1710/1939 3159/1673/1912 3165/1711/1940
f 3165/1711/1940 3159/1673/1912 3164/1671/1911
f 3165/1711/1940 3164/1671/1911 3170/1712/1941
f 3170/1712/1941 3164/1671/1911 3169/1669/1910
f 3170/1712/1941 3169/1669/1910 3175/1713/1942
f 3175/1713/1942 3169/1669/1910 3174/1667/1909
f 3175/1713/1942 3174/1667/1909 3180/1714/1943
f 3180/1714/1943 3174/1667/1909 3179/1665/1908
f 3180/1714/1943 3179/1665/1908 3185/1715/1944
f 3185/1715/1944 3179/1665/1908 3184/1663/1907
f 3185/1715/1944 3184/1663/1907 3190/1716/1945
f 3190/1716/1945 3184/1663/1907 3189/1661/1906
f 3190/1716/1945 3189/1661/1906 3195/1655/1902
f 3195/1655/1902 3189/1661/1906 3194/1657/1904
f 3116/1696/1926 3115/1694/1924 3121/1717/1946
f 3121/1717/1946 3115/1694/1924 3120/1702/1931
f 3121/1717/1946 3120/1702/1931 3126/1718/1947
f 3126/1718/1947 3120/1702/1931 3125/1703/1932
f 3126/1718/1947 3125/1703/1932 3131/1719/1948
f 3131/1719/1948 3125/1703/1932 3130/1704/1933
f 3131/1719/1948 3130/1704/1933 3136/1720/1949
f 3136/1720/1949 3130/1704/1933 3135/1705/1934
f 3136/1720/1949 3135/1705/1934 3141/1721/1950
f 3141/1721/1950 3135/1705/1934 3140/1706/1935
f 3141/1721/1950 3140/1706/1935 3146/1722/1951
f 3146/1722/1951 3140/1706/1935 3145/1707/1936
f 3146/1722/1951 3145/1707/1936 3151/1723/1952
f 3151/1723/1952 3145/1707/1936 3150/1708/1937
f 3151/1723/1952 3150/1708/1937 3156/1724/1953
f 3156/1724/1953 3150/1708/1937 3155/1709/1938
f 3156/1724/1953 3155/1709/1938 3161/1725/1954
f 3161/1725/1954 3155/1709/1938 3160/1710/1939
f 3161/1725/1954 3160/1710/1939 3166/1726/1955
f 3166/1726/1955 3160/1710/1939 3165/1711/1940
f 3166/1726/1955 3165/1711/1940 3171/1727/1956
f 3171/1727/1956 3165/1711/1940 3170/1712/1941
f 3171/1727/1956 3170/1712/1941 3176/1728/1957
f 3176/1728/1957 3170/1712/1941 3175/1713/1942
f 3176/1728/1957 3175/1713/1942 3181/1729/1958
f 3181/1729/1958 3175/1713/1942 3180/1714/1943
f 3181/1729/1958 3180/1714/1943 3186/1730/1959
f 3186/1730/1959 3180/1714/1943 3185/1715/1944
f 3186/1730/1959 3185/1715/1944 3191/1731/1960
f 3191/1731/1960 3185/1715/1944 3190/1716/1945
f 3191/1731/1960 3190/1716/1945 3196/1653/1900
f 3196/1653/1900 3190/1716/1945 3195/1655/1902
f 3123/1618/1865 3118/1616/1863 3117/1699/1929
f 3117/1699/1929 3116/1696/1926 3122/1732/1961
f 3122/1732/1961 3116/1696/1926 3121/1717/1946
f 3122/1732/1961 3121/1717/1946 3127/1733/1962
f 3127/1733/1962 3121/1717/1946 3126/1718/1947
f 3127/1733/1962 3126/1718/1947 3132/1734/1963
f 3132/1734/1963 3126/1718/1947 3131/1719/1948
f 3132/1734/1963 3131/1719/1948 3137/1735/1964
f 3137/1735/1964 3131/1719/1948 3136/1720/1949
f 3137/1735/1964 3136/1720/1949 3142/1736/1965
f 3142/1736/1965 3136/1720/1949 3141/1721/1950
f 3142/1736/1965 3141/1721/1950 3147/1737/1966
f 3147/1737/1966 3141/1721/1950 3146/1722/1951
f 3147/1737/1966 3146/1722/1951 3152/1738/1967
f 3152/1738/1967 3146/1722/1951 3151/1723/1952
f 3152/1738/1967 3151/1723/1952 3157/1739/1968
f 3157/1739/1968 3151/1723/1952 3156/1724/1953
f 3157/1739/1968 3156/1724/1953 3162/1740/1969
f 3162/1740/1969 3156/1724/1953 3161/1725/1954
f 3162/1740/1969 3161/1725/1954 3167/1741/1970
f 3167/1741/1970 3161/1725/1954 3166/1726/1955
f 3167/1741/1970 3166/1726/1955 3172/1742/1971
f 3172/1742/1971 3166/1726/1955 3171/1727/1956
f 3172/1742/1971 3171/1727/1956 3177/1743/1972
f 3177/1743/1972 3171/1727/1956 3176/1728/1957
f 3177/1743/1972 3176/1728/1957 3182/1744/1973
f 3182/1744/1973 3176/1728/1957 3181/1729/1958
f 3182/1744/1973 3181/1729/1958 3187/1745/1974
f 3187/1745/1974 3181/1729/1958 3186/1730/1959
f 3187/1745/1974 3186/1730/1959 3192/1746/1975
f 3192/1746/1975 3186/1730/1959 3191/1731/1960
f 3192/1746/1975 3191/1731/1960 3197/1651/1898
f 3197/1651/1898 3191/1731/1960 3196/1653/1900
f 3128/1620/1867 3123/1618/1865 3122/1732/1961
f 3122/1732/1961 3123/1618/1865 3117/1699/1929
f 3128/1620/1867 3122/1732/1961 3127/1733/1962
f 3133/1622/1869 3128/1620/1867 3127/1733/1962
f 3133/1622/1869 3127/1733/1962 3132/1734/1963
f 3138/1624/1871 3133/1622/1869 3132/1734/1963
f 3138/1624/1871 3132/1734/1963 3137/1735/1964
f 3143/1626/1873 3138/1624/1871 3137/1735/1964
f 3143/1626/1873 3137/1735/1964 3142/1736/1965
f 3148/1628/1875 3143/1626/1873 3142/1736/1965
f 3148/1628/1875 3142/1736/1965 3147/1737/1966
f 3153/1630/1877 3148/1628/1875 3147/1737/1966
f 3153/1630/1877 3147/1737/1966 3152/1738/1967
f 3158/1632/1879 3153/1630/1877 3152/1738/1967
f 3158/1632/1879 3152/1738/1967 3157/1739/1968
f 3163/1634/1881 3158/1632/1879 3157/1739/1968
f 3163/1634/1881 3157/1739/1968 3162/1740/1969
f 3168/1636/1883 3163/1634/1881 3162/1740/1969
f 3168/1636/1883 3162/1740/1969 3167/1741/1970
f 3173/1638/1885 3168/1636/1883 3167/1741/1970
f 3173/1638/1885 3167/1741/1970 3172/1742/1971
f 3178/1640/1887 3173/1638/1885 3172/1742/1971
f 3178/1640/1887 3172/1742/1971 3177/1743/1972
f 3183/1642/1889 3178/1640/1887 3177/1743/1972
f 3183/1642/1889 3177/1743/1972 3182/1744/1973
f 3188/1644/1891 3183/1642/1889 3182/1744/1973
f 3188/1644/1891 3182/1744/1973 3187/1745/1974
f 3193/1646/1893 3188/1644/1891 3187/1745/1974
f 3193/1646/1893 3187/1745/1974 3192/1746/1975
f 3198/1648/1895 3193/1646/1893 3192/1746/1975
f 3198/1648/1895 3192/1746/1975 3197/1651/1898
f 3035/1747/1860 3064/1748/1860 3036/1749/1862
f 3036/1749/1862 3064/1748/1860 3113/1750/1862
f 3036/1749/1862 3113/1750/1862 3037/1751/1864
f 3037/1751/1864 3113/1750/1862 3112/1752/1864
f 3037/1751/1864 3112/1752/1864 3038/1753/1866
f 3038/1753/1866 3112/1752/1864 3111/1754/1866
f 3038/1753/1866 3111/1754/1866 3039/1755/1868
f 3039/1755/1868 3111/1754/1866 3110/1756/1868
f 3039/1755/1868 3110/1756/1868 3040/1757/1870
f 3040/1757/1870 3110/1756/1868 3109/1758/1870
f 3040/1757/1870 3109/1758/1870 3041/1759/1872
f 3041/1759/1872 3109/1758/1870 3108/1760/1872
f 3041/1759/1872 3108/1760/1872 3042/1761/1874
f 3042/1761/1874 3108/1760/1872 3107/1762/1874
f 3042/1761/1874 3107/1762/1874 3043/1763/1876
f 3043/1763/1876 3107/1762/1874 3106/1764/1876
f 3043/1763/1876 3106/1764/1876 3044/1765/1878
f 3044/1765/1878 3106/1764/1876 3105/1766/1878
f 3044/1765/1878 3105/1766/1878 3045/1767/1880
f 3045/1767/1880 3105/1766/1878 3104/1768/1880
f 3045/1767/1880 3104/1768/1880 3046/1769/1976
f 3046/1769/1976 3104/1768/1880 3103/1770/1882
f 3046/1769/1976 3103/1770/1882 3047/1771/1884
f 3047/1771/1884 3103/1770/1882 3102/1772/1884
f 3047/1771/1884 3102/1772/1884 3048/1773/1886
f 3048/1773/1886 3102/1772/1884 3101/1774/1886
f 3048/1773/1886 3101/1774/1886 3049/1775/1888
f 3049/1775/1888 3101/1774/1886 3100/1776/1888
f 3049/1775/1888 3100/1776/1888 3050/1777/1890
f 3050/1777/1890 3100/1776/1888 3099/1778/1890
f 3050/1777/1890 3099/1778/1890 3051/1779/1892
f 3051/1779/1892 3099/1778/1890 3098/1780/1892
f 3051/1779/1892 3098/1780/1892 3052/1781/1894
f 3052/1781/1894 3098/1780/1892 3097/1782/1894
f 3052/1781/1894 3097/1782/1894 3011/1783/1896
f 3011/1783/1896 3097/1782/1894 3012/1784/1896
f 3274/1928/2008 3344/1929/2008 3273/1930/94
f 3273/1930/94 3344/1929/2008 3309/1931/94
f 3273/1930/94 3309/1931/94 3308/1932/2009
f 3308/1932/2009 3309/1931/94 3310/1933/2009
f 3308/1932/2009 3310/1933/2009 3307/1934/2010
f 3307/1934/2010 3310/1933/2009 3311/1935/2010
f 3307/1934/2010 3311/1935/2010 3306/1936/2011
f 3306/1936/2011 3311/1935/2010 3312/1937/2011
f 3306/1936/2011 3312/1937/2011 3305/1938/2012
f 3305/1938/2012 3312/1937/2011 3313/1939/2012
f 3305/1938/2012 3313/1939/2012 3304/1940/2013
f 3304/1940/2013 3313/1939/2012 3314/1941/2013
f 3304/1940/2013 3314/1941/2013 3303/1942/2014
f 3303/1942/2014 3314/1941/2013 3315/1943/2014
f 3303/1942/2014 3315/1943/2014 3302/1944/2015
f 3302/1944/2015 3315/1943/2014 3316/1945/2015
f 3302/1944/2015 3316/1945/2015 3301/1946/2016
f 3301/1946/2016 3316/1945/2015 3317/1947/2016
f 3301/1946/2016 3317/1947/2016 3300/1948/151
f 3300/1948/151 3317/1947/2016 3318/1949/151
f 3300/1948/151 3318/1949/151 3299/1950/2017
f 3299/1950/2017 3318/1949/151 3319/1951/2017
f 3299/1950/2017 3319/1951/2017 3298/1952/2018
f 3298/1952/2018 3319/1951/2017 3320/1953/2018
f 3298/1952/2018 3320/1953/2018 3297/1954/2019
f 3297/1954/2019 3320/1953/2018 3321/1955/2019
f 3297/1954/2019 3321/1955/2019 3296/1956/2020
f 3296/1956/2020 3321/1955/2019 3322/1957/2020
f 3296/1956/2020 3322/1957/2020 3295/1958/2021
f 3295/1958/2021 3322/1957/2020 3323/1959/2021
f 3295/1958/2021 3323/1959/2021 3294/1960/2022
f 3294/1960/2022 3323/1959/2021 3324/1961/2022
f 3294/1960/2022 3324/1961/2022 3293/1962/2023
f 3293/1962/2023 3324/1961/2022 3325/1963/2023
f 3293/1962/2023 3325/1963/2023 3292/1964/2024
f 3292/1964/2024 3325/1963/2023 3326/1965/2024
f 3292/1964/2024 3326/1965/2024 3291/1966/93
f 3291/1966/93 3326/1965/2024 3327/1967/93
f 3291/1968/93 3327/1969/93 3290/1970/2025
f 3290/1970/2025 3327/1969/93 3328/1971/2025
f 3290/1970/2025 3328/1971/2025 3289/1972/2026
f 3289/1972/2026 3328/1971/2025 3329/1973/2026
f 3289/1972/2026 3329/1973/2026 3288/1974/2027
f 3288/1974/2027 3329/1973/2026 3330/1975/2027
f 3288/1974/2027 3330/1975/2027 3287/1976/2028
f 3287/1976/2028 3330/1975/2027 3331/1977/2028
f 3287/1976/2028 3331/1977/2028 3286/1978/2029
f 3286/1978/2029 3331/1977/2028 3332/1979/2029
f 3286/1978/2029 3332/1979/2029 3285/1980/2030
f 3285/1980/2030 3332/1979/2029 3333/1981/2030
f 3285/1980/2030 3333/1981/2030 3284/1982/2031
f 3284/1982/2031 3333/1981/2030 3334/1983/2031
f 3284/1982/2031 3334/1983/2031 3283/1984/2032
f 3283/1984/2032 3334/1983/2031 3335/1985/2033
f 3283/1984/2032 3335/1985/2033 3282/1986/283
f 3282/1986/283 3335/1985/2033 3336/1987/283
f 3282/1986/283 3336/1987/283 3281/1988/2034
f 3281/1988/2034 3336/1987/283 3337/1989/2034
f 3281/1988/2034 3337/1989/2034 3280/1990/2035
f 3280/1990/2035 3337/1989/2034 3338/1991/2035
f 3280/1990/2035 3338/1991/2035 3279/1992/2036
f 3279/1992/2036 3338/1991/2035 3339/1993/2036
f 3279/1992/2036 3339/1993/2036 3278/1994/2037
f 3278/1994/2037 3339/1993/2036 3340/1995/2037
f 3278/1994/2037 3340/1995/2037 3277/1996/2038
f 3277/1996/2038 3340/1995/2037 3341/1997/2038
f 3277/1996/2038 3341/1997/2038 3276/1998/2039
f 3276/1998/2039 3341/1997/2038 3342/1999/2039
f 3276/1998/2039 3342/1999/2039 3275/2000/2040
f 3275/2000/2040 3342/1999/2039 3343/2001/2040
f 3275/2000/2040 3343/2001/2040 3274/1928/2008
f 3274/1928/2008 3343/2001/2040 3344/1929/2008
f 3308/2002/227 3292/2003/227 3273/2004/227
f 3273/2004/227 3292/2003/227 3291/2005/227
f 3273/2004/227 3291/2005/227 3274/2006/227
f 3274/2006/227 3291/2005/227 3290/2007/227
f 3274/2006/227 3290/2007/227 3275/2008/227
f 3275/2008/227 3290/2007/227 3289/2009/227
f 3275/2008/227 3289/2009/227 3276/2010/227
f 3276/2010/227 3289/2009/227 3288/2011/227
f 3276/2010/227 3288/2011/227 3277/2012/227
f 3277/2012/227 3288/2011/227 3287/2013/227
f 3277/2012/227 3287/2013/227 3278/2014/227
f 3278/2014/227 3287/2013/227 3286/2015/227
f 3278/2014/227 3286/2015/227 3279/2016/227
f 3279/2016/227 3286/2015/227 3285/2017/227
f 3279/2016/227 3285/2017/227 3280/2018/227
f 3280/2018/227 3285/2017/227 3284/2019/227
f 3280/2018/227 3284/2019/227 3281/2020/227
f 3281/2020/227 3284/2019/227 3283/2021/227
f 3281/2020/227 3283/2021/227 3282/2022/227
f 3292/2003/227 3308/2002/227 3293/2023/227
f 3293/2023/227 3308/2002/227 3307/2024/227
f 3293/2023/227 3307/2024/227 3294/2025/227
f 3294/2025/227 3307/2024/227 3306/2026/227
f 3294/2025/227 3306/2026/227 3295/2027/227
f 3295/2027/227 3306/2026/227 3305/2028/227
f 3295/2027/227 3305/2028/227 3296/2029/227
f 3296/2029/227 3305/2028/227 3304/2030/227
f 3296/2029/227 3304/2030/227 3297/2031/227
f 3297/2031/227 3304/2030/227 3303/2032/227
f 3297/2031/227 3303/2032/227 3298/2033/227
f 3298/2033/227 3303/2032/227 3302/2034/227
f 3298/2033/227 3302/2034/227 3299/2035/333
f 3299/2035/333 3302/2034/227 3301/2036/227
f 3299/2035/333 3301/2036/227 3300/2037/333
f 3344/2007/226 3328/2006/226 3309/2038/226
f 3309/2038/226 3328/2006/226 3327/2039/226
f 3309/2038/226 3327/2039/226 3310/2003/226
f 3310/2003/226 3327/2039/226 3326/2002/226
f 3310/2003/226 3326/2002/226 3311/2023/226
f 3311/2023/226 3326/2002/226 3325/2024/226
f 3311/2023/226 3325/2024/226 3312/2025/226
f 3312/2025/226 3325/2024/226 3324/2026/226
f 3312/2025/226 3324/2026/226 3313/2027/226
f 3313/2027/226 3324/2026/226 3323/2028/226
f 3313/2027/226 3323/2028/226 3314/2029/226
f 3314/2029/226 3323/2028/226 3322/2030/226
f 3314/2029/226 3322/2030/226 3315/2031/226
f 3315/2031/226 3322/2030/226 3321/2032/226
f 3315/2031/226 3321/2032/226 3316/2033/226
f 3316/2033/226 3321/2032/226 3320/2034/226
f 3316/2033/226 3320/2034/226 3317/2035/226
f 3317/2035/226 3320/2034/226 3319/2036/226
f 3317/2035/226 3319/2036/226 3318/2037/226
f 3328/2006/226 3344/2007/226 3329/2008/226
f 3329/2008/226 3344/2007/226 3343/2009/226
f 3329/2008/226 3343/2009/226 3330/2010/226
f 3330/2010/226 3343/2009/226 3342/2011/226
f 3330/2010/226 3342/2011/226 3331/2012/226
f 3331/2012/226 3342/2011/226 3341/2013/226
f 3331/2012/226 3341/2013/226 3332/2014/226
f 3332/2014/226 3341/2013/226 3340/2015/226
f 3332/2014/226 3340/2015/226 3333/2016/226
f 3333/2016/226 3340/2015/226 3339/2017/226
f 3333/2016/226 3339/2017/226 3334/2018/226
f 3334/2018/226 3339/2017/226 3338/2019/226
f 3334/2018/226 3338/2019/226 3335/2020/226
f 3335/2020/226 3338/2019/226 3337/2021/226
f 3335/2020/226 3337/2021/226 3336/2022/226
f 3346/2040/2041 3380/1931/94 3345/1930/94
f 3345/1930/94 3380/1931/94 3381/2041/2042
f 3345/1930/94 3381/2041/2042 3379/2042/2042
f 3379/2042/2042 3381/2041/2042 3382/2043/2043
f 3379/2042/2042 3382/2043/2043 3378/2044/2043
f 3378/2044/2043 3382/2043/2043 3383/2045/2044
f 3378/2044/2043 3383/2045/2044 3377/2046/2045
f 3377/2046/2045 3383/2045/2044 3384/2047/2046
f 3377/2046/2045 3384/2047/2046 3376/2048/2046
f 3376/2048/2046 3384/2047/2046 3385/2049/2047
f 3376/2048/2046 3385/2049/2047 3375/2050/2047
f 3375/2050/2047 3385/2049/2047 3386/2051/2048
f 3375/2050/2047 3386/2051/2048 3374/2052/2048
f 3374/2052/2048 3386/2051/2048 3387/2053/2049
f 3374/2052/2048 3387/2053/2049 3373/2054/2050
f 3373/2054/2050 3387/2053/2049 3388/2055/2051
f 3373/2054/2050 3388/2055/2051 3372/2056/2051
f 3372/2056/2051 3388/2055/2051 3389/2057/2052
f 3372/2056/2051 3389/2057/2052 3371/2058/2052
f 3371/2058/2052 3389/2057/2052 3390/2059/2053
f 3371/2058/2052 3390/2059/2053 3370/2060/2053
f 3370/2060/2053 3390/2059/2053 3391/2061/2054
f 3370/2060/2053 3391/2061/2054 3369/2062/2054
f 3369/2062/2054 3391/2061/2054 3392/2063/2055
f 3369/2062/2054 3392/2063/2055 3368/2064/2055
f 3368/2064/2055 3392/2063/2055 3393/2065/2056
f 3368/2064/2055 3393/2065/2056 3367/2066/2056
f 3367/2066/2056 3393/2065/2056 3394/2067/2057
f 3367/2066/2056 3394/2067/2057 3366/2068/2057
f 3366/2068/2057 3394/2067/2057 3395/2069/2058
f 3366/2068/2057 3395/2069/2058 3365/2070/2058
f 3365/2070/2058 3395/2069/2058 3396/2071/2059
f 3365/2070/2058 3396/2071/2059 3364/2072/2059
f 3364/2072/2059 3396/2071/2059 3397/2073/2060
f 3364/2072/2059 3397/2073/2060 3363/2074/2060
f 3363/2075/2060 3397/2076/2060 3398/2077/2061
f 3363/2075/2060 3398/2077/2061 3362/2078/2061
f 3362/2078/2061 3398/2077/2061 3399/2079/2062
f 3362/2078/2061 3399/2079/2062 3361/2080/2062
f 3361/2080/2062 3399/2079/2062 3400/2081/2063
f 3361/2080/2062 3400/2081/2063 3360/2082/2063
f 3360/2082/2063 3400/2081/2063 3401/2083/2064
f 3360/2082/2063 3401/2083/2064 3359/2084/2064
f 3359/2084/2064 3401/2083/2064 3402/2085/2065
f 3359/2084/2064 3402/2085/2065 3358/2086/2065
f 3358/2086/2065 3402/2085/2065 3403/2087/2066
f 3358/2086/2065 3403/2087/2066 3357/2088/2066
f 3357/2088/2066 3403/2087/2066 3404/2089/2067
f 3357/2088/2066 3404/2089/2067 3356/2090/2067
f 3356/2090/2067 3404/2089/2067 3405/2091/2068
f 3356/2090/2067 3405/2091/2068 3355/2092/2068
f 3355/2092/2068 3405/2091/2068 3406/2093/2069
f 3355/2092/2068 3406/2093/2069 3354/2094/2069
f 3354/2094/2069 3406/2093/2069 3407/2095/2070
f 3354/2094/2069 3407/2095/2070 3353/2096/2070
f 3353/2096/2070 3407/2095/2070 3408/2097/2071
f 3353/2096/2070 3408/2097/2071 3352/2098/2072
f 3352/2098/2072 3408/2097/2071 3409/2099/2073
f 3352/2098/2072 3409/2099/2073 3351/2100/2073
f 3351/2100/2073 3409/2099/2073 3410/2101/2074
f 3351/2100/2073 3410/2101/2074 3350/2102/2074
f 3350/2102/2074 3410/2101/2074 3411/2103/2075
f 3350/2102/2074 3411/2103/2075 3349/2104/2075
f 3349/2104/2075 3411/2103/2075 3412/2105/2076
f 3349/2104/2075 3412/2105/2076 3348/2106/2077
f 3348/2106/2077 3412/2105/2076 3413/2107/2078
f 3348/2106/2077 3413/2107/2078 3347/2108/2078
f 3347/2108/2078 3413/2107/2078 3414/2109/2041
f 3347/2108/2078 3414/2109/2041 3346/2040/2041
f 3346/2040/2041 3414/2109/2041 3380/1931/94
f 3345/2004/2079 3379/2110/657 3346/2111/657
f 3346/2111/657 3379/2110/657 3347/2112/657
f 3347/2112/657 3379/2110/657 3378/2113/657
f 3347/2112/657 3378/2113/657 3348/2114/657
f 3348/2114/657 3378/2113/657 3377/2115/657
f 3348/2114/657 3377/2115/657 3349/2116/657
f 3349/2116/657 3377/2115/657 3350/2117/657
f 3350/2117/657 3377/2115/657 3351/2118/657
f 3351/2118/657 3377/2115/657 3352/2119/657
f 3352/2119/657 3377/2115/657 3353/2120/657
f 3353/2120/657 3377/2115/657 3354/2121/657
f 3354/2121/657 3377/2115/657 3355/2122/657
f 3355/2122/657 3377/2115/657 3356/2123/657
f 3356/2123/657 3377/2115/657 3357/2124/657
f 3357/2124/657 3377/2115/657 3358/2125/657
f 3358/2125/657 3377/2115/657 3376/2126/657
f 3358/2125/657 3376/2126/657 3359/2127/657
f 3359/2127/657 3376/2126/657 3360/2128/657
f 3360/2128/657 3376/2126/657 3361/2129/657
f 3361/2129/657 3376/2126/657 3362/2130/657
f 3362/2130/657 3376/2126/657 3363/2131/657
f 3363/2131/657 3376/2126/657 3364/2132/657
f 3364/2132/657 3376/2126/657 3365/2133/657
f 3365/2133/657 3376/2126/657 3366/2134/657
f 3366/2134/657 3376/2126/657 3367/2135/657
f 3367/2135/657 3376/2126/657 3375/2136/657
f 3367/2135/657 3375/2136/657 3368/2137/657
f 3368/2137/657 3375/2136/657 3374/2138/657
f 3368/2137/657 3374/2138/657 3369/2139/657
f 3369/2139/657 3374/2138/657 3373/2140/657
f 3369/2139/657 3373/2140/657 3370/2141/657
f 3370/2141/657 3373/2140/657 3372/2142/657
f 3370/2141/657 3372/2142/657 3371/2143/657
f 3380/2038/2080 3414/2144/656 3381/2145/656
f 3381/2145/656 3414/2144/656 3413/2146/656
f 3381/2145/656 3413/2146/656 3382/2147/656
f 3382/2147/656 3413/2146/656 3412/2148/656
f 3382/2147/656 3412/2148/656 3383/2149/656
f 3383/2149/656 3412/2148/656 3411/2150/656
f 3383/2149/656 3411/2150/656 3410/2151/656
f 3410/2151/656 3409/2152/656 3383/2149/656
f 3383/2149/656 3409/2152/656 3408/2153/656
f 3383/2149/656 3408/2153/656 3407/2154/656
f 3407/2154/656 3406/2155/656 3383/2149/656
f 3383/2149/656 3406/2155/656 3405/2156/656
f 3383/2149/656 3405/2156/656 3404/2157/656
f 3404/2157/656 3403/2158/656 3383/2149/656
f 3383/2149/656 3403/2158/656 3402/2159/656
f 3383/2149/656 3402/2159/656 3384/2160/656
f 3384/2160/656 3402/2159/656 3401/2161/656
f 3384/2160/656 3401/2161/656 3400/2162/656
f 3400/2162/656 3399/2163/656 3384/2160/656
f 3384/2160/656 3399/2163/656 3398/2164/656
f 3384/2160/656 3398/2164/656 3397/2165/656
f 3397/2165/656 3396/2166/656 3384/2160/656
f 3384/2160/656 3396/2166/656 3395/2167/656
f 3384/2160/656 3395/2167/656 3394/2168/656
f 3394/2168/656 3393/2169/656 3384/2160/656
f 3384/2160/656 3393/2169/656 3385/2170/656
f 3385/2170/656 3393/2169/656 3392/2171/656
f 3385/2170/656 3392/2171/656 3386/2172/656
f 3386/2172/656 3392/2171/656 3391/2173/656
f 3386/2172/656 3391/2173/656 3387/2174/656
f 3387/2174/656 3391/2173/656 3390/2175/656
f 3387/2174/656 3390/2175/656 3388/2176/1035
f 3388/2176/1035 3390/2175/656 3389/2177/656
f 3416/2178/2081 3498/2179/2081 3415/2180/2082
f 3415/2180/2082 3498/2179/2081 3457/2181/2082
f 3415/2180/2082 3457/2181/2082 3456/2182/2083
f 3456/2182/2083 3457/2181/2082 3458/2183/2083
f 3456/2182/2083 3458/2183/2083 3455/2184/2084
f 3455/2184/2084 3458/2183/2083 3459/2185/2084
f 3455/2184/2084 3459/2185/2084 3454/2186/2085
f 3454/2186/2085 3459/2185/2084 3460/2187/2085
f 3454/2186/2085 3460/2187/2085 3453/2188/2086
f 3453/2188/2086 3460/2187/2085 3461/2189/2086
f 3453/2188/2086 3461/2189/2086 3452/2190/2087
f 3452/2190/2087 3461/2189/2086 3462/2191/2087
f 3452/2190/2087 3462/2191/2087 3451/2192/1763
f 3451/2192/1763 3462/2191/2087 3463/2193/1763
f 3451/2192/1763 3463/2193/1763 3450/2194/2088
f 3450/2194/2088 3463/2193/1763 3464/2195/2088
f 3450/2194/2088 3464/2195/2088 3449/2196/2089
f 3449/2196/2089 3464/2195/2088 3465/2197/2089
f 3449/2196/2089 3465/2197/2089 3448/2198/2090
f 3448/2198/2090 3465/2197/2089 3466/2199/2090
f 3448/2198/2090 3466/2199/2090 3447/2200/2091
f 3447/2200/2091 3466/2199/2090 3467/2201/2091
f 3447/2200/2091 3467/2201/2091 3446/2202/2092
f 3446/2202/2092 3467/2201/2091 3468/2203/2092
f 3446/2202/2092 3468/2203/2092 3445/2204/2093
f 3445/2204/2093 3468/2203/2092 3469/2205/2093
f 3445/2204/2093 3469/2205/2093 3444/2206/2094
f 3444/2206/2094 3469/2205/2093 3470/2207/2094
f 3444/2206/2094 3470/2207/2094 3443/2208/2095
f 3443/2208/2095 3470/2207/2094 3471/2209/2095
f 3443/2208/2095 3471/2209/2095 3442/2210/2096
f 3442/2210/2096 3471/2209/2095 3472/2211/2096
f 3442/2210/2096 3472/2211/2096 3441/2212/2097
f 3441/2212/2097 3472/2211/2096 3473/2213/2097
f 3441/2212/2097 3473/2213/2097 3440/2214/2098
f 3440/2214/2098 3473/2213/2097 3474/2215/2098
f 3440/2214/2098 3474/2215/2098 3439/2216/2099
f 3439/2216/2099 3474/2215/2098 3475/2217/2099
f 3439/2216/2099 3475/2217/2099 3438/2218/2100
f 3438/2218/2100 3475/2217/2099 3476/2219/2100
f 3438/2218/2100 3476/2219/2100 3437/2220/2101
f 3437/2220/2101 3476/2219/2100 3477/2221/2101
f 3437/2220/2101 3477/2221/2101 3436/2222/2102
f 3436/2222/2102 3477/2221/2101 3478/2223/2102
f 3436/2224/2102 3478/2225/2102 3435/2226/2103
f 3435/2226/2103 3478/2225/2102 3479/2227/2103
f 3435/2226/2103 3479/2227/2103 3434/2228/2104
f 3434/2228/2104 3479/2227/2103 3480/2229/2104
f 3434/2228/2104 3480/2229/2104 3433/2230/2105
f 3433/2230/2105 3480/2229/2104 3481/2231/2105
f 3433/2230/2105 3481/2231/2105 3432/2232/2106
f 3432/2232/2106 3481/2231/2105 3482/2233/2106
f 3432/2232/2106 3482/2233/2106 3431/2234/2107
f 3431/2234/2107 3482/2233/2106 3483/2235/2107
f 3431/2234/2107 3483/2235/2107 3430/2236/2108
f 3430/2236/2108 3483/2235/2107 3484/2237/2108
f 3430/2236/2108 3484/2237/2108 3429/2238/2109
f 3429/2238/2109 3484/2237/2108 3485/2239/2109
f 3429/2238/2109 3485/2239/2109 3428/2240/2110
f 3428/2240/2110 3485/2239/2109 3486/2241/2110
f 3428/2240/2110 3486/2241/2110 3427/2242/2111
f 3427/2242/2111 3486/2241/2110 3487/2243/2111
f 3427/2242/2111 3487/2243/2111 3426/2244/2112
f 3426/2244/2112 3487/2243/2111 3488/2245/2112
f 3426/2244/2112 3488/2245/2112 3425/2246/2113
f 3425/2246/2113 3488/2245/2112 3489/2247/2113
f 3425/2246/2113 3489/2247/2113 3424/2248/2114
f 3424/2248/2114 3489/2247/2113 3490/2249/2114
f 3424/2248/2114 3490/2249/2114 3423/2250/1069
f 3423/2250/1069 3490/2249/2114 3491/2251/1069
f 3423/2250/1069 3491/2251/1069 3422/2252/2115
f 3422/2252/2115 3491/2251/1069 3492/2253/2115
f 3422/2252/2115 3492/2253/2115 3421/2254/2116
f 3421/2254/2116 3492/2253/2115 3493/2255/2116
f 3421/2254/2116 3493/2255/2116 3420/2256/2117
f 3420/2256/2117 3493/2255/2116 3494/2257/2117
f 3420/2256/2117 3494/2257/2117 3419/2258/2118
f 3419/2258/2118 3494/2257/2117 3495/2259/2118
f 3419/2258/2118 3495/2259/2118 3418/2260/2119
f 3418/2260/2119 3495/2259/2118 3496/2261/2119
f 3418/2260/2119 3496/2261/2119 3417/2262/2120
f 3417/2262/2120 3496/2261/2119 3497/2263/2120
f 3417/2262/2120 3497/2263/2120 3416/2178/2081
f 3416/2178/2081 3497/2263/2120 3498/2179/2081
f 3456/2264/93 3501/2265/93 3415/2266/93
f 3415/2266/93 3501/2265/93 3500/2267/93
f 3415/2266/93 3500/2267/93 3416/2268/93
f 3416/2268/93 3500/2267/93 3417/2269/93
f 3417/2269/93 3500/2267/93 3418/2270/93
f 3418/2270/93 3500/2267/93 3419/2271/93
f 3419/2271/93 3500/2267/93 3420/2272/93
f 3420/2272/93 3500/2267/93 3421/2273/93
f 3421/2273/93 3500/2267/93 3422/2274/93
f 3422/2274/93 3500/2267/93 3423/2275/93
f 3423/2275/93 3500/2267/93 3424/2276/93
f 3424/2276/93 3500/2267/93 3425/2277/93
f 3425/2277/93 3500/2267/93 3499/2278/93
f 3425/2277/93 3499/2278/93 3426/2279/93
f 3426/2279/93 3499/2278/93 3427/2280/93
f 3427/2280/93 3499/2278/93 3428/2281/93
f 3428/2281/93 3499/2278/93 3429/2282/93
f 3429/2282/93 3499/2278/93 3430/2283/93
f 3430/2283/93 3499/2278/93 3431/2284/93
f 3431/2284/93 3499/2278/93 3432/2285/93
f 3432/2285/93 3499/2278/93 3433/2286/93
f 3433/2286/93 3499/2278/93 3434/2287/93
f 3434/2287/93 3499/2278/93 3435/2288/93
f 3435/2288/93 3499/2278/93 3436/2289/93
f 3436/2289/93 3499/2278/93 3502/2290/93
f 3436/2289/93 3502/2290/93 3437/2291/93
f 3437/2291/93 3502/2290/93 3438/2292/93
f 3438/2292/93 3502/2290/93 3439/2293/93
f 3439/2293/93 3502/2290/93 3440/2294/93
f 3440/2294/93 3502/2290/93 3441/2295/93
f 3441/2295/93 3502/2290/93 3442/2296/93
f 3442/2296/93 3502/2290/93 3443/2297/93
f 3443/2297/93 3502/2290/93 3444/2298/93
f 3444/2298/93 3502/2290/93 3445/2299/93
f 3445/2299/93 3502/2290/93 3446/2300/93
f 3446/2300/93 3502/2290/93 3501/2265/93
f 3446/2300/93 3501/2265/93 3447/2301/93
f 3447/2301/93 3501/2265/93 3448/2302/93
f 3448/2302/93 3501/2265/93 3449/2303/93
f 3449/2303/93 3501/2265/93 3450/2304/93
f 3450/2304/93 3501/2265/93 3451/2305/93
f 3451/2305/93 3501/2265/93 3452/2306/93
f 3452/2306/93 3501/2265/93 3453/2307/93
f 3453/2307/93 3501/2265/93 3454/2308/93
f 3454/2308/93 3501/2265/93 3455/2309/93
f 3455/2309/93 3501/2265/93 3456/2264/93
f 3501/2265/93 3502/2290/93 3500/2267/93
f 3500/2267/93 3502/2290/93 3499/2278/93
f 3498/2288/94 3505/2278/94 3457/2289/94
f 3457/2289/94 3505/2278/94 3504/2290/94
f 3457/2289/94 3504/2290/94 3458/2291/94
f 3458/2291/94 3504/2290/94 3459/2292/94
f 3459/2292/94 3504/2290/94 3460/2293/94
f 3460/2293/94 3504/2290/94 3461/2294/94
f 3461/2294/94 3504/2290/94 3462/2295/94
f 3462/2295/94 3504/2290/94 3463/2296/94
f 3463/2296/94 3504/2290/94 3464/2297/94
f 3464/2297/94 3504/2290/94 3465/2298/94
f 3465/2298/94 3504/2290/94 3466/2299/94
f 3466/2299/94 3504/2290/94 3467/2300/94
f 3467/2300/94 3504/2290/94 3503/2265/94
f 3467/2300/94 3503/2265/94 3468/2301/94
f 3468/2301/94 3503/2265/94 3469/2302/94
f 3469/2302/94 3503/2265/94 3470/2303/94
f 3470/2303/94 3503/2265/94 3471/2304/94
f 3471/2304/94 3503/2265/94 3472/2305/94
f 3472/2305/94 3503/2265/94 3473/2306/94
f 3473/2306/94 3503/2265/94 3474/2307/94
f 3474/2307/94 3503/2265/94 3475/2308/94
f 3475/2308/94 3503/2265/94 3476/2309/94
f 3476/2309/94 3503/2265/94 3477/2264/94
f 3477/2264/94 3503/2265/94 3478/2266/94
f 3478/2266/94 3503/2265/94 3506/2267/94
f 3478/2266/94 3506/2267/94 3479/2268/94
f 3479/2268/94 3506/2267/94 3480/2269/94
f 3480/2269/94 3506/2267/94 3481/2270/94
f 3481/2270/94 3506/2267/94 3482/2271/94
f 3482/2271/94 3506/2267/94 3483/2272/94
f 3483/2272/94 3506/2267/94 3484/2273/94
f 3484/2273/94 3506/2267/94 3485/2274/94
f 3485/2274/94 3506/2267/94 3486/2275/94
f 3486/2275/94 3506/2267/94 3487/2276/94
f 3487/2276/94 3506/2267/94 3488/2277/94
f 3488/2277/94 3506/2267/94 3505/2278/94
f 3488/2277/94 3505/2278/94 3489/2279/94
f 3489/2279/94 3505/2278/94 3490/2280/94
f 3490/2280/94 3505/2278/94 3491/2281/94
f 3491/2281/94 3505/2278/94 3492/2282/94
f 3492/2282/94 3505/2278/94 3493/2283/94
f 3493/2283/94 3505/2278/94 3494/2284/94
f 3494/2284/94 3505/2278/94 3495/2285/94
f 3495/2285/94 3505/2278/94 3496/2286/94
f 3496/2286/94 3505/2278/94 3497/2287/94
f 3497/2287/94 3505/2278/94 3498/2288/94
f 3505/2278/94 3506/2267/94 3504/2290/94
f 3504/2290/94 3506/2267/94 3503/2265/94
usemtl ABS_(White).002
f 923/1785/450 924/1786/450 926/1787/450
f 926/1787/450 924/1786/450 925/13/450
f 925/13/506 924/1788/506 960/1789/587
f 960/1789/587 924/1788/506 927/1790/587
f 960/1789/587 927/1790/587 959/1791/588
f 959/1791/588 927/1790/587 928/1792/588
f 959/1791/588 928/1792/588 958/1793/589
f 958/1793/589 928/1792/588 929/1794/589
f 958/1793/589 929/1794/589 957/1795/590
f 957/1795/590 929/1794/589 930/1796/590
f 957/1795/590 930/1796/590 956/1797/591
f 956/1797/591 930/1796/590 931/1798/591
f 956/1797/591 931/1798/591 955/1799/592
f 955/1799/592 931/1798/591 932/1800/592
f 955/1799/592 932/1800/592 954/1801/593
f 954/1801/593 932/1800/592 933/1802/593
f 954/1801/593 933/1802/593 953/1803/594
f 953/1803/594 933/1802/593 934/1804/594
f 953/1803/594 934/1804/594 952/1805/595
f 952/1805/595 934/1804/594 935/1806/595
f 952/1805/595 935/1806/595 951/1807/596
f 951/1807/596 935/1806/595 936/1808/596
f 951/1807/596 936/1808/596 950/1809/597
f 950/1809/597 936/1808/596 937/1810/597
f 950/1809/597 937/1810/597 949/1811/598
f 949/1811/598 937/1810/597 938/1812/598
f 949/1811/598 938/1812/598 948/1813/599
f 948/1813/599 938/1812/598 939/1814/599
f 948/1813/599 939/1814/599 947/1815/600
f 947/1815/600 939/1814/599 940/1816/600
f 947/1815/600 940/1816/600 946/1817/601
f 946/1817/601 940/1816/600 941/1818/601
f 946/1817/601 941/1818/601 945/1819/602
f 945/1819/602 941/1818/601 942/1820/602
f 945/1819/602 942/1820/602 944/1821/603
f 944/1821/603 942/1820/602 943/1822/603
f 943/1823/452 961/1786/452 944/1824/452
f 944/1824/452 961/1786/452 962/13/452
f 962/1825/604 961/1826/604 988/1827/605
f 988/1827/605 961/1826/604 963/1828/605
f 988/1827/605 963/1828/605 964/1829/606
f 988/1827/605 964/1829/606 987/1830/606
f 987/1830/606 964/1829/606 965/1831/607
f 987/1830/606 965/1831/607 986/1832/607
f 986/1832/607 965/1831/607 966/1833/608
f 986/1832/607 966/1833/608 985/1834/608
f 985/1834/608 966/1833/608 967/1835/609
f 985/1834/608 967/1835/609 984/1836/609
f 984/1836/609 967/1835/609 968/1837/610
f 984/1836/609 968/1837/610 983/1838/611
f 983/1838/611 968/1837/610 969/1839/612
f 983/1838/611 969/1839/612 982/1840/612
f 982/1840/612 969/1839/612 970/1841/613
f 982/1840/612 970/1841/613 981/1842/613
f 981/1842/613 970/1841/613 971/1843/614
f 981/1842/613 971/1843/614 980/1844/614
f 980/1844/614 971/1843/614 972/1845/615
f 980/1844/614 972/1845/615 979/1846/615
f 979/1846/615 972/1845/615 973/1847/616
f 979/1846/615 973/1847/616 978/1848/617
f 978/1848/617 973/1847/616 974/1849/618
f 978/1848/617 974/1849/618 977/1850/618
f 977/1850/618 974/1849/618 975/1851/619
f 977/1850/618 975/1851/619 976/1852/619
f 976/1852/619 975/1851/619 926/13/469
f 926/13/469 975/1851/619 923/1853/469
f 925/1854/93 960/1855/93 926/1856/93
f 926/1856/93 960/1855/93 976/1857/93
f 976/1857/93 960/1855/93 959/1858/93
f 976/1857/93 959/1858/93 989/1859/93
f 989/1859/93 959/1858/93 958/1860/93
f 989/1859/93 958/1860/93 957/1861/93
f 957/1861/93 956/1862/93 989/1859/93
f 989/1859/93 956/1862/93 979/1863/93
f 989/1859/93 979/1863/93 978/1864/93
f 979/1863/93 956/1862/93 992/1865/93
f 992/1865/93 956/1862/93 955/1866/93
f 992/1865/93 955/1866/93 954/1867/93
f 954/1867/93 953/1868/93 992/1865/93
f 992/1865/93 953/1868/93 982/1869/93
f 992/1865/93 982/1869/93 981/1870/93
f 953/1868/93 952/1871/93 982/1869/93
f 982/1869/93 952/1871/93 983/1872/93
f 983/1872/93 952/1871/93 951/1873/93
f 983/1872/93 951/1873/93 990/1874/93
f 990/1874/93 951/1873/93 950/1875/93
f 990/1874/93 950/1875/93 949/1876/93
f 948/1877/93 986/1878/93 949/1876/93
f 949/1876/93 986/1878/93 985/1879/93
f 949/1876/93 985/1879/93 990/1874/93
f 990/1874/93 985/1879/93 984/1880/93
f 990/1874/93 984/1880/93 983/1872/93
f 986/1878/93 948/1877/93 991/1881/93
f 991/1881/93 948/1877/93 947/1882/93
f 991/1881/93 947/1882/93 946/1883/93
f 946/1883/93 945/1884/93 991/1881/93
f 991/1881/93 945/1884/93 962/1885/93
f 991/1881/93 962/1885/93 988/1886/93
f 945/1884/93 944/1887/93 962/1885/93
f 988/1886/93 987/1888/93 991/1881/93
f 991/1881/93 987/1888/93 986/1878/93
f 981/1870/93 980/1889/93 992/1865/93
f 992/1865/93 980/1889/93 979/1863/93
f 978/1864/93 977/1890/93 989/1859/93
f 989/1859/93 977/1890/93 976/1857/93
f 943/1891/94 942/1892/94 961/1893/94
f 961/1893/94 942/1892/94 995/1894/94
f 961/1893/94 995/1894/94 963/1895/94
f 963/1895/94 995/1894/94 964/1896/94
f 964/1896/94 995/1894/94 965/1897/94
f 965/1897/94 995/1894/94 939/1898/94
f 965/1897/94 939/1898/94 938/1899/94
f 942/1892/94 941/1900/94 995/1894/94
f 995/1894/94 941/1900/94 940/1901/94
f 995/1894/94 940/1901/94 939/1898/94
f 937/1902/94 996/1903/94 938/1899/94
f 938/1899/94 996/1903/94 966/1904/94
f 938/1899/94 966/1904/94 965/1897/94
f 937/1902/94 936/1905/94 996/1903/94
f 996/1903/94 936/1905/94 968/1906/94
f 996/1903/94 968/1906/94 967/1907/94
f 936/1905/94 935/1908/94 968/1906/94
f 968/1906/94 935/1908/94 969/1909/94
f 969/1909/94 935/1908/94 934/1910/94
f 969/1909/94 934/1910/94 994/1911/94
f 994/1911/94 934/1910/94 933/1912/94
f 994/1911/94 933/1912/94 932/1913/94
f 932/1913/94 931/1914/94 994/1911/94
f 994/1911/94 931/1914/94 972/1915/94
f 994/1911/94 972/1915/94 971/1916/94
f 972/1915/94 931/1914/94 993/1917/94
f 993/1917/94 931/1914/94 930/1918/94
f 993/1917/94 930/1918/94 929/1919/94
f 929/1919/94 928/1920/94 993/1917/94
f 993/1917/94 928/1920/94 975/1921/94
f 993/1917/94 975/1921/94 974/1922/94
f 928/1920/94 927/1923/94 975/1921/94
f 975/1921/94 927/1923/94 923/1924/94
f 923/1924/94 927/1923/94 924/1925/94
f 974/1922/94 973/1926/94 993/1917/94
f 993/1917/94 973/1926/94 972/1915/94
f 971/1916/94 970/1927/94 994/1911/94
f 994/1911/94 970/1927/94 969/1909/94
f 967/1907/94 966/1904/94 996/1903/94
f 2061/1785/1148 2062/1786/1148 2064/1787/1148
f 2064/1787/1148 2062/1786/1148 2063/13/1148
f 2063/13/1203 2062/1788/1203 2098/1789/1284
f 2098/1789/1284 2062/1788/1203 2065/1790/1284
f 2098/1789/1284 2065/1790/1284 2097/1791/1285
f 2097/1791/1285 2065/1790/1284 2066/1792/1285
f 2097/1791/1285 2066/1792/1285 2096/1793/1286
f 2096/1793/1286 2066/1792/1285 2067/1794/1286
f 2096/1793/1286 2067/1794/1286 2095/1795/1287
f 2095/1795/1287 2067/1794/1286 2068/1796/1287
f 2095/1795/1287 2068/1796/1287 2094/1797/1288
f 2094/1797/1288 2068/1796/1287 2069/1798/1288
f 2094/1797/1288 2069/1798/1288 2093/1799/1289
f 2093/1799/1289 2069/1798/1288 2070/1800/1289
f 2093/1799/1289 2070/1800/1289 2092/1801/1290
f 2092/1801/1290 2070/1800/1289 2071/1802/1290
f 2092/1801/1290 2071/1802/1290 2091/1803/1291
f 2091/1803/1291 2071/1802/1290 2072/1804/1291
f 2091/1803/1291 2072/1804/1291 2090/1805/1292
f 2090/1805/1292 2072/1804/1291 2073/1806/1292
f 2090/1805/1292 2073/1806/1292 2089/1807/1293
f 2089/1807/1293 2073/1806/1292 2074/1808/1293
f 2089/1807/1293 2074/1808/1293 2088/1809/1294
f 2088/1809/1294 2074/1808/1293 2075/1810/1294
f 2088/1809/1294 2075/1810/1294 2087/1811/1295
f 2087/1811/1295 2075/1810/1294 2076/1812/1295
f 2087/1811/1295 2076/1812/1295 2086/1813/1296
f 2086/1813/1296 2076/1812/1295 2077/1814/1296
f 2086/1813/1296 2077/1814/1296 2085/1815/1297
f 2085/1815/1297 2077/1814/1296 2078/1816/1297
f 2085/1815/1297 2078/1816/1297 2084/1817/1298
f 2084/1817/1298 2078/1816/1297 2079/1818/1298
f 2084/1817/1298 2079/1818/1298 2083/1819/1299
f 2083/1819/1299 2079/1818/1298 2080/1820/1299
f 2083/1819/1299 2080/1820/1299 2082/1821/1300
f 2082/1821/1300 2080/1820/1299 2081/1822/1300
f 2081/1823/1149 2099/1786/1149 2082/1824/1149
f 2082/1824/1149 2099/1786/1149 2100/13/1149
f 2100/1825/1301 2099/1826/1301 2126/1827/1302
f 2126/1827/1302 2099/1826/1301 2101/1828/1302
f 2126/1827/1302 2101/1828/1302 2102/1829/1303
f 2126/1827/1302 2102/1829/1303 2125/1830/1303
f 2125/1830/1303 2102/1829/1303 2103/1831/1304
f 2125/1830/1303 2103/1831/1304 2124/1832/1304
f 2124/1832/1304 2103/1831/1304 2104/1833/1305
f 2124/1832/1304 2104/1833/1305 2123/1834/1305
f 2123/1834/1305 2104/1833/1305 2105/1835/1306
f 2123/1834/1305 2105/1835/1306 2122/1836/1306
f 2122/1836/1306 2105/1835/1306 2106/1837/1307
f 2122/1836/1306 2106/1837/1307 2121/1838/1307
f 2121/1838/1307 2106/1837/1307 2107/1839/1308
f 2121/1838/1307 2107/1839/1308 2120/1840/1308
f 2120/1840/1308 2107/1839/1308 2108/1841/1309
f 2120/1840/1308 2108/1841/1309 2119/1842/1309
f 2119/1842/1309 2108/1841/1309 2109/1843/1310
f 2119/1842/1309 2109/1843/1310 2118/1844/1310
f 2118/1844/1310 2109/1843/1310 2110/1845/1311
f 2118/1844/1310 2110/1845/1311 2117/1846/1311
f 2117/1846/1311 2110/1845/1311 2111/1847/1312
f 2117/1846/1311 2111/1847/1312 2116/1848/1312
f 2116/1848/1312 2111/1847/1312 2112/1849/1313
f 2116/1848/1312 2112/1849/1313 2115/1850/1313
f 2115/1850/1313 2112/1849/1313 2113/1851/1314
f 2115/1850/1313 2113/1851/1314 2114/1852/1314
f 2114/1852/1314 2113/1851/1314 2064/13/1315
f 2064/13/1315 2113/1851/1314 2061/1853/1315
f 2063/1854/93 2098/1855/93 2064/1856/93
f 2064/1856/93 2098/1855/93 2114/1857/93
f 2114/1857/93 2098/1855/93 2097/1858/93
f 2114/1857/93 2097/1858/93 2127/1859/93
f 2127/1859/93 2097/1858/93 2096/1860/93
f 2127/1859/93 2096/1860/93 2095/1861/93
f 2095/1861/93 2094/1862/93 2127/1859/93
f 2127/1859/93 2094/1862/93 2117/1863/93
f 2127/1859/93 2117/1863/93 2116/1864/93
f 2117/1863/93 2094/1862/93 2130/1865/93
f 2130/1865/93 2094/1862/93 2093/1866/93
f 2130/1865/93 2093/1866/93 2092/1867/93
f 2092/1867/93 2091/1868/93 2130/1865/93
f 2130/1865/93 2091/1868/93 2120/1869/93
f 2130/1865/93 2120/1869/93 2119/1870/93
f 2091/1868/93 2090/1871/93 2120/1869/93
f 2120/1869/93 2090/1871/93 2121/1872/93
f 2121/1872/93 2090/1871/93 2089/1873/93
f 2121/1872/93 2089/1873/93 2128/1874/93
f 2128/1874/93 2089/1873/93 2088/1875/93
f 2128/1874/93 2088/1875/93 2087/1876/93
f 2086/1877/93 2124/1878/93 2087/1876/93
f 2087/1876/93 2124/1878/93 2123/1879/93
f 2087/1876/93 2123/1879/93 2128/1874/93
f 2128/1874/93 2123/1879/93 2122/1880/93
f 2128/1874/93 2122/1880/93 2121/1872/93
f 2124/1878/93 2086/1877/93 2129/1881/93
f 2129/1881/93 2086/1877/93 2085/1882/93
f 2129/1881/93 2085/1882/93 2084/1883/93
f 2084/1883/93 2083/1884/93 2129/1881/93
f 2129/1881/93 2083/1884/93 2100/1885/93
f 2129/1881/93 2100/1885/93 2126/1886/93
f 2083/1884/93 2082/1887/93 2100/1885/93
f 2126/1886/93 2125/1888/93 2129/1881/93
f 2129/1881/93 2125/1888/93 2124/1878/93
f 2119/1870/93 2118/1889/93 2130/1865/93
f 2130/1865/93 2118/1889/93 2117/1863/93
f 2116/1864/93 2115/1890/93 2127/1859/93
f 2127/1859/93 2115/1890/93 2114/1857/93
f 2081/1891/94 2080/1892/94 2099/1893/94
f 2099/1893/94 2080/1892/94 2133/1894/94
f 2099/1893/94 2133/1894/94 2101/1895/94
f 2101/1895/94 2133/1894/94 2102/1896/94
f 2102/1896/94 2133/1894/94 2103/1897/94
f 2103/1897/94 2133/1894/94 2077/1898/94
f 2103/1897/94 2077/1898/94 2076/1899/94
f 2080/1892/94 2079/1900/94 2133/1894/94
f 2133/1894/94 2079/1900/94 2078/1901/94
f 2133/1894/94 2078/1901/94 2077/1898/94
f 2075/1902/94 2134/1903/94 2076/1899/94
f 2076/1899/94 2134/1903/94 2104/1904/94
f 2076/1899/94 2104/1904/94 2103/1897/94
f 2075/1902/94 2074/1905/94 2134/1903/94
f 2134/1903/94 2074/1905/94 2106/1906/94
f 2134/1903/94 2106/1906/94 2105/1907/94
f 2074/1905/94 2073/1908/94 2106/1906/94
f 2106/1906/94 2073/1908/94 2107/1909/94
f 2107/1909/94 2073/1908/94 2072/1910/94
f 2107/1909/94 2072/1910/94 2132/1911/94
f 2132/1911/94 2072/1910/94 2071/1912/94
f 2132/1911/94 2071/1912/94 2070/1913/94
f 2070/1913/94 2069/1914/94 2132/1911/94
f 2132/1911/94 2069/1914/94 2110/1915/94
f 2132/1911/94 2110/1915/94 2109/1916/94
f 2110/1915/94 2069/1914/94 2131/1917/94
f 2131/1917/94 2069/1914/94 2068/1918/94
f 2131/1917/94 2068/1918/94 2067/1919/94
f 2067/1919/94 2066/1920/94 2131/1917/94
f 2131/1917/94 2066/1920/94 2113/1921/94
f 2131/1917/94 2113/1921/94 2112/1922/94
f 2066/1920/94 2065/1923/94 2113/1921/94
f 2113/1921/94 2065/1923/94 2061/1924/94
f 2061/1924/94 2065/1923/94 2062/1925/94
f 2112/1922/94 2111/1926/94 2131/1917/94
f 2131/1917/94 2111/1926/94 2110/1915/94
f 2109/1916/94 2108/1927/94 2132/1911/94
f 2132/1911/94 2108/1927/94 2107/1909/94
f 2105/1907/94 2104/1904/94 2134/1903/94
f 3199/1785/1840 3200/1786/1840 3202/1787/1840
f 3202/1787/1840 3200/1786/1840 3201/13/1840
f 3201/13/1896 3200/1788/1896 3236/1789/1977
f 3236/1789/1977 3200/1788/1896 3203/1790/1977
f 3236/1789/1977 3203/1790/1977 3235/1791/1978
f 3235/1791/1978 3203/1790/1977 3204/1792/1978
f 3235/1791/1978 3204/1792/1978 3234/1793/1979
f 3234/1793/1979 3204/1792/1978 3205/1794/1979
f 3234/1793/1979 3205/1794/1979 3233/1795/1980
f 3233/1795/1980 3205/1794/1979 3206/1796/1980
f 3233/1795/1980 3206/1796/1980 3232/1797/1981
f 3232/1797/1981 3206/1796/1980 3207/1798/1981
f 3232/1797/1981 3207/1798/1981 3231/1799/1982
f 3231/1799/1982 3207/1798/1981 3208/1800/1982
f 3231/1799/1982 3208/1800/1982 3230/1801/1983
f 3230/1801/1983 3208/1800/1982 3209/1802/1983
f 3230/1801/1983 3209/1802/1983 3229/1803/1984
f 3229/1803/1984 3209/1802/1983 3210/1804/1984
f 3229/1803/1984 3210/1804/1984 3228/1805/1985
f 3228/1805/1985 3210/1804/1984 3211/1806/1985
f 3228/1805/1985 3211/1806/1985 3227/1807/1986
f 3227/1807/1986 3211/1806/1985 3212/1808/1986
f 3227/1807/1986 3212/1808/1986 3226/1809/1987
f 3226/1809/1987 3212/1808/1986 3213/1810/1987
f 3226/1809/1987 3213/1810/1987 3225/1811/1988
f 3225/1811/1988 3213/1810/1987 3214/1812/1988
f 3225/1811/1988 3214/1812/1988 3224/1813/1989
f 3224/1813/1989 3214/1812/1988 3215/1814/1989
f 3224/1813/1989 3215/1814/1989 3223/1815/1990
f 3223/1815/1990 3215/1814/1989 3216/1816/1990
f 3223/1815/1990 3216/1816/1990 3222/1817/1991
f 3222/1817/1991 3216/1816/1990 3217/1818/1991
f 3222/1817/1991 3217/1818/1991 3221/1819/1992
f 3221/1819/1992 3217/1818/1991 3218/1820/1992
f 3221/1819/1992 3218/1820/1992 3220/1821/1993
f 3220/1821/1993 3218/1820/1992 3219/1822/1993
f 3219/1823/1841 3237/1786/1841 3220/1824/1841
f 3220/1824/1841 3237/1786/1841 3238/13/1841
f 3238/1825/1994 3237/1826/1994 3264/1827/1995
f 3264/1827/1995 3237/1826/1994 3239/1828/1995
f 3264/1827/1995 3239/1828/1995 3240/1829/1996
f 3264/1827/1995 3240/1829/1996 3263/1830/1996
f 3263/1830/1996 3240/1829/1996 3241/1831/1997
f 3263/1830/1996 3241/1831/1997 3262/1832/1997
f 3262/1832/1997 3241/1831/1997 3242/1833/1998
f 3262/1832/1997 3242/1833/1998 3261/1834/1998
f 3261/1834/1998 3242/1833/1998 3243/1835/1999
f 3261/1834/1998 3243/1835/1999 3260/1836/1999
f 3260/1836/1999 3243/1835/1999 3244/1837/2000
f 3260/1836/1999 3244/1837/2000 3259/1838/2000
f 3259/1838/2000 3244/1837/2000 3245/1839/2001
f 3259/1838/2000 3245/1839/2001 3258/1840/2001
f 3258/1840/2001 3245/1839/2001 3246/1841/2002
f 3258/1840/2001 3246/1841/2002 3257/1842/2002
f 3257/1842/2002 3246/1841/2002 3247/1843/2003
f 3257/1842/2002 3247/1843/2003 3256/1844/2003
f 3256/1844/2003 3247/1843/2003 3248/1845/2004
f 3256/1844/2003 3248/1845/2004 3255/1846/2004
f 3255/1846/2004 3248/1845/2004 3249/1847/2005
f 3255/1846/2004 3249/1847/2005 3254/1848/2005
f 3254/1848/2005 3249/1847/2005 3250/1849/2006
f 3254/1848/2005 3250/1849/2006 3253/1850/2006
f 3253/1850/2006 3250/1849/2006 3251/1851/2007
f 3253/1850/2006 3251/1851/2007 3252/1852/2007
f 3252/1852/2007 3251/1851/2007 3202/13/1859
f 3202/13/1859 3251/1851/2007 3199/1853/1859
f 3201/1854/93 3236/1855/93 3202/1856/93
f 3202/1856/93 3236/1855/93 3252/1857/93
f 3252/1857/93 3236/1855/93 3235/1858/93
f 3252/1857/93 3235/1858/93 3265/1859/93
f 3265/1859/93 3235/1858/93 3234/1860/93
f 3265/1859/93 3234/1860/93 3233/1861/93
f 3233/1861/93 3232/1862/93 3265/1859/93
f 3265/1859/93 3232/1862/93 3255/1863/93
f 3265/1859/93 3255/1863/93 3254/1864/93
f 3255/1863/93 3232/1862/93 3268/1865/93
f 3268/1865/93 3232/1862/93 3231/1866/93
f 3268/1865/93 3231/1866/93 3230/1867/93
f 3230/1867/93 3229/1868/93 3268/1865/93
f 3268/1865/93 3229/1868/93 3258/1869/93
f 3268/1865/93 3258/1869/93 3257/1870/93
f 3229/1868/93 3228/1871/93 3258/1869/93
f 3258/1869/93 3228/1871/93 3259/1872/93
f 3259/1872/93 3228/1871/93 3227/1873/93
f 3259/1872/93 3227/1873/93 3266/1874/93
f 3266/1874/93 3227/1873/93 3226/1875/93
f 3266/1874/93 3226/1875/93 3225/1876/93
f 3224/1877/93 3262/1878/93 3225/1876/93
f 3225/1876/93 3262/1878/93 3261/1879/93
f 3225/1876/93 3261/1879/93 3266/1874/93
f 3266/1874/93 3261/1879/93 3260/1880/93
f 3266/1874/93 3260/1880/93 3259/1872/93
f 3262/1878/93 3224/1877/93 3267/1881/93
f 3267/1881/93 3224/1877/93 3223/1882/93
f 3267/1881/93 3223/1882/93 3222/1883/93
f 3222/1883/93 3221/1884/93 3267/1881/93
f 3267/1881/93 3221/1884/93 3238/1885/93
f 3267/1881/93 3238/1885/93 3264/1886/93
f 3221/1884/93 3220/1887/93 3238/1885/93
f 3264/1886/93 3263/1888/93 3267/1881/93
f 3267/1881/93 3263/1888/93 3262/1878/93
f 3257/1870/93 3256/1889/93 3268/1865/93
f 3268/1865/93 3256/1889/93 3255/1863/93
f 3254/1864/93 3253/1890/93 3265/1859/93
f 3265/1859/93 3253/1890/93 3252/1857/93
f 3219/1891/94 3218/1892/94 3237/1893/94
f 3237/1893/94 3218/1892/94 3271/1894/94
f 3237/1893/94 3271/1894/94 3239/1895/94
f 3239/1895/94 3271/1894/94 3240/1896/94
f 3240/1896/94 3271/1894/94 3241/1897/94
f 3241/1897/94 3271/1894/94 3215/1898/94
f 3241/1897/94 3215/1898/94 3214/1899/94
f 3218/1892/94 3217/1900/94 3271/1894/94
f 3271/1894/94 3217/1900/94 3216/1901/94
f 3271/1894/94 3216/1901/94 3215/1898/94
f 3213/1902/94 3272/1903/94 3214/1899/94
f 3214/1899/94 3272/1903/94 3242/1904/94
f 3214/1899/94 3242/1904/94 3241/1897/94
f 3213/1902/94 3212/1905/94 3272/1903/94
f 3272/1903/94 3212/1905/94 3244/1906/94
f 3272/1903/94 3244/1906/94 3243/1907/94
f 3212/1905/94 3211/1908/94 3244/1906/94
f 3244/1906/94 3211/1908/94 3245/1909/94
f 3245/1909/94 3211/1908/94 3210/1910/94
f 3245/1909/94 3210/1910/94 3270/1911/94
f 3270/1911/94 3210/1910/94 3209/1912/94
f 3270/1911/94 3209/1912/94 3208/1913/94
f 3208/1913/94 3207/1914/94 3270/1911/94
f 3270/1911/94 3207/1914/94 3248/1915/94
f 3270/1911/94 3248/1915/94 3247/1916/94
f 3248/1915/94 3207/1914/94 3269/1917/94
f 3269/1917/94 3207/1914/94 3206/1918/94
f 3269/1917/94 3206/1918/94 3205/1919/94
f 3205/1919/94 3204/1920/94 3269/1917/94
f 3269/1917/94 3204/1920/94 3251/1921/94
f 3269/1917/94 3251/1921/94 3250/1922/94
f 3204/1920/94 3203/1923/94 3251/1921/94
f 3251/1921/94 3203/1923/94 3199/1924/94
f 3199/1924/94 3203/1923/94 3200/1925/94
f 3250/1922/94 3249/1926/94 3269/1917/94
f 3269/1917/94 3249/1926/94 3248/1915/94
f 3247/1916/94 3246/1927/94 3270/1911/94
f 3270/1911/94 3246/1927/94 3245/1909/94
f 3243/1907/94 3242/1904/94 3272/1903/94
