# Blender 4.5.1 LTS
# www.blender.org
mtllib chair.mtl
o chair
v -12.536686 18.974981 73.500153
v -13.276351 18.769352 73.592781
v -14.005537 18.568073 73.840546
v -14.673809 18.387280 74.233353
v -15.240276 18.240917 74.739021
v -15.704719 18.132187 75.347519
v -16.059278 18.067144 76.057259
v -16.275547 18.055120 76.823296
v -16.345705 18.096512 77.592285
v -16.275547 18.189283 78.356781
v -16.059278 18.334146 79.109100
v -15.704719 18.521444 79.796761
v -15.240276 18.734188 80.377136
v -14.673809 18.966133 80.849701
v -14.005537 19.212393 81.205147
v -13.276351 19.453638 81.414192
v -12.536686 19.672228 81.469711
v -9.457063 20.425255 81.403831
v -0.017705 21.494986 81.310242
v -0.017705 20.797739 73.340683
v -9.457063 19.728010 73.434273
v -11.842938 17.099117 73.664268
v -12.583296 16.895721 73.756676
v -13.313068 16.696169 74.004242
v -13.981784 16.516542 74.396912
v -14.548552 16.370859 74.902504
v -15.013168 16.262474 75.510986
v -15.367821 16.197567 76.220734
v -15.584127 16.185574 76.986816
v -15.654295 16.226967 77.755852
v -15.584127 16.319744 78.520393
v -15.367821 16.464584 79.272751
v -15.013168 16.651752 79.960449
v -14.548552 16.864151 80.540863
v -13.981784 17.095417 81.013481
v -13.313068 17.340500 81.368996
v -12.583296 17.580011 81.578140
v -11.842938 17.796362 81.633827
v -5.975299 19.020271 81.526749
v 0.000000 19.502592 81.484550
v 5.975299 19.020271 81.526749
v 11.842938 17.796362 81.633827
v 12.536686 19.672228 81.469711
v 9.457063 20.425255 81.403831
v 0.017705 21.494986 81.310242
v 0.000000 21.495298 81.310211
v 11.842938 17.099117 73.664268
v 12.583296 16.895721 73.756676
v 13.313068 16.696169 74.004242
v 13.981784 16.516542 74.396912
v 14.548552 16.370859 74.902504
v 15.013168 16.262474 75.510986
v 15.367821 16.197567 76.220734
v 15.584127 16.185574 76.986816
v 15.654295 16.226967 77.755852
v 15.584127 16.319744 78.520393
v 15.367821 16.464584 79.272751
v 15.013168 16.651752 79.960449
v 14.548552 16.864151 80.540863
v 13.981784 17.095417 81.013481
v 13.313068 17.340500 81.368996
v 12.583296 17.580011 81.578140
v 0.000000 18.805347 73.514992
v 5.975299 18.323025 73.557190
v 16.345705 18.096512 77.592285
v 16.275547 18.189283 78.356781
v 16.059278 18.334146 79.109100
v 15.704719 18.521444 79.796761
v 15.240276 18.734188 80.377136
v 14.673809 18.966133 80.849701
v 14.005537 19.212393 81.205147
v 13.276351 19.453638 81.414192
v 12.536686 18.974981 73.500153
v 13.276351 18.769352 73.592781
v 14.005537 18.568073 73.840546
v 14.673809 18.387280 74.233353
v 15.240276 18.240917 74.739021
v 15.704719 18.132187 75.347519
v 16.059278 18.067144 76.057259
v 16.275547 18.055120 76.823296
v 0.017705 20.797739 73.340683
v -5.975299 18.323025 73.557190
v 9.457063 19.728010 73.434273
v -16.264330 18.962973 63.596264
v -17.023153 18.843603 63.681564
v -17.773596 18.733274 63.921795
v -18.463516 18.641029 64.307205
v -19.050014 18.573648 64.806030
v -19.532230 18.532362 65.408577
v -19.901152 18.520447 66.113426
v -20.126526 18.541521 66.876213
v -20.199696 18.593740 67.643845
v -20.126526 18.675613 68.408890
v -19.901152 18.787315 69.163742
v -19.532230 18.921444 69.855820
v -19.050014 19.066736 70.442039
v -18.463516 19.219713 70.921593
v -17.773596 19.377483 71.285126
v -17.023153 19.527851 71.502548
v -16.264330 19.660217 71.565819
v 0.001709 20.954817 71.452560
v 0.001709 20.257570 63.483002
v -15.864614 17.009127 63.767204
v -16.623537 16.890312 63.852451
v -17.374062 16.780415 64.092644
v -18.064043 16.688463 64.478020
v -18.650583 16.621254 64.976830
v -19.132824 16.580057 65.579369
v -19.501757 16.568178 66.284218
v -19.727135 16.589262 67.047005
v -19.800304 16.641481 67.814651
v -19.727135 16.723354 68.579697
v -19.501757 16.835049 69.334557
v -19.132824 16.969143 70.026634
v -18.650583 17.114346 70.612869
v -18.064043 17.267149 71.092430
v -17.374062 17.424623 71.455986
v -16.623537 17.574560 71.673439
v -15.864614 17.706373 71.736763
v -0.001709 18.265184 63.657314
v -0.001709 18.962429 71.626869
v 15.864614 17.009127 63.767204
v 16.623537 16.890312 63.852451
v 17.374062 16.780415 64.092644
v 18.064043 16.688463 64.478020
v 18.650583 16.621254 64.976830
v 19.132824 16.580057 65.579369
v 19.501757 16.568178 66.284218
v 19.727135 16.589262 67.047005
v 19.800304 16.641481 67.814651
v 19.727135 16.723354 68.579697
v 19.501757 16.835049 69.334557
v 19.132824 16.969143 70.026634
v 18.650583 17.114346 70.612869
v 18.064043 17.267149 71.092430
v 17.374062 17.424623 71.455986
v 16.623537 17.574560 71.673439
v 15.864614 17.706373 71.736763
v 16.264330 18.962973 63.596264
v 17.023153 18.843603 63.681564
v 17.773596 18.733274 63.921795
v 18.463516 18.641029 64.307205
v 19.050014 18.573648 64.806030
v 19.532230 18.532362 65.408577
v 19.901152 18.520447 66.113426
v 20.126526 18.541521 66.876213
v 20.199696 18.593740 67.643845
v 20.126526 18.675613 68.408890
v 19.901152 18.787315 69.163742
v 19.532230 18.921444 69.855820
v 19.050014 19.066736 70.442039
v 18.463516 19.219713 70.921593
v 17.773596 19.377483 71.285126
v 17.023153 19.527851 71.502548
v 16.264330 19.660217 71.565819
v -16.264330 17.962971 53.596264
v -17.023153 17.843601 53.681564
v -17.773596 17.733273 53.921795
v -18.463516 17.641027 54.307201
v -19.050014 17.573647 54.806030
v -19.532230 17.532360 55.408577
v -19.901152 17.520445 56.113430
v -20.126526 17.541519 56.876213
v -20.199696 17.593739 57.643848
v -20.126526 17.675611 58.408890
v -19.901152 17.787313 59.163742
v -19.532230 17.921442 59.855820
v -19.050014 18.066734 60.442043
v -18.463516 18.219711 60.921593
v -17.773596 18.377481 61.285126
v -17.023153 18.527849 61.502548
v -16.264330 18.660215 61.565823
v 0.001709 19.954815 61.452560
v 0.001709 19.257568 53.483002
v -15.864614 16.009125 53.767204
v -16.623537 15.890310 53.852451
v -17.374062 15.780413 54.092640
v -18.064043 15.688460 54.478016
v -18.650583 15.621253 54.976826
v -19.132824 15.580055 55.579369
v -19.501757 15.568177 56.284222
v -19.727135 15.589261 57.047009
v -19.800304 15.641479 57.814648
v -19.727135 15.723352 58.579693
v -19.501757 15.835048 59.334557
v -19.132824 15.969142 60.026634
v -18.650583 16.114344 60.612869
v -18.064043 16.267147 61.092430
v -17.374062 16.424622 61.455986
v -16.623537 16.574558 61.673439
v -15.864614 16.706371 61.736763
v -0.001709 17.265182 53.657314
v -0.001709 17.962427 61.626869
v 15.864614 16.009125 53.767204
v 16.623537 15.890310 53.852451
v 17.374062 15.780413 54.092640
v 18.064043 15.688460 54.478016
v 18.650583 15.621253 54.976826
v 19.132824 15.580055 55.579369
v 19.501757 15.568177 56.284222
v 19.727135 15.589261 57.047009
v 19.800304 15.641479 57.814648
v 19.727135 15.723352 58.579693
v 19.501757 15.835048 59.334557
v 19.132824 15.969142 60.026634
v 18.650583 16.114344 60.612869
v 18.064043 16.267147 61.092430
v 17.374062 16.424622 61.455986
v 16.623537 16.574558 61.673439
v 15.864614 16.706371 61.736763
v 16.264330 17.962971 53.596264
v 17.023153 17.843601 53.681564
v 17.773596 17.733273 53.921795
v 18.463516 17.641027 54.307201
v 19.050014 17.573647 54.806030
v 19.532230 17.532360 55.408577
v 19.901152 17.520445 56.113430
v 20.126526 17.541519 56.876213
v 20.199696 17.593739 57.643848
v 20.126526 17.675611 58.408890
v 19.901152 17.787313 59.163742
v 19.532230 17.921442 59.855820
v 19.050014 18.066734 60.442043
v 18.463516 18.219711 60.921593
v 17.773596 18.377481 61.285126
v 17.023153 18.527849 61.502548
v 16.264330 18.660215 61.565823
v 0.000000 -40.000000 12.000003
v 2.828427 -39.899876 12.000003
v 2.828427 -40.000000 12.000003
v -2.828427 -39.899876 12.000003
v -2.828427 -40.000000 12.000003
v 2.499431 -40.000000 12.659173
v 2.019706 -40.000000 13.218287
v 1.418183 -40.000000 13.643628
v 0.731137 -40.000000 13.909546
v 0.000000 -40.000000 14.000003
v -0.731137 -40.000000 13.909546
v -1.418183 -40.000000 13.643628
v -2.019706 -40.000000 13.218287
v -2.499431 -40.000000 12.659173
v 2.828427 -33.882149 12.000003
v 12.959248 -37.842541 12.000003
v 22.224503 -33.257652 12.000003
v 26.335730 -30.106964 12.000002
v 26.727077 -29.674170 12.000002
v 27.007442 -29.162449 12.000002
v 27.161552 -28.599674 12.000002
v 27.181013 -28.016506 12.000002
v 27.064764 -27.444710 12.000002
v 26.819138 -26.915436 12.000002
v 26.457514 -26.457514 12.000002
v 25.748787 -25.748787 12.000002
v 25.255672 -25.365911 12.000002
v 24.683069 -25.117151 12.000002
v 24.066687 -25.018023 12.000002
v 23.444962 -25.074701 12.000002
v 22.856665 -25.283657 12.000002
v 22.338484 -25.631859 12.000002
v 18.920177 -28.249371 12.000002
v 11.233098 -32.090771 12.000003
v -2.828427 -33.882149 12.000003
v -11.233098 -32.090771 12.000003
v -15.198490 -30.413910 12.000002
v -18.920177 -28.249371 12.000002
v -22.338484 -25.631859 12.000002
v -22.856665 -25.283657 12.000002
v -23.444962 -25.074701 12.000002
v -24.066687 -25.018023 12.000002
v -24.683069 -25.117151 12.000002
v -25.255672 -25.365911 12.000002
v -25.748787 -25.748787 12.000002
v -26.457514 -26.457514 12.000002
v -26.819138 -26.915436 12.000002
v -27.064764 -27.444710 12.000002
v -27.181013 -28.016506 12.000002
v -27.161552 -28.599674 12.000002
v -27.007442 -29.162449 12.000002
v -26.727077 -29.674170 12.000002
v -26.335730 -30.106964 12.000002
v -22.224503 -33.257652 12.000003
v -12.959248 -37.842541 12.000003
v -2.958017 -33.871082 11.500069
v -3.000000 -33.867390 11.000003
v -2.958017 -33.871082 10.499937
v -2.828427 -33.882149 10.000003
v -11.233098 -32.090771 10.000003
v -15.198490 -30.413910 10.000002
v -18.920177 -28.249371 10.000002
v -22.338484 -25.631859 10.000002
v 26.335730 -30.106964 10.000002
v 26.727077 -29.674170 10.000002
v 27.007442 -29.162449 10.000002
v 27.161552 -28.599674 10.000002
v 27.181013 -28.016506 10.000002
v 27.064764 -27.444710 10.000002
v 26.819138 -26.915436 10.000002
v 26.457514 -26.457514 10.000002
v 25.748787 -25.748787 10.000002
v 2.828427 -39.000000 10.000003
v 2.828427 -33.882149 10.000003
v 11.233098 -32.090771 10.000003
v 18.920177 -28.249371 10.000002
v 22.338484 -25.631859 10.000002
v 22.856665 -25.283657 10.000002
v 23.444962 -25.074701 10.000002
v 24.066687 -25.018023 10.000002
v 24.683069 -25.117151 10.000002
v 25.255672 -25.365911 10.000002
v 22.188339 -33.281792 10.000003
v 12.835775 -37.884602 10.000003
v 2.611530 -39.914658 10.000003
v -2.611530 -39.914658 10.000003
v -12.835775 -37.884602 10.000003
v -22.188339 -33.281792 10.000003
v -26.335730 -30.106964 10.000002
v -26.727077 -29.674170 10.000002
v -27.007442 -29.162449 10.000002
v -27.161552 -28.599674 10.000002
v -27.181013 -28.016506 10.000002
v -27.064764 -27.444710 10.000002
v -26.819138 -26.915436 10.000002
v -26.457514 -26.457514 10.000002
v -25.748787 -25.748787 10.000002
v -25.255672 -25.365911 10.000002
v -24.683069 -25.117151 10.000002
v -24.066687 -25.018023 10.000002
v -23.444962 -25.074701 10.000002
v -22.856665 -25.283657 10.000002
v -2.828427 -39.000000 10.000003
v 2.958017 -33.871082 10.499937
v 3.000000 -33.867390 11.000003
v 2.958017 -33.871082 11.500069
v 2.499431 -39.000000 9.340833
v 2.019706 -39.000000 8.781718
v 1.418183 -39.000000 8.356378
v 0.731137 -39.000000 8.090460
v 0.000000 -39.000000 8.000003
v -0.731137 -39.000000 8.090460
v -1.418183 -39.000000 8.356378
v -2.019706 -39.000000 8.781718
v -2.499431 -39.000000 9.340833
v -3.000000 0.000001 11.000000
v -2.942356 -0.585270 10.414729
v -2.771639 -1.148049 9.851950
v -2.494409 -1.666710 9.333289
v -2.121320 -2.121319 8.878680
v -1.666711 -2.494408 8.505591
v -1.148050 -2.771638 8.228361
v -0.585271 -2.942355 8.057644
v 0.000000 -2.999999 8.000000
v 0.585271 -2.942355 8.057644
v 1.148050 -2.771638 8.228361
v 1.666711 -2.494408 8.505591
v 2.121320 -2.121319 8.878680
v 2.494409 -1.666710 9.333289
v 2.771639 -1.148049 9.851950
v 2.942356 -0.585270 10.414729
v 3.000000 0.000001 11.000000
v 2.942356 -0.585270 11.585271
v 2.771639 -1.148049 12.148050
v 2.494409 -1.666710 12.666711
v 2.121320 -2.121319 13.121320
v 1.666711 -2.494408 13.494409
v 1.148050 -2.771638 13.771639
v 0.585271 -2.942355 13.942356
v 0.000000 -2.999999 14.000000
v -0.585271 -2.942355 13.942356
v -1.148050 -2.771638 13.771639
v -1.666711 -2.494408 13.494409
v -2.121320 -2.121319 13.121320
v -2.494409 -1.666710 12.666711
v -2.771639 -1.148049 12.148050
v -2.942356 -0.585270 11.585271
v 20.250000 0.000003 45.500000
v 19.905205 -3.720925 45.500000
v 18.882563 -7.315141 45.500000
v 17.216896 -10.660247 45.500000
v 14.964931 -13.642333 45.500000
v 12.203351 -16.159845 45.500000
v 9.026202 -18.127052 45.500000
v 5.541676 -19.476965 45.500000
v 1.868434 -20.163612 45.500000
v -1.868434 -20.163612 45.500000
v -5.541676 -19.476965 45.500000
v -9.026202 -18.127052 45.500000
v -12.203351 -16.159845 45.500000
v -14.964931 -13.642333 45.500000
v -17.216896 -10.660247 45.500000
v -18.882563 -7.315141 45.500000
v -19.905205 -3.720925 45.500000
v -20.250000 0.000003 45.500000
v -19.905205 3.720931 45.500000
v -18.882563 7.315147 45.500000
v -17.216896 10.660254 45.500000
v -14.964931 13.642341 45.500000
v -12.203351 16.159853 45.500000
v -9.026202 18.127060 45.500000
v -5.541676 19.476973 45.500000
v -1.868434 20.163620 45.500000
v 1.868434 20.163620 45.500000
v 5.541676 19.476973 45.500000
v 9.026202 18.127060 45.500000
v 12.203351 16.159853 45.500000
v 14.964931 13.642341 45.500000
v 17.216896 10.660254 45.500000
v 18.882563 7.315147 45.500000
v 19.905205 3.720931 45.500000
v 5.000000 0.000003 45.500000
v 4.829629 1.294098 45.500000
v 4.330127 2.500003 45.500000
v 3.535534 3.535537 45.500000
v 2.500000 4.330130 45.500000
v 1.294095 4.829632 45.500000
v 0.000000 5.000003 45.500000
v -1.294095 4.829632 45.500000
v -2.500000 4.330130 45.500000
v -3.535534 3.535537 45.500000
v -4.330127 2.500003 45.500000
v -4.829629 1.294098 45.500000
v -5.000000 0.000003 45.500000
v -4.829629 -1.294092 45.500000
v -4.330127 -2.499997 45.500000
v -3.535534 -3.535531 45.500000
v -2.500000 -4.330123 45.500000
v -1.294095 -4.829626 45.500000
v 0.000000 -4.999997 45.500000
v 1.294095 -4.829626 45.500000
v 2.500000 -4.330123 45.500000
v 3.535534 -3.535531 45.500000
v 4.330127 -2.499997 45.500000
v 4.829629 -1.294092 45.500000
v 20.250000 0.000004 46.799999
v 19.905205 -3.720924 46.799999
v 18.882563 -7.315141 46.799999
v 17.216896 -10.660247 46.799999
v 14.964931 -13.642333 46.799999
v 12.203351 -16.159845 46.799999
v 9.026202 -18.127052 46.799999
v 5.541676 -19.476965 46.799999
v 1.868434 -20.163612 46.799999
v -1.868434 -20.163612 46.799999
v -5.541676 -19.476965 46.799999
v -9.026202 -18.127052 46.799999
v -12.203351 -16.159845 46.799999
v -14.964931 -13.642333 46.799999
v -17.216896 -10.660247 46.799999
v -18.882563 -7.315141 46.799999
v -19.905205 -3.720924 46.799999
v -20.250000 0.000004 46.799999
v -19.905205 3.720932 46.799999
v -18.882563 7.315147 46.799999
v -17.216896 10.660254 46.799999
v -14.964931 13.642341 46.799999
v -12.203351 16.159853 46.799999
v -9.026202 18.127060 46.799999
v -5.541676 19.476973 46.799999
v -1.868434 20.163620 46.799999
v 1.868434 20.163620 46.799999
v 5.541676 19.476973 46.799999
v 9.026202 18.127060 46.799999
v 12.203351 16.159853 46.799999
v 14.964931 13.642341 46.799999
v 17.216896 10.660254 46.799999
v 18.882563 7.315147 46.799999
v 19.905205 3.720932 46.799999
v 5.000000 0.000002 29.000000
v 4.829629 -1.294093 29.000000
v 4.330127 -2.499998 29.000000
v 3.535534 -3.535532 29.000000
v 2.500000 -4.330124 29.000000
v 1.294095 -4.829627 29.000000
v 0.000000 -4.999998 29.000000
v -1.294095 -4.829627 29.000000
v -2.500000 -4.330124 29.000000
v -3.535534 -3.535532 29.000000
v -4.330127 -2.499998 29.000000
v -4.829629 -1.294093 29.000000
v -5.000000 0.000002 29.000000
v -4.829629 1.294097 29.000000
v -4.330127 2.500002 29.000000
v -3.535534 3.535536 29.000000
v -2.500000 4.330129 29.000000
v -1.294095 4.829631 29.000000
v 0.000000 5.000002 29.000000
v 1.294095 4.829631 29.000000
v 2.500000 4.330129 29.000000
v 3.535534 3.535536 29.000000
v 4.330127 2.500002 29.000000
v 4.829629 1.294097 29.000000
v 3.000000 0.000002 29.000000
v 2.897777 0.776459 29.000000
v 2.598076 1.500002 29.000000
v 2.121320 2.121322 29.000000
v 1.500000 2.598078 29.000000
v 0.776457 2.897779 29.000000
v 0.000000 3.000002 29.000000
v -0.776457 2.897779 29.000000
v -1.500000 2.598078 29.000000
v -2.121320 2.121322 29.000000
v -2.598076 1.500002 29.000000
v -2.897777 0.776459 29.000000
v -3.000000 0.000002 29.000000
v -2.897777 -0.776455 29.000000
v -2.598076 -1.499998 29.000000
v -2.121320 -2.121318 29.000000
v -1.500000 -2.598074 29.000000
v -0.776457 -2.897775 29.000000
v 0.000000 -2.999998 29.000000
v 0.776457 -2.897775 29.000000
v 1.500000 -2.598074 29.000000
v 2.121320 -2.121318 29.000000
v 2.598076 -1.499998 29.000000
v 2.897777 -0.776455 29.000000
v 3.000000 0.000000 6.000000
v 2.897777 0.776457 6.000000
v 2.598076 1.500000 6.000000
v 2.121320 2.121320 6.000000
v 1.500000 2.598077 6.000000
v 0.776457 2.897778 6.000000
v 0.000000 3.000000 6.000000
v -0.776457 2.897778 6.000000
v -1.500000 2.598077 6.000000
v -2.121320 2.121320 6.000000
v -2.598076 1.500000 6.000000
v -2.897777 0.776457 6.000000
v -3.000000 0.000000 6.000000
v -2.897777 -0.776457 6.000000
v -2.598076 -1.500000 6.000000
v -2.121320 -2.121320 6.000000
v -1.500000 -2.598076 6.000000
v -0.776457 -2.897777 6.000000
v 0.000000 -3.000000 6.000000
v 0.776457 -2.897777 6.000000
v 1.500000 -2.598076 6.000000
v 2.121320 -2.121320 6.000000
v 2.598076 -1.500000 6.000000
v 2.897777 -0.776457 6.000000
v -3.000000 0.000001 17.500000
v 20.000000 0.000004 50.799999
v 19.776617 2.980849 50.799999
v 19.111456 5.895107 50.799999
v 18.019377 8.677679 50.799999
v 16.524775 11.266405 50.799999
v 14.661037 13.603458 50.799999
v 12.469796 15.636634 50.799999
v 10.000000 17.320511 50.799999
v 7.306820 18.617479 50.799999
v 4.450419 19.498562 50.799999
v 1.494602 19.944080 50.799999
v -1.494602 19.944080 50.799999
v -4.450419 19.498562 50.799999
v -7.306820 18.617479 50.799999
v -10.000000 17.320511 50.799999
v -12.469796 15.636634 50.799999
v -14.661037 13.603458 50.799999
v -16.524775 11.266405 50.799999
v -18.019377 8.677679 50.799999
v -19.111456 5.895107 50.799999
v -19.776617 2.980849 50.799999
v -20.000000 0.000004 50.799999
v -19.776617 -2.980841 50.799999
v -19.111456 -5.895099 50.799999
v -18.019377 -8.677671 50.799999
v -16.524775 -11.266397 50.799999
v -14.661037 -13.603451 50.799999
v -12.469796 -15.636626 50.799999
v -10.000000 -17.320503 50.799999
v -7.306820 -18.617472 50.799999
v -4.450419 -19.498554 50.799999
v -1.494602 -19.944073 50.799999
v 1.494602 -19.944073 50.799999
v 4.450419 -19.498554 50.799999
v 7.306820 -18.617472 50.799999
v 10.000000 -17.320503 50.799999
v 12.469796 -15.636626 50.799999
v 14.661037 -13.603451 50.799999
v 16.524775 -11.266397 50.799999
v 18.019377 -8.677671 50.799999
v 19.111456 -5.895099 50.799999
v 19.776617 -2.980841 50.799999
v 19.500000 0.000004 51.299999
v 19.282202 -2.906320 51.299999
v 18.633671 -5.747722 51.299999
v 17.568893 -8.460730 51.299999
v 16.111656 -10.984737 51.299999
v 14.294512 -13.263364 51.299999
v 12.158051 -15.245710 51.299999
v 9.750000 -16.887491 51.299999
v 7.124150 -18.152035 51.299999
v 4.339158 -19.011089 51.299999
v 1.457237 -19.445471 51.299999
v -1.457237 -19.445471 51.299999
v -4.339158 -19.011089 51.299999
v -7.124150 -18.152035 51.299999
v -9.750000 -16.887491 51.299999
v -12.158051 -15.245710 51.299999
v -14.294512 -13.263364 51.299999
v -16.111656 -10.984737 51.299999
v -17.568893 -8.460730 51.299999
v -18.633671 -5.747722 51.299999
v -19.282202 -2.906320 51.299999
v -19.500000 0.000004 51.299999
v -19.282202 2.906328 51.299999
v -18.633671 5.747730 51.299999
v -17.568893 8.460737 51.299999
v -16.111656 10.984745 51.299999
v -14.294512 13.263371 51.299999
v -12.158051 15.245718 51.299999
v -9.750000 16.887499 51.299999
v -7.124150 18.152042 51.299999
v -4.339158 19.011097 51.299999
v -1.457237 19.445478 51.299999
v 1.457237 19.445478 51.299999
v 4.339158 19.011097 51.299999
v 7.124150 18.152042 51.299999
v 9.750000 16.887499 51.299999
v 12.158051 15.245718 51.299999
v 14.294512 13.263371 51.299999
v 16.111656 10.984745 51.299999
v 17.568893 8.460737 51.299999
v 18.633671 5.747730 51.299999
v 19.282202 2.906328 51.299999
v -19.982964 0.000004 50.929409
v -19.933014 0.000004 51.049999
v -19.853554 0.000004 51.153553
v -19.750000 0.000004 51.233013
v -19.629410 0.000004 51.282963
v 19.805191 1.384918 51.153553
v 19.701891 1.377694 51.233013
v 19.581593 1.369282 51.282963
v 19.581593 -1.369274 51.282963
v 19.701891 -1.377686 51.233013
v 19.805191 -1.384910 51.153553
v 19.884457 -1.390453 51.049999
v 19.934284 -1.393937 50.929409
v 19.546288 4.154696 50.929409
v 19.497429 4.144310 51.049999
v 19.419706 4.127790 51.153553
v 19.318415 4.106260 51.233013
v 19.200460 4.081188 51.282963
v 18.730906 6.817496 51.049999
v 18.656239 6.790319 51.153553
v 18.558929 6.754902 51.233013
v 18.445610 6.713657 51.282963
v 17.643909 9.381436 50.929409
v 17.599806 9.357986 51.049999
v 17.529648 9.320683 51.153553
v 17.438215 9.272067 51.233013
v 17.331739 9.215454 51.282963
v 16.126146 11.716334 51.049999
v 16.061863 11.669630 51.153553
v 15.978086 11.608763 51.233013
v 15.880526 11.537881 51.282963
v 14.374541 13.881336 50.929409
v 14.338609 13.846638 51.049999
v 14.281451 13.791441 51.153553
v 14.206961 13.719507 51.233013
v 14.120216 13.635737 51.282963
v 12.302740 15.746794 50.929409
v 12.271988 15.707432 51.049999
v 12.223068 15.644817 51.153553
v 12.159314 15.563216 51.233013
v 12.085071 15.468190 51.282963
v 7.485750 18.527885 50.929409
v 7.467038 18.481571 51.049999
v 7.437272 18.407898 51.153553
v 7.398480 18.311884 51.233013
v 7.353306 18.200075 51.282963
v 9.814705 16.999571 51.282963
v 9.875000 17.104006 51.233013
v 9.926777 17.193686 51.153553
v 4.834316 19.389387 50.929409
v 4.822232 19.340921 51.049999
v 4.803009 19.263823 51.153553
v 4.777957 19.163345 51.233013
v 4.748784 19.046335 51.282963
v 2.088788 19.873497 50.929409
v 2.083567 19.823822 51.049999
v 2.075261 19.744799 51.153553
v 2.064437 19.641811 51.233013
v 2.051832 19.521881 51.282963
v -0.695652 19.920874 51.049999
v -0.692879 19.841463 51.153553
v -0.689265 19.737972 51.233013
v -0.685057 19.617456 51.282963
v -3.470005 19.679380 50.929409
v -3.461331 19.630188 51.049999
v -3.447533 19.551937 51.153553
v -3.429552 19.449957 51.233013
v -3.408611 19.331200 51.282963
v -6.159640 18.957426 51.049999
v -6.135085 18.881855 51.153553
v -6.103086 18.783369 51.233013
v -6.065821 18.668682 51.282963
v -8.759954 17.960571 50.929409
v -8.738058 17.915676 51.049999
v -8.703225 17.844259 51.153553
v -8.657830 17.751186 51.233013
v -8.604967 17.642799 51.282963
v -11.146399 16.525219 51.049999
v -11.101966 16.459345 51.153553
v -11.044060 16.373495 51.233013
v -10.976627 16.273521 51.282963
v -13.371212 14.850239 50.929409
v -13.337789 14.813119 51.049999
v -13.284620 14.754068 51.153553
v -13.215329 14.677114 51.233013
v -13.134639 14.587498 51.282963
v -15.269574 12.812697 51.049999
v -15.208704 12.761621 51.153553
v -15.129378 12.695059 51.233013
v -15.037000 12.617545 51.282963
v -16.946514 10.589361 50.929409
v -16.904154 10.562891 51.049999
v -16.836767 10.520783 51.153553
v -16.748949 10.465909 51.233013
v -16.646683 10.402006 51.282963
v -18.209713 8.107491 51.049999
v -18.137123 8.075171 51.153553
v -18.042522 8.033052 51.233013
v -17.932358 7.984004 51.282963
v -19.208857 5.508055 50.929409
v -19.160843 5.494287 51.049999
v -19.084459 5.472385 51.153553
v -18.984919 5.443842 51.233013
v -18.868999 5.410603 51.282963
v -19.788490 2.781095 50.929409
v -19.739025 2.774143 51.049999
v -19.660339 2.763085 51.153553
v -19.557795 2.748673 51.233013
v -19.438377 2.731890 51.282963
v -19.788490 -2.781087 50.929409
v -19.660339 -2.763077 51.153553
v -19.557795 -2.748665 51.233013
v -19.438377 -2.731882 51.282963
v -19.208857 -5.508047 50.929409
v -19.160843 -5.494279 51.049999
v -19.084459 -5.472377 51.153553
v -18.984919 -5.443834 51.233013
v -18.868999 -5.410595 51.282963
v -18.137123 -8.075164 51.153553
v -18.042522 -8.033045 51.233013
v -17.932358 -7.983996 51.282963
v -16.946514 -10.589354 50.929409
v -16.904154 -10.562883 51.049999
v -16.836767 -10.520776 51.153553
v -16.748949 -10.465901 51.233013
v -16.646683 -10.401999 51.282963
v -15.208704 -12.761614 51.153553
v -15.129378 -12.695051 51.233013
v -15.037000 -12.617537 51.282963
v -13.371212 -14.850231 50.929409
v -13.337789 -14.813111 51.049999
v -13.284620 -14.754061 51.153553
v -13.215329 -14.677106 51.233013
v -13.134639 -14.587490 51.282963
v -11.101966 -16.459337 51.153553
v -11.044060 -16.373487 51.233013
v -10.976627 -16.273514 51.282963
v -8.759954 -17.960564 50.929409
v -8.738058 -17.915668 51.049999
v -8.703225 -17.844252 51.153553
v -8.657830 -17.751179 51.233013
v -8.604967 -17.642792 51.282963
v -6.135085 -18.881847 51.153553
v -6.103086 -18.783361 51.233013
v -6.065821 -18.668674 51.282963
v -3.470005 -19.679373 50.929409
v -3.461331 -19.630180 51.049999
v -3.447533 -19.551929 51.153553
v -3.429552 -19.449949 51.233013
v -3.408611 -19.331192 51.282963
v -0.695652 -19.920866 51.049999
v -0.692879 -19.841455 51.153553
v -0.689265 -19.737965 51.233013
v -0.685057 -19.617449 51.282963
v 2.088788 -19.873489 50.929409
v 2.083567 -19.823814 51.049999
v 2.075261 -19.744791 51.153553
v 2.064437 -19.641804 51.233013
v 2.051832 -19.521873 51.282963
v 4.834316 -19.389380 50.929409
v 4.822232 -19.340914 51.049999
v 4.803009 -19.263815 51.153553
v 4.777957 -19.163338 51.233013
v 4.748784 -19.046328 51.282963
v 7.485750 -18.527878 50.929409
v 7.467038 -18.481564 51.049999
v 7.437272 -18.407890 51.153553
v 7.398480 -18.311876 51.233013
v 7.353306 -18.200068 51.282963
v 12.302740 -15.746786 50.929409
v 12.271988 -15.707424 51.049999
v 12.223068 -15.644810 51.153553
v 12.159314 -15.563209 51.233013
v 12.085071 -15.468183 51.282963
v 9.814705 -16.999563 51.282963
v 9.875000 -17.103998 51.233013
v 9.926777 -17.193678 51.153553
v 14.374541 -13.881329 50.929409
v 14.281451 -13.791433 51.153553
v 14.206961 -13.719500 51.233013
v 14.120216 -13.635730 51.282963
v 16.166557 -11.745687 50.929409
v 16.126146 -11.716327 51.049999
v 16.061863 -11.669622 51.153553
v 15.978086 -11.608755 51.233013
v 15.880526 -11.537873 51.282963
v 17.529648 -9.320675 51.153553
v 17.438215 -9.272059 51.233013
v 17.331739 -9.215446 51.282963
v 18.777843 -6.834572 50.929409
v 18.730906 -6.817488 51.049999
v 18.656239 -6.790311 51.153553
v 18.558929 -6.754894 51.233013
v 18.445610 -6.713649 51.282963
v 19.419706 -4.127782 51.153553
v 19.318415 -4.106252 51.233013
v 19.200460 -4.081180 51.282963
v 20.000000 0.000004 46.799999
v 19.776617 2.980849 46.799999
v 19.111456 5.895106 46.799999
v 18.019377 8.677679 46.799999
v 16.524775 11.266405 46.799999
v 14.661037 13.603458 46.799999
v 12.469796 15.636634 46.799999
v 10.000000 17.320511 46.799999
v 7.306820 18.617479 46.799999
v 4.450419 19.498562 46.799999
v 1.494602 19.944080 46.799999
v -1.494602 19.944080 46.799999
v -4.450419 19.498562 46.799999
v -7.306820 18.617479 46.799999
v -10.000000 17.320511 46.799999
v -12.469796 15.636634 46.799999
v -14.661037 13.603458 46.799999
v -16.524775 11.266405 46.799999
v -18.019377 8.677679 46.799999
v -19.111456 5.895106 46.799999
v -19.776617 2.980849 46.799999
v -20.000000 0.000004 46.799999
v -19.776617 -2.980841 46.799999
v -19.111456 -5.895100 46.799999
v -18.019377 -8.677671 46.799999
v -16.524775 -11.266397 46.799999
v -14.661037 -13.603451 46.799999
v -12.469796 -15.636626 46.799999
v -10.000000 -17.320503 46.799999
v -7.306820 -18.617472 46.799999
v -4.450419 -19.498554 46.799999
v -1.494602 -19.944073 46.799999
v 1.494602 -19.944073 46.799999
v 4.450419 -19.498554 46.799999
v 7.306820 -18.617472 46.799999
v 10.000000 -17.320503 46.799999
v 12.469796 -15.636626 46.799999
v 14.661037 -13.603451 46.799999
v 16.524775 -11.266397 46.799999
v 18.019377 -8.677671 46.799999
v 19.111456 -5.895100 46.799999
v 19.776617 -2.980841 46.799999
v 1.500000 -2.999998 31.500000
v 1.500000 -2.999997 41.500000
v 1.500000 -4.999997 41.500000
v 1.500000 -4.999998 31.500000
v -1.500000 -2.999998 31.500000
v -1.448889 -2.999998 31.111771
v -1.299038 -2.999998 30.750000
v -1.060660 -2.999998 30.439341
v -0.750000 -2.999998 30.200962
v -0.388229 -2.999998 30.051111
v 0.000000 -2.999998 30.000000
v 0.388229 -2.999998 30.051111
v 0.750000 -2.999998 30.200962
v 1.060660 -2.999998 30.439341
v 1.299038 -2.999998 30.750000
v 1.448889 -2.999998 31.111771
v 1.448889 -4.999998 31.111771
v 1.299038 -4.999998 30.750000
v 1.060660 -4.999998 30.439341
v 0.750000 -4.999998 30.200962
v 0.388229 -4.999998 30.051111
v 0.000000 -4.999998 30.000000
v -0.388229 -4.999998 30.051111
v -0.750000 -4.999998 30.200962
v -1.060660 -4.999998 30.439341
v -1.299038 -4.999998 30.750000
v -1.448889 -4.999998 31.111771
v -1.500000 -4.999998 31.500000
v -1.500000 -2.999997 41.500000
v -1.500000 -4.999997 41.500000
v 1.448889 -2.999997 41.888229
v 1.299038 -2.999997 42.250000
v 1.060660 -2.999997 42.560661
v 0.750000 -2.999997 42.799038
v 0.388229 -2.999997 42.948891
v 0.000000 -2.999997 43.000000
v -0.388229 -2.999997 42.948891
v -0.750000 -2.999997 42.799038
v -1.060660 -2.999997 42.560661
v -1.299038 -2.999997 42.250000
v -1.448889 -2.999997 41.888229
v -1.448889 -4.999997 41.888229
v -1.299038 -4.999997 42.250000
v -1.060660 -4.999997 42.560661
v -0.750000 -4.999997 42.799038
v -0.388229 -4.999997 42.948891
v 0.000000 -4.999997 43.000000
v 0.388229 -4.999997 42.948891
v 0.750000 -4.999997 42.799038
v 1.060660 -4.999997 42.560661
v 1.299038 -4.999997 42.250000
v 1.448889 -4.999997 41.888229
v 3.200000 19.000004 50.000000
v 3.189365 19.000004 50.121555
v 3.157785 19.000004 50.239414
v 3.106218 19.000004 50.349998
v 3.036231 19.000004 50.449951
v 2.949951 19.000004 50.536232
v 2.850000 19.000004 50.606216
v 2.739414 19.000004 50.657784
v 2.621554 19.000004 50.689365
v 2.500000 19.000004 50.700001
v 2.378446 19.000004 50.689365
v 2.260586 19.000004 50.657784
v 2.150000 19.000004 50.606216
v 2.050049 19.000004 50.536232
v 1.963769 19.000004 50.449951
v 1.893782 19.000004 50.349998
v 1.842215 19.000004 50.239414
v 1.810635 19.000004 50.121555
v 1.800000 19.000004 50.000000
v 1.810635 19.000004 49.878445
v 1.842215 19.000004 49.760586
v 1.893782 19.000004 49.650002
v 1.963769 19.000004 49.550049
v 2.050049 19.000004 49.463768
v 2.150000 19.000004 49.393784
v 2.260586 19.000004 49.342216
v 2.378446 19.000004 49.310635
v 2.500000 19.000004 49.299999
v 2.621554 19.000004 49.310635
v 2.739414 19.000004 49.342216
v 2.850000 19.000004 49.393784
v 2.949951 19.000004 49.463768
v 3.036231 19.000004 49.550049
v 3.106218 19.000004 49.650002
v 3.157785 19.000004 49.760586
v 3.189365 19.000004 49.878445
v 3.200000 21.000004 50.000000
v 3.189365 21.000004 49.878445
v 3.157785 21.000004 49.760586
v 3.106218 21.000004 49.650002
v 3.036231 21.000004 49.550049
v 2.949951 21.000004 49.463768
v 2.850000 21.000004 49.393784
v 2.739414 21.000004 49.342216
v 2.621554 21.000004 49.310635
v 2.500000 21.000004 49.299999
v 2.378446 21.000004 49.310635
v 2.260586 21.000004 49.342216
v 2.150000 21.000004 49.393784
v 2.050049 21.000004 49.463768
v 1.963769 21.000004 49.550049
v 1.893782 21.000004 49.650002
v 1.842215 21.000004 49.760586
v 1.810635 21.000004 49.878445
v 1.800000 21.000004 50.000000
v 1.810635 21.000004 50.121555
v 1.842215 21.000004 50.239414
v 1.893782 21.000004 50.349998
v 1.963769 21.000004 50.449951
v 2.050049 21.000004 50.536232
v 2.150000 21.000004 50.606216
v 2.260586 21.000004 50.657784
v 2.378446 21.000004 50.689365
v 2.500000 21.000004 50.700001
v 2.621554 21.000004 50.689365
v 2.739414 21.000004 50.657784
v 2.850000 21.000004 50.606216
v 2.949951 21.000004 50.536232
v 3.036231 21.000004 50.449951
v 3.106218 21.000004 50.349998
v 3.157785 21.000004 50.239414
v 3.189365 21.000004 50.121555
v 3.200000 19.000004 50.000000
v 3.176148 19.000004 50.181171
v 3.106218 19.000004 50.349998
v 2.994975 19.000004 50.494976
v 2.850000 19.000004 50.606216
v 2.681173 19.000004 50.676147
v 2.500000 19.000004 50.700001
v 2.318827 19.000004 50.676147
v 2.150000 19.000004 50.606216
v 2.005025 19.000004 50.494976
v 1.893782 19.000004 50.349998
v 1.823852 19.000004 50.181171
v 1.800000 19.000004 50.000000
v 1.823852 19.000004 49.818829
v 1.893782 19.000004 49.650002
v 2.005025 19.000004 49.505024
v 2.150000 19.000004 49.393784
v 2.318827 19.000004 49.323853
v 2.500000 19.000004 49.299999
v 2.681173 19.000004 49.323853
v 2.850000 19.000004 49.393784
v 2.994975 19.000004 49.505024
v 3.106218 19.000004 49.650002
v 3.176148 19.000004 49.818829
v 3.200000 21.000004 50.000000
v 3.176148 21.000004 49.818829
v 3.106218 21.000004 49.650002
v 2.994975 21.000004 49.505024
v 2.850000 21.000004 49.393784
v 2.681173 21.000004 49.323853
v 2.500000 21.000004 49.299999
v 2.318827 21.000004 49.323853
v 2.150000 21.000004 49.393784
v 2.005025 21.000004 49.505024
v 1.893782 21.000004 49.650002
v 1.823852 21.000004 49.818829
v 1.800000 21.000004 50.000000
v 1.823852 21.000004 50.181171
v 1.893782 21.000004 50.349998
v 2.005025 21.000004 50.494976
v 2.150000 21.000004 50.606216
v 2.318827 21.000004 50.676147
v 2.500000 21.000004 50.700001
v 2.681173 21.000004 50.676147
v 2.850000 21.000004 50.606216
v 2.994975 21.000004 50.494976
v 3.106218 21.000004 50.349998
v 3.176148 21.000004 50.181171
v 4.000000 21.000004 51.299999
v -4.000000 21.000004 51.299999
v -4.000000 23.614677 81.185844
v 4.000000 23.614677 81.185844
v -4.000000 19.000004 51.474976
v 4.000000 19.000004 51.474976
v 4.000000 21.614677 81.360817
v -4.000000 21.614677 81.360817
v 4.000000 21.000004 45.500000
v -4.000000 21.000004 45.500000
v 4.000000 19.000004 45.500000
v -4.000000 19.000004 45.500000
v 3.200000 21.300003 50.000000
v 3.192182 21.300003 50.104328
v 3.168901 21.300003 50.206329
v 3.130678 21.300003 50.303719
v 3.078367 21.300003 50.394325
v 3.013136 21.300003 50.476120
v 2.936443 21.300003 50.547283
v 2.850000 21.300003 50.606216
v 2.755739 21.300003 50.651611
v 2.655765 21.300003 50.682449
v 2.552311 21.300003 50.698044
v 2.447689 21.300003 50.698044
v 2.344235 21.300003 50.682449
v 2.244261 21.300003 50.651611
v 2.150000 21.300003 50.606216
v 2.063557 21.300003 50.547283
v 1.986864 21.300003 50.476120
v 1.921633 21.300003 50.394325
v 1.869322 21.300003 50.303719
v 1.831099 21.300003 50.206329
v 1.807818 21.300003 50.104328
v 1.800000 21.300003 50.000000
v 1.807818 21.300003 49.895672
v 1.831099 21.300003 49.793671
v 1.869322 21.300003 49.696281
v 1.921633 21.300003 49.605675
v 1.986864 21.300003 49.523880
v 2.063557 21.300003 49.452717
v 2.150000 21.300003 49.393784
v 2.244261 21.300003 49.348389
v 2.344235 21.300003 49.317551
v 2.447689 21.300003 49.301956
v 2.552311 21.300003 49.301956
v 2.655765 21.300003 49.317551
v 2.755739 21.300003 49.348389
v 2.850000 21.300003 49.393784
v 2.936443 21.300003 49.452717
v 3.013136 21.300003 49.523880
v 3.078367 21.300003 49.605675
v 3.130678 21.300003 49.696281
v 3.168901 21.300003 49.793671
v 3.192182 21.300003 49.895672
v 3.200000 21.000004 50.000000
v 3.192182 21.000004 49.895672
v 3.168901 21.000004 49.793671
v 3.130678 21.000004 49.696281
v 3.078367 21.000004 49.605675
v 3.013136 21.000004 49.523880
v 2.936443 21.000004 49.452717
v 2.850000 21.000004 49.393784
v 2.755739 21.000004 49.348389
v 2.655765 21.000004 49.317551
v 2.552311 21.000004 49.301956
v 2.447689 21.000004 49.301956
v 2.344235 21.000004 49.317551
v 2.244261 21.000004 49.348389
v 2.150000 21.000004 49.393784
v 2.063557 21.000004 49.452717
v 1.986864 21.000004 49.523880
v 1.921633 21.000004 49.605675
v 1.869322 21.000004 49.696281
v 1.831099 21.000004 49.793671
v 1.807818 21.000004 49.895672
v 1.800000 21.000004 50.000000
v 1.807818 21.000004 50.104328
v 1.831099 21.000004 50.206329
v 1.869322 21.000004 50.303719
v 1.921633 21.000004 50.394325
v 1.986864 21.000004 50.476120
v 2.063557 21.000004 50.547283
v 2.150000 21.000004 50.606216
v 2.244261 21.000004 50.651611
v 2.344235 21.000004 50.682449
v 2.447689 21.000004 50.698044
v 2.552311 21.000004 50.698044
v 2.655765 21.000004 50.682449
v 2.755739 21.000004 50.651611
v 2.850000 21.000004 50.606216
v 2.936443 21.000004 50.547283
v 3.013136 21.000004 50.476120
v 3.078367 21.000004 50.394325
v 3.130678 21.000004 50.303719
v 3.168901 21.000004 50.206329
v 3.192182 21.000004 50.104328
v -1.800000 21.300003 50.000000
v -1.807818 21.300003 50.104328
v -1.831099 21.300003 50.206329
v -1.869322 21.300003 50.303719
v -1.921633 21.300003 50.394325
v -1.986864 21.300003 50.476120
v -2.063557 21.300003 50.547283
v -2.150000 21.300003 50.606216
v -2.244261 21.300003 50.651611
v -2.344235 21.300003 50.682449
v -2.447689 21.300003 50.698044
v -2.552311 21.300003 50.698044
v -2.655765 21.300003 50.682449
v -2.755739 21.300003 50.651611
v -2.850000 21.300003 50.606216
v -2.936443 21.300003 50.547283
v -3.013136 21.300003 50.476120
v -3.078367 21.300003 50.394325
v -3.130678 21.300003 50.303719
v -3.168901 21.300003 50.206329
v -3.192182 21.300003 50.104328
v -3.200000 21.300003 50.000000
v -3.192182 21.300003 49.895672
v -3.168901 21.300003 49.793671
v -3.130678 21.300003 49.696281
v -3.078367 21.300003 49.605675
v -3.013136 21.300003 49.523880
v -2.936443 21.300003 49.452717
v -2.850000 21.300003 49.393784
v -2.755739 21.300003 49.348389
v -2.655765 21.300003 49.317551
v -2.552311 21.300003 49.301956
v -2.447689 21.300003 49.301956
v -2.344235 21.300003 49.317551
v -2.244261 21.300003 49.348389
v -2.150000 21.300003 49.393784
v -2.063557 21.300003 49.452717
v -1.986864 21.300003 49.523880
v -1.921633 21.300003 49.605675
v -1.869322 21.300003 49.696281
v -1.831099 21.300003 49.793671
v -1.807818 21.300003 49.895672
v -1.800000 21.000004 50.000000
v -1.807818 21.000004 49.895672
v -1.831099 21.000004 49.793671
v -1.869322 21.000004 49.696281
v -1.921633 21.000004 49.605675
v -1.986864 21.000004 49.523880
v -2.063557 21.000004 49.452717
v -2.150000 21.000004 49.393784
v -2.244261 21.000004 49.348389
v -2.344235 21.000004 49.317551
v -2.447689 21.000004 49.301956
v -2.552311 21.000004 49.301956
v -2.655765 21.000004 49.317551
v -2.755739 21.000004 49.348389
v -2.850000 21.000004 49.393784
v -2.936443 21.000004 49.452717
v -3.013136 21.000004 49.523880
v -3.078367 21.000004 49.605675
v -3.130678 21.000004 49.696281
v -3.168901 21.000004 49.793671
v -3.192182 21.000004 49.895672
v -3.200000 21.000004 50.000000
v -3.192182 21.000004 50.104328
v -3.168901 21.000004 50.206329
v -3.130678 21.000004 50.303719
v -3.078367 21.000004 50.394325
v -3.013136 21.000004 50.476120
v -2.936443 21.000004 50.547283
v -2.850000 21.000004 50.606216
v -2.755739 21.000004 50.651611
v -2.655765 21.000004 50.682449
v -2.552311 21.000004 50.698044
v -2.447689 21.000004 50.698044
v -2.344235 21.000004 50.682449
v -2.244261 21.000004 50.651611
v -2.150000 21.000004 50.606216
v -2.063557 21.000004 50.547283
v -1.986864 21.000004 50.476120
v -1.921633 21.000004 50.394325
v -1.869322 21.000004 50.303719
v -1.831099 21.000004 50.206329
v -1.807818 21.000004 50.104328
v 3.200000 21.300003 47.000000
v 3.192182 21.300003 47.104328
v 3.168901 21.300003 47.206329
v 3.130678 21.300003 47.303719
v 3.078367 21.300003 47.394325
v 3.013136 21.300003 47.476120
v 2.936443 21.300003 47.547283
v 2.850000 21.300003 47.606216
v 2.755739 21.300003 47.651611
v 2.655765 21.300003 47.682449
v 2.552311 21.300003 47.698044
v 2.447689 21.300003 47.698044
v 2.344235 21.300003 47.682449
v 2.244261 21.300003 47.651611
v 2.150000 21.300003 47.606216
v 2.063557 21.300003 47.547283
v 1.986864 21.300003 47.476120
v 1.921633 21.300003 47.394325
v 1.869322 21.300003 47.303719
v 1.831099 21.300003 47.206329
v 1.807818 21.300003 47.104328
v 1.800000 21.300003 47.000000
v 1.807818 21.300003 46.895672
v 1.831099 21.300003 46.793671
v 1.869322 21.300003 46.696281
v 1.921633 21.300003 46.605675
v 1.986864 21.300003 46.523880
v 2.063557 21.300003 46.452717
v 2.150000 21.300003 46.393784
v 2.244261 21.300003 46.348389
v 2.344235 21.300003 46.317551
v 2.447689 21.300003 46.301956
v 2.552311 21.300003 46.301956
v 2.655765 21.300003 46.317551
v 2.755739 21.300003 46.348389
v 2.850000 21.300003 46.393784
v 2.936443 21.300003 46.452717
v 3.013136 21.300003 46.523880
v 3.078367 21.300003 46.605675
v 3.130678 21.300003 46.696281
v 3.168901 21.300003 46.793671
v 3.192182 21.300003 46.895672
v 3.200000 21.000004 47.000000
v 3.192182 21.000004 46.895672
v 3.168901 21.000004 46.793671
v 3.130678 21.000004 46.696281
v 3.078367 21.000004 46.605675
v 3.013136 21.000004 46.523880
v 2.936443 21.000004 46.452717
v 2.850000 21.000004 46.393784
v 2.755739 21.000004 46.348389
v 2.655765 21.000004 46.317551
v 2.552311 21.000004 46.301956
v 2.447689 21.000004 46.301956
v 2.344235 21.000004 46.317551
v 2.244261 21.000004 46.348389
v 2.150000 21.000004 46.393784
v 2.063557 21.000004 46.452717
v 1.986864 21.000004 46.523880
v 1.921633 21.000004 46.605675
v 1.869322 21.000004 46.696281
v 1.831099 21.000004 46.793671
v 1.807818 21.000004 46.895672
v 1.800000 21.000004 47.000000
v 1.807818 21.000004 47.104328
v 1.831099 21.000004 47.206329
v 1.869322 21.000004 47.303719
v 1.921633 21.000004 47.394325
v 1.986864 21.000004 47.476120
v 2.063557 21.000004 47.547283
v 2.150000 21.000004 47.606216
v 2.244261 21.000004 47.651611
v 2.344235 21.000004 47.682449
v 2.447689 21.000004 47.698044
v 2.552311 21.000004 47.698044
v 2.655765 21.000004 47.682449
v 2.755739 21.000004 47.651611
v 2.850000 21.000004 47.606216
v 2.936443 21.000004 47.547283
v 3.013136 21.000004 47.476120
v 3.078367 21.000004 47.394325
v 3.130678 21.000004 47.303719
v 3.168901 21.000004 47.206329
v 3.192182 21.000004 47.104328
v -1.800000 21.300003 47.000000
v -1.807818 21.300003 47.104328
v -1.831099 21.300003 47.206329
v -1.869322 21.300003 47.303719
v -1.921633 21.300003 47.394325
v -1.986864 21.300003 47.476120
v -2.063557 21.300003 47.547283
v -2.150000 21.300003 47.606216
v -2.244261 21.300003 47.651611
v -2.344235 21.300003 47.682449
v -2.447689 21.300003 47.698044
v -2.552311 21.300003 47.698044
v -2.655765 21.300003 47.682449
v -2.755739 21.300003 47.651611
v -2.850000 21.300003 47.606216
v -2.936443 21.300003 47.547283
v -3.013136 21.300003 47.476120
v -3.078367 21.300003 47.394325
v -3.130678 21.300003 47.303719
v -3.168901 21.300003 47.206329
v -3.192182 21.300003 47.104328
v -3.200000 21.300003 47.000000
v -3.192182 21.300003 46.895672
v -3.168901 21.300003 46.793671
v -3.130678 21.300003 46.696281
v -3.078367 21.300003 46.605675
v -3.013136 21.300003 46.523880
v -2.936443 21.300003 46.452717
v -2.850000 21.300003 46.393784
v -2.755739 21.300003 46.348389
v -2.655765 21.300003 46.317551
v -2.552311 21.300003 46.301956
v -2.447689 21.300003 46.301956
v -2.344235 21.300003 46.317551
v -2.244261 21.300003 46.348389
v -2.150000 21.300003 46.393784
v -2.063557 21.300003 46.452717
v -1.986864 21.300003 46.523880
v -1.921633 21.300003 46.605675
v -1.869322 21.300003 46.696281
v -1.831099 21.300003 46.793671
v -1.807818 21.300003 46.895672
v -1.800000 21.000004 47.000000
v -1.807818 21.000004 46.895672
v -1.831099 21.000004 46.793671
v -1.869322 21.000004 46.696281
v -1.921633 21.000004 46.605675
v -1.986864 21.000004 46.523880
v -2.063557 21.000004 46.452717
v -2.150000 21.000004 46.393784
v -2.244261 21.000004 46.348389
v -2.344235 21.000004 46.317551
v -2.447689 21.000004 46.301956
v -2.552311 21.000004 46.301956
v -2.655765 21.000004 46.317551
v -2.755739 21.000004 46.348389
v -2.850000 21.000004 46.393784
v -2.936443 21.000004 46.452717
v -3.013136 21.000004 46.523880
v -3.078367 21.000004 46.605675
v -3.130678 21.000004 46.696281
v -3.168901 21.000004 46.793671
v -3.192182 21.000004 46.895672
v -3.200000 21.000004 47.000000
v -3.192182 21.000004 47.104328
v -3.168901 21.000004 47.206329
v -3.130678 21.000004 47.303719
v -3.078367 21.000004 47.394325
v -3.013136 21.000004 47.476120
v -2.936443 21.000004 47.547283
v -2.850000 21.000004 47.606216
v -2.755739 21.000004 47.651611
v -2.655765 21.000004 47.682449
v -2.552311 21.000004 47.698044
v -2.447689 21.000004 47.698044
v -2.344235 21.000004 47.682449
v -2.244261 21.000004 47.651611
v -2.150000 21.000004 47.606216
v -2.063557 21.000004 47.547283
v -1.986864 21.000004 47.476120
v -1.921633 21.000004 47.394325
v -1.869322 21.000004 47.303719
v -1.831099 21.000004 47.206329
v -1.807818 21.000004 47.104328
v 0.900000 -4.999998 31.500000
v 0.869333 -4.999998 31.267063
v 0.779423 -4.999998 31.049999
v 0.636396 -4.999998 30.863604
v 0.450000 -4.999998 30.720577
v 0.232937 -4.999998 30.630667
v 0.000000 -4.999998 30.600000
v -0.232937 -4.999998 30.630667
v -0.450000 -4.999998 30.720577
v -0.636396 -4.999998 30.863604
v -0.779423 -4.999998 31.049999
v -0.869333 -4.999998 31.267063
v -0.900000 -4.999998 31.500000
v -0.900000 -5.199997 31.500000
v -0.869333 -5.199997 31.267063
v -0.779423 -5.199997 31.049999
v -0.636396 -5.199997 30.863604
v -0.450000 -5.199997 30.720577
v -0.232937 -5.199997 30.630667
v 0.000000 -5.199997 30.600000
v 0.232937 -5.199997 30.630667
v 0.450000 -5.199997 30.720577
v 0.636396 -5.199997 30.863604
v 0.779423 -5.199997 31.049999
v 0.869333 -5.199997 31.267063
v 0.900000 -5.199997 31.500000
v 0.900000 -4.999997 41.500000
v 0.900000 -5.199996 41.500000
v -0.900000 -4.999997 41.500000
v -0.869333 -4.999997 41.732937
v -0.779423 -4.999997 41.950001
v -0.636396 -4.999997 42.136395
v -0.450000 -4.999997 42.279423
v -0.232937 -4.999997 42.369331
v 0.000000 -4.999997 42.400002
v 0.232937 -4.999997 42.369331
v 0.450000 -4.999997 42.279423
v 0.636396 -4.999997 42.136395
v 0.779423 -4.999997 41.950001
v 0.869333 -4.999997 41.732937
v 0.869333 -5.199996 41.732937
v 0.779423 -5.199996 41.950001
v 0.636396 -5.199996 42.136395
v 0.450000 -5.199996 42.279423
v 0.232937 -5.199996 42.369331
v 0.000000 -5.199996 42.400002
v -0.232937 -5.199996 42.369331
v -0.450000 -5.199996 42.279423
v -0.636396 -5.199996 42.136395
v -0.779423 -5.199996 41.950001
v -0.869333 -5.199996 41.732937
v -0.900000 -5.199996 41.500000
v 1.200000 -4.999998 31.500000
v 1.200000 -4.999997 41.500000
v 1.200000 -5.199996 41.500000
v 1.200000 -5.199997 31.500000
v -1.200000 -4.999998 31.500000
v -1.159111 -4.999998 31.189417
v -1.039230 -4.999998 30.900000
v -0.848528 -4.999998 30.651472
v -0.600000 -4.999998 30.460770
v -0.310583 -4.999998 30.340889
v 0.000000 -4.999998 30.299999
v 0.310583 -4.999998 30.340889
v 0.600000 -4.999998 30.460770
v 0.848528 -4.999998 30.651472
v 1.039230 -4.999998 30.900000
v 1.159111 -4.999998 31.189417
v 1.159111 -5.199997 31.189417
v 1.039230 -5.199997 30.900000
v 0.848528 -5.199997 30.651472
v 0.600000 -5.199997 30.460770
v 0.310583 -5.199997 30.340889
v 0.000000 -5.199997 30.299999
v -0.310583 -5.199997 30.340889
v -0.600000 -5.199997 30.460770
v -0.848528 -5.199997 30.651472
v -1.039230 -5.199997 30.900000
v -1.159111 -5.199997 31.189417
v -1.200000 -5.199997 31.500000
v -1.200000 -4.999997 41.500000
v -1.200000 -5.199996 41.500000
v 1.159111 -4.999997 41.810581
v 1.039230 -4.999997 42.099998
v 0.848528 -4.999997 42.348530
v 0.600000 -4.999997 42.539230
v 0.310583 -4.999997 42.659111
v 0.000000 -4.999997 42.700001
v -0.310583 -4.999997 42.659111
v -0.600000 -4.999997 42.539230
v -0.848528 -4.999997 42.348530
v -1.039230 -4.999997 42.099998
v -1.159111 -4.999997 41.810581
v -1.159111 -5.199996 41.810581
v -1.039230 -5.199996 42.099998
v -0.848528 -5.199996 42.348530
v -0.600000 -5.199996 42.539230
v -0.310583 -5.199996 42.659111
v 0.000000 -5.199996 42.700001
v 0.310583 -5.199996 42.659111
v 0.600000 -5.199996 42.539230
v 0.848528 -5.199996 42.348530
v 1.039230 -5.199996 42.099998
v 1.159111 -5.199996 41.810581
vn 0.5969 -0.7695 0.2270
vn 0.3705 -0.8720 0.3200
vn 0.3343 -0.7979 0.5015
vn 0.4549 -0.6991 0.5517
vn 0.9383 -0.3444 0.0301
vn 0.9208 -0.3547 -0.1622
vn 0.9208 -0.3547 -0.1621
vn -0.5231 -0.2643 -0.8103
vn -0.6631 -0.3050 -0.6835
vn -0.6632 -0.3051 -0.6834
vn -0.2495 -0.9460 0.2070
vn -0.4225 -0.8671 0.2640
vn -0.6490 -0.7148 0.2604
vn -0.6921 -0.7209 0.0360
vn -0.6591 -0.6216 0.4234
vn -0.4929 -0.7149 0.4960
vn 1.0000 -0.0000 -0.0000
vn 0.9888 -0.0000 -0.1490
vn 0.7331 -0.0000 -0.6802
vn 0.6235 -0.0000 -0.7818
vn -0.1203 -0.9927 -0.0078
vn -0.0832 -0.9965 0.0036
vn 0.0832 -0.9965 0.0036
vn 0.0783 -0.9969 -0.0085
vn -0.0000 -0.9998 0.0182
vn -0.8669 -0.3515 -0.3535
vn -0.8667 -0.3515 -0.3538
vn -0.9208 -0.3547 -0.1622
vn -0.9208 -0.3547 -0.1621
vn -0.3586 -0.0511 0.9321
vn -0.5231 -0.1196 0.8438
vn -0.5231 -0.1196 0.8439
vn 0.2225 -0.0000 0.9749
vn 0.3653 -0.0000 0.9309
vn 0.9131 0.1803 0.3658
vn 0.8245 0.3202 0.4666
vn 0.6571 0.2545 0.7095
vn 0.8218 0.1466 0.5506
vn 0.3748 -0.1566 -0.9138
vn 0.1884 -0.1238 -0.9743
vn 0.1883 -0.1238 -0.9743
vn 0.3749 -0.1566 -0.9137
vn 0.9848 -0.0000 0.1736
vn 1.0000 -0.0000 -0.0001
vn 1.0000 -0.0000 0.0001
vn -0.1883 -0.1238 -0.9743
vn -0.1884 -0.1238 -0.9743
vn -0.3748 -0.1566 -0.9138
vn -0.3749 -0.1566 -0.9138
vn 0.7071 -0.0000 -0.7071
vn 0.5000 -0.0000 -0.8660
vn -0.7785 -0.2371 0.5811
vn -0.8668 -0.2847 0.4095
vn -0.8667 -0.2847 0.4095
vn -0.0000 -0.0871 -0.9962
vn -0.0000 -0.0872 -0.9962
vn 0.0203 -0.0967 -0.9951
vn 0.0009 -0.0883 -0.9961
vn 0.9052 -0.1504 0.3975
vn 0.9053 -0.1504 0.3973
vn 0.8131 -0.1165 0.5703
vn 0.8131 -0.1164 0.5704
vn 1.0000 -0.0000 0.0003
vn 1.0000 -0.0000 -0.0003
vn 0.8660 -0.0000 -0.5000
vn 0.9659 -0.0000 -0.2588
vn 0.1801 0.0194 0.9835
vn 0.3586 -0.0511 0.9321
vn 0.8667 -0.3515 -0.3538
vn 0.7785 -0.3344 -0.5311
vn 0.7785 -0.3344 -0.5312
vn 0.8669 -0.3515 -0.3535
vn -0.0000 -0.0000 1.0000
vn 0.1737 -0.0000 0.9848
vn 0.9830 -0.1837 -0.0000
vn 0.9325 -0.3612 -0.0000
vn 0.9659 -0.0000 0.2588
vn 0.5231 -0.2643 -0.8103
vn 0.3586 -0.2121 -0.9091
vn 0.3586 -0.2122 -0.9091
vn 0.5230 -0.2643 -0.8103
vn 1.0000 -0.0000 0.0002
vn 1.0000 -0.0000 -0.0002
vn 0.1598 -0.9834 0.0860
vn 0.0494 -0.9950 0.0870
vn -0.6235 -0.0000 0.7818
vn -0.5000 -0.0000 0.8660
vn 0.4011 0.3081 0.8627
vn 0.3709 0.3403 0.8641
vn 0.2969 0.3982 0.8680
vn 0.1506 0.1984 0.9685
vn 0.1861 0.1697 0.9678
vn 0.1881 0.1714 0.9671
vn 0.2042 0.1426 0.9685
vn 0.4415 0.2354 0.8658
vn -0.2588 -0.0000 0.9659
vn 0.0429 0.9953 -0.0871
vn 0.0059 0.9962 -0.0872
vn 0.0493 0.9950 -0.0870
vn 0.7331 -0.0000 0.6802
vn 0.8262 -0.0000 0.5633
vn 0.3011 0.9536 -0.0000
vn 0.4751 0.8799 -0.0000
vn 0.0444 -0.4965 0.8669
vn 0.1464 -0.4785 0.8658
vn 0.2016 -0.4549 0.8674
vn 0.2084 -0.4563 0.8651
vn 0.2939 -0.4039 0.8663
vn 0.1536 -0.1956 0.9686
vn 0.1113 -0.2101 0.9713
vn 0.1149 -0.2121 0.9705
vn 0.1156 -0.2124 0.9703
vn 0.0687 -0.2279 0.9713
vn -0.6632 -0.1818 0.7260
vn -0.6632 -0.1817 0.7261
vn -0.1883 0.0473 0.9810
vn -0.3749 0.0044 0.9271
vn -0.3748 0.0044 0.9271
vn -0.1882 0.0473 0.9810
vn 0.1896 -0.8470 0.4966
vn 0.0862 -0.8760 0.4745
vn 0.1337 -0.9910 -0.0024
vn 0.1562 -0.9501 0.2699
vn 0.2839 -0.9556 0.0787
vn -0.3260 -0.9454 -0.0035
vn -0.3184 -0.9479 -0.0019
vn 0.0218 -0.0936 -0.9954
vn 0.0004 -0.0899 -0.9959
vn -0.0004 0.0844 0.9964
vn -0.0219 0.0806 0.9965
vn -0.3749 -0.1566 -0.9137
vn -0.5466 -0.1833 -0.8171
vn -0.0596 0.9951 -0.0789
vn -0.1922 0.9776 -0.0855
vn -0.0434 0.9953 -0.0871
vn -0.2588 -0.0000 -0.9659
vn -0.5000 -0.0000 -0.8660
vn -0.8660 0.5000 -0.0000
vn -0.9659 0.2588 -0.0000
vn 0.9616 -0.2120 -0.1745
vn 0.9052 -0.2171 -0.3653
vn 0.9053 -0.2171 -0.3651
vn -0.3653 -0.0000 0.9309
vn -0.2225 -0.0000 0.9749
vn 0.9616 -0.1785 0.2087
vn 0.9616 -0.1785 0.2086
vn 0.5466 -0.0386 0.8365
vn 0.3749 0.0044 0.9271
vn 0.3748 0.0044 0.9271
vn 0.9010 -0.0000 -0.4339
vn 0.8262 -0.0000 -0.5633
vn 0.0016 -0.9962 0.0872
vn -0.0016 -0.9962 0.0872
vn -0.1070 -0.9905 0.0867
vn -0.0958 -0.9916 0.0868
vn -0.0964 -0.9916 0.0867
vn -0.0967 -0.9915 0.0867
vn -0.0969 -0.9915 0.0867
vn -0.0970 -0.9915 0.0867
vn -0.0968 -0.9915 0.0867
vn -0.0953 -0.9917 0.0868
vn -0.0964 -0.9916 0.0868
vn 0.5703 -0.7426 0.3512
vn 0.4431 -0.8167 0.3696
vn 0.3540 -0.7529 0.5549
vn -0.1742 -0.9149 0.3641
vn -0.0113 -0.8857 0.4641
vn 0.0104 -0.7059 0.7083
vn -0.1606 -0.8162 0.5549
vn 0.6632 -0.1818 0.7260
vn 0.6632 -0.1817 0.7261
vn 0.7785 -0.2371 0.5811
vn -0.6928 -0.2023 -0.6922
vn -0.6924 -0.2022 -0.6926
vn -0.8132 -0.2137 -0.5414
vn -0.8131 -0.2137 -0.5414
vn 0.1800 -0.1516 -0.9719
vn 0.1801 -0.1516 -0.9719
vn 0.6929 -0.0790 0.7167
vn 0.6931 -0.0791 0.7164
vn -0.9616 -0.1785 0.2086
vn -0.9799 -0.1989 0.0174
vn -0.9616 -0.1784 0.2087
vn -0.4932 0.7305 0.4725
vn -0.3854 0.7977 0.4638
vn -0.4130 0.8959 -0.1636
vn -0.4753 0.8077 0.3490
vn -0.5218 0.7818 0.3413
vn -0.7998 0.5988 0.0423
vn -0.5931 0.6569 0.4655
vn -0.7071 -0.0000 -0.7071
vn -0.5462 -0.1833 -0.8174
vn 0.3719 -0.9264 0.0591
vn 0.2225 -0.9749 -0.0000
vn 0.3653 -0.9309 -0.0000
vn 0.5000 -0.0000 0.8660
vn -0.5285 -0.8490 -0.0019
vn -0.6582 -0.7529 -0.0004
vn -0.6584 -0.7527 -0.0004
vn -0.5269 -0.8499 -0.0014
vn 0.9799 -0.1989 0.0174
vn 0.9556 -0.0000 -0.2948
vn -0.6929 -0.2023 -0.6921
vn -0.7071 -0.0000 0.7071
vn -0.8660 -0.0000 0.5000
vn -0.9053 -0.2171 -0.3651
vn -0.9052 -0.2171 -0.3653
vn -0.9616 -0.2120 -0.1746
vn -0.9616 -0.2120 -0.1745
vn -0.9556 -0.0000 0.2948
vn -0.9010 -0.0000 0.4339
vn -0.9053 -0.1504 0.3973
vn -0.9616 -0.1785 0.2087
vn -0.9052 -0.1504 0.3975
vn -0.9659 -0.0000 0.2588
vn -0.5299 0.8481 -0.0000
vn -0.3311 0.9436 -0.0000
vn -0.1801 -0.1516 -0.9719
vn -0.1800 -0.1516 -0.9719
vn -0.3586 -0.2121 -0.9091
vn -0.3586 -0.2122 -0.9091
vn -0.8262 -0.0000 0.5633
vn -0.7331 -0.0000 0.6802
vn 0.1526 -0.6886 0.7089
vn 0.8131 -0.2137 -0.5414
vn 0.8131 -0.2137 -0.5415
vn -0.5466 -0.0386 0.8365
vn -0.6928 -0.0790 0.7168
vn 0.1077 0.9904 -0.0867
vn 0.0959 0.9916 -0.0868
vn 0.0965 0.9915 -0.0868
vn 0.0969 0.9915 -0.0867
vn 0.0971 0.9915 -0.0867
vn 0.0970 0.9915 -0.0867
vn 0.0968 0.9915 -0.0867
vn 0.0965 0.9915 -0.0867
vn 0.0954 0.9917 -0.0868
vn -0.0008 0.9962 -0.0872
vn 0.0017 0.9962 -0.0872
vn -0.7071 0.7071 -0.0000
vn -0.5000 0.8660 -0.0000
vn -0.0000 -1.0000 -0.0000
vn -0.5099 0.8603 -0.0000
vn -0.7073 0.7069 -0.0000
vn 0.3653 -0.0000 -0.9309
vn 0.0343 0.9994 -0.0000
vn 0.2808 0.9598 -0.0000
vn -0.8131 -0.2137 -0.5415
vn -0.0004 -0.0899 -0.9959
vn 0.0012 -0.0894 -0.9960
vn 0.2063 0.9780 0.0317
vn 0.2645 0.9465 0.1850
vn 0.3653 0.9309 -0.0000
vn 0.2225 0.9749 -0.0000
vn 0.5565 0.8309 -0.0000
vn 0.6329 0.7742 -0.0000
vn 0.6327 0.7744 -0.0000
vn 0.5466 -0.1833 -0.8171
vn 0.5462 -0.1833 -0.8174
vn 0.1070 -0.9905 0.0867
vn 0.0959 -0.9916 0.0868
vn 0.0963 -0.9916 0.0868
vn 0.0968 -0.9915 0.0867
vn 0.0970 -0.9915 0.0867
vn 0.0964 -0.9916 0.0868
vn 0.0953 -0.9917 0.0868
vn 0.0964 -0.9916 0.0867
vn 0.0969 -0.9915 0.0867
vn 0.0971 -0.9915 0.0867
vn 0.0963 -0.9916 0.0867
vn 0.6235 -0.0000 0.7818
vn -0.1077 0.9904 -0.0866
vn -0.0958 0.9916 -0.0868
vn -0.0964 0.9916 -0.0867
vn -0.0968 0.9915 -0.0867
vn -0.0971 0.9915 -0.0867
vn -0.0970 0.9915 -0.0867
vn -0.0965 0.9915 -0.0867
vn -0.0957 0.9916 -0.0868
vn -0.0964 0.9916 -0.0868
vn -0.0969 0.9915 -0.0867
vn -0.0965 0.9915 -0.0868
vn -0.0954 0.9917 -0.0868
vn -0.0747 -0.0000 0.9972
vn -0.7070 -0.6856 0.1734
vn -0.7792 -0.5399 0.3183
vn -0.9010 -0.4339 -0.0000
vn -0.8262 -0.5633 -0.0000
vn -0.1884 0.0473 0.9809
vn -0.0218 0.0806 0.9965
vn -0.0004 0.9951 0.0990
vn 0.0888 0.8744 0.4770
vn 0.1896 0.8471 0.4965
vn 0.3724 0.8715 0.3192
vn 0.3769 0.8116 0.4464
vn 0.3029 0.9489 0.0882
vn 0.1883 0.0473 0.9810
vn 0.0250 0.0798 0.9965
vn -0.0012 0.0849 0.9964
vn -0.2873 -0.8841 0.3685
vn -0.4248 -0.8345 0.3510
vn -0.9659 -0.0000 -0.2588
vn -0.8660 -0.0000 -0.5000
vn 0.8677 0.0380 0.4956
vn 0.8781 -0.3678 0.3061
vn 0.9888 -0.1490 -0.0000
vn 0.8131 -0.1165 0.5704
vn 0.8131 -0.1164 0.5703
vn 0.4457 0.8952 -0.0000
vn 0.6026 0.7980 -0.0000
vn 0.0747 -0.0000 0.9972
vn -0.2588 0.9659 -0.0000
vn -0.0966 0.9915 -0.0868
vn 0.8149 -0.5796 -0.0000
vn 0.9271 -0.3749 -0.0000
vn 0.4497 0.8932 -0.0000
vn 0.9028 -0.0927 0.4199
vn 0.7481 -0.5849 0.3133
vn 0.9010 -0.4339 -0.0000
vn 0.9556 -0.2948 -0.0000
vn 0.2144 0.9767 -0.0000
vn -0.6235 -0.0000 -0.7818
vn -0.7331 -0.0000 -0.6802
vn 0.4457 -0.8952 -0.0000
vn 0.2737 -0.9618 -0.0000
vn -0.1515 0.9885 -0.0000
vn -0.1511 0.9885 0.0106
vn -0.1470 0.9890 0.0161
vn -0.1470 0.9890 -0.0161
vn -0.1511 0.9885 -0.0106
vn 0.6583 -0.7527 -0.0002
vn 0.6583 -0.7528 -0.0004
vn -0.1116 -0.0102 0.9937
vn 0.0276 -0.0221 0.9994
vn 0.0300 -0.0085 0.9995
vn 0.0306 0.0062 0.9995
vn 0.0274 0.0207 0.9994
vn 0.0205 0.0344 0.9992
vn 0.0101 0.0459 0.9989
vn -0.0034 0.0542 0.9985
vn -0.0194 0.0574 0.9982
vn -0.0361 0.0570 0.9977
vn -0.0490 0.0507 0.9975
vn 0.0144 0.0447 0.9989
vn -0.0013 0.0297 0.9996
vn -0.0187 0.0024 0.9998
vn 0.0805 -0.0912 0.9926
vn -0.0087 0.0150 0.9999
vn -0.0219 0.0104 0.9997
vn -0.0345 0.0034 0.9994
vn -0.0457 -0.0066 0.9989
vn -0.0535 -0.0194 0.9984
vn -0.0588 -0.0342 0.9977
vn 0.1413 -0.0213 0.9897
vn 0.1397 -0.0052 0.9902
vn 0.1227 0.0848 0.9888
vn 0.1125 0.0944 0.9892
vn 0.1000 0.1007 0.9899
vn 0.0868 0.1042 0.9908
vn 0.0735 0.1055 0.9917
vn 0.0599 0.1074 0.9924
vn 0.0159 -0.0241 0.9996
vn 0.0263 -0.0335 0.9991
vn 0.0387 -0.0408 0.9984
vn -0.0412 0.1344 0.9901
vn -0.0787 0.1290 0.9885
vn -0.0923 0.1253 0.9878
vn -0.1049 0.1188 0.9874
vn -0.1145 0.1083 0.9875
vn -0.1207 0.0955 0.9881
vn -0.1235 0.0817 0.9890
vn -0.1228 0.0677 0.9901
vn -0.1189 0.0544 0.9914
vn -0.1136 0.0424 0.9926
vn -0.0000 -0.0000 -1.0000
vn 0.5099 0.8603 -0.0000
vn 0.7071 0.7071 -0.0000
vn 0.7073 0.7069 -0.0000
vn 0.0923 0.9957 -0.0000
vn 0.2737 0.9618 -0.0000
vn 0.0923 -0.9957 -0.0000
vn -0.0923 -0.9957 -0.0000
vn 0.5000 0.8660 -0.0000
vn 0.7843 0.4205 0.4560
vn 0.7139 0.5265 0.4616
vn 0.5693 0.4136 0.7105
vn 0.6218 0.3306 0.7099
vn 0.8660 0.5000 -0.0000
vn 0.9659 0.2588 -0.0000
vn -1.0000 -0.0000 -0.0000
vn -0.9830 0.1837 -0.0000
vn -0.4813 -0.1299 0.8669
vn -0.4521 -0.2181 0.8649
vn -0.4260 -0.2669 0.8645
vn -0.3935 -0.3117 0.8649
vn -0.3088 -0.3824 0.8708
vn -0.1620 -0.1745 0.9712
vn -0.1979 -0.1361 0.9707
vn -0.1987 -0.1374 0.9704
vn -0.2004 -0.1385 0.9699
vn -0.2280 -0.1039 0.9681
vn -0.0747 -0.0000 -0.9972
vn -0.2225 -0.0000 -0.9749
vn 0.6446 0.6002 0.4736
vn 0.5617 0.7623 0.3216
vn 0.5047 0.6584 0.5583
vn 0.5066 0.4892 0.7099
vn 0.9887 -0.1498 -0.0000
vn 0.9965 0.0835 -0.0000
vn -0.8379 0.5453 0.0244
vn -0.6235 0.7818 -0.0000
vn -0.7331 0.6802 -0.0000
vn -0.8203 -0.5094 0.2600
vn -0.9119 -0.2638 0.3143
vn -0.9283 -0.2046 0.3105
vn -0.9097 -0.2146 0.3555
vn -0.7500 -0.6185 0.2345
vn 0.3260 -0.9454 -0.0035
vn 0.3184 -0.9479 -0.0019
vn 0.5267 -0.8501 -0.0018
vn 0.5285 -0.8490 -0.0019
vn -0.6774 0.5659 0.4700
vn -0.7279 0.6114 0.3103
vn -0.9214 0.3795 0.0831
vn -0.7540 0.4678 0.4611
vn -0.9507 0.0003 -0.3100
vn -0.9899 0.0010 -0.1418
vn -1.0000 0.0005 -0.0000
vn -0.9721 -0.0097 -0.2342
vn -0.6877 0.0007 -0.7260
vn -0.8466 0.0004 -0.5322
vn -0.8797 -0.0201 -0.4751
vn -0.6925 -0.0002 -0.7214
vn -0.0000 0.0872 0.9962
vn -0.0203 0.0776 0.9968
vn -0.0008 0.0860 0.9963
vn -0.0000 0.0773 0.9970
vn 0.7311 0.0070 -0.6822
vn 0.6880 0.0002 -0.7257
vn 0.4932 0.0006 -0.8699
vn 0.5023 -0.0006 -0.8647
vn -0.6880 0.0002 0.7257
vn -0.7311 0.0070 0.6823
vn -0.8723 0.0197 0.4885
vn -0.8458 0.0004 0.5334
vn -0.9452 -0.0174 0.3261
vn -0.9658 -0.0002 0.2593
vn -0.9899 0.0010 0.1418
vn 0.0960 0.9916 -0.0868
vn 1.0000 -0.0005 -0.0000
vn 0.9721 -0.0097 0.2344
vn 0.9506 0.0003 0.3106
vn 0.9899 0.0010 0.1418
vn 0.9674 -0.2531 -0.0003
vn 0.8633 -0.5047 0.0004
vn 0.8946 -0.4465 -0.0191
vn 0.9062 -0.4229 0.0021
vn 0.9727 -0.2320 0.0008
vn -0.9965 0.0835 -0.0000
vn -0.9500 0.3122 -0.0000
vn 0.6926 -0.2023 -0.6923
vn 0.6928 -0.2023 -0.6922
vn 0.1922 0.9776 -0.0855
vn -0.2454 0.0006 -0.9694
vn -0.2424 0.0027 -0.9702
vn 0.0029 -0.0005 -1.0000
vn -0.0000 -0.0002 -1.0000
vn -0.0000 0.0006 1.0000
vn -0.0004 0.0018 1.0000
vn -0.2742 0.0094 0.9616
vn -0.2457 -0.0001 0.9693
vn -0.2544 -0.9671 -0.0007
vn -0.5062 -0.8624 -0.0006
vn -0.5173 -0.8558 0.0013
vn -0.3637 -0.9315 0.0030
vn -0.2358 -0.9718 -0.0011
vn -0.7078 -0.7065 -0.0000
vn -0.8633 -0.5047 0.0004
vn -0.8867 -0.4620 0.0194
vn -0.7123 -0.7019 0.0007
vn 0.1515 0.9885 -0.0000
vn 0.1511 0.9885 -0.0106
vn 0.2092 0.9779 -0.0012
vn 0.1470 0.9890 0.0161
vn 0.1511 0.9885 0.0106
vn -0.9450 -0.0001 0.3271
vn -0.9548 0.0016 0.2971
vn -0.8913 -0.0013 0.4535
vn -0.3545 -0.0016 0.9351
vn -0.5023 -0.0006 0.8647
vn -0.4926 0.0009 0.8703
vn 0.0012 -1.0000 0.0018
vn -0.0000 -1.0000 0.0007
vn 0.2766 0.0036 -0.9610
vn 0.2457 -0.0001 -0.9693
vn 0.3545 -0.0016 -0.9351
vn 0.9551 0.0018 -0.2964
vn 0.8458 0.0009 -0.5335
vn 0.8559 -0.0012 -0.5171
vn 0.8916 -0.0013 -0.4527
vn 0.9750 0.0224 -0.2210
vn 0.9486 -0.0150 -0.3162
vn 0.8467 0.0011 0.5321
vn 0.9552 -0.0001 0.2960
vn 0.9545 0.0008 0.2981
vn 0.8913 -0.0013 0.4535
vn 0.8667 -0.0071 0.4988
vn -0.2614 -0.9652 0.0071
vn -0.0000 -1.0000 0.0056
vn -0.0000 -1.0000 -0.0054
vn -0.2324 -0.9726 -0.0016
vn 0.2457 -0.0001 0.9693
vn 0.4927 0.0001 0.8702
vn 0.5153 -0.0040 0.8570
vn 0.3545 -0.0016 0.9351
vn 0.2601 -0.0030 0.9656
vn 0.6878 0.0006 0.7259
vn 0.6925 -0.0002 0.7214
vn -0.7785 -0.3344 -0.5311
vn 0.9556 -0.0000 0.2948
vn 0.9888 -0.0000 0.1490
vn -0.9848 -0.0000 0.1736
vn -0.2144 0.9767 -0.0000
vn -0.5153 -0.0040 -0.8570
vn -0.4927 0.0001 -0.8702
vn -0.4539 -0.7852 0.4212
vn -0.2757 -0.8332 0.4793
vn 0.0167 -0.9891 0.1464
vn 0.7071 -0.0000 0.7071
vn 0.7069 0.7073 -0.0000
vn 0.4813 0.8372 0.2598
vn 0.5517 0.8163 0.1712
vn 0.6235 0.7818 -0.0000
vn -0.9997 0.0031 -0.0256
vn -0.9888 -0.1489 0.0054
vn -0.8727 -0.0639 0.4840
vn -0.9391 0.0090 0.3436
vn -0.6571 0.7538 -0.0000
vn -0.6569 0.7540 -0.0000
vn -0.8262 -0.0000 -0.5633
vn -0.2731 0.9583 -0.0838
vn -0.2734 0.9582 -0.0838
vn -0.2722 0.9586 -0.0839
vn -0.2709 0.9589 -0.0839
vn -0.2733 0.9583 -0.0838
vn -0.2711 0.9589 -0.0839
vn -0.2823 0.9557 -0.0836
vn 0.7660 -0.0000 -0.6428
vn 0.6428 -0.0000 -0.7660
vn 0.2225 -0.0000 -0.9749
vn 0.0747 -0.0000 -0.9972
vn 0.8660 -0.0000 0.5000
vn 0.2588 -0.0000 0.9659
vn 0.4646 0.8052 0.3685
vn 0.3327 0.7608 0.5571
vn 0.1921 0.4622 0.8657
vn 0.2282 0.4469 0.8650
vn 0.8852 -0.3052 0.3511
vn 0.8240 -0.4336 0.3647
vn 0.7566 -0.5497 0.3540
vn 0.7747 -0.5593 0.2952
vn 0.9076 -0.3324 0.2563
vn 0.5231 -0.1196 0.8439
vn 0.5232 -0.1197 0.8438
vn -0.4497 0.8932 -0.0000
vn -0.1233 0.6972 0.7062
vn -0.2202 0.6764 0.7029
vn -0.3216 0.6260 0.7104
vn -0.1905 0.4526 0.8711
vn -0.1397 0.4728 0.8701
vn -0.0945 0.4907 0.8662
vn -0.2737 -0.9618 -0.0000
vn -0.4457 -0.8952 -0.0000
vn 0.6928 -0.0790 0.7168
vn 0.1477 0.4796 0.8650
vn 0.1581 0.6945 0.7019
vn 0.0697 0.7016 0.7092
vn 0.0449 0.4868 0.8724
vn 0.9325 0.3612 -0.0000
vn 0.9830 0.1837 -0.0000
vn 0.3420 -0.0000 -0.9397
vn -0.5000 -0.8660 -0.0000
vn -0.3653 -0.9309 -0.0000
vn -0.9830 -0.1837 -0.0000
vn 0.3420 -0.0000 0.9397
vn -0.6872 0.1744 0.7052
vn -0.6991 0.1332 0.7025
vn -0.8304 -0.0195 0.5568
vn -0.4984 0.0134 0.8669
vn -0.4794 0.1159 0.8699
vn -0.4796 0.1153 0.8699
vn -0.4674 0.1735 0.8668
vn -0.6513 0.2783 0.7060
vn 0.8668 -0.2847 0.4095
vn 0.8667 -0.2847 0.4095
vn 0.9208 -0.3212 0.2213
vn 0.2588 -0.0000 -0.9659
vn -0.9325 0.3612 -0.0000
vn -0.8502 0.5264 -0.0000
vn 0.6428 -0.0000 0.7660
vn -0.5605 -0.7647 0.3179
vn -0.7331 -0.6802 -0.0000
vn -0.6235 -0.7818 -0.0000
vn -0.0712 0.9968 -0.0368
vn -0.0737 0.9650 0.2516
vn 0.0747 0.9972 -0.0000
vn -0.0747 0.9972 -0.0000
vn 0.7390 0.6737 -0.0000
vn -0.6428 -0.0000 0.7660
vn 0.7071 -0.7071 -0.0000
vn 0.8660 -0.5000 -0.0000
vn 0.4792 0.1613 0.8627
vn 0.2296 0.1014 0.9680
vn 0.2311 0.0987 0.9679
vn 0.2335 -0.0177 0.9722
vn 0.4991 0.0181 0.8664
vn 0.4892 0.1183 0.8641
vn -0.8131 -0.1165 0.5703
vn -1.0000 -0.0000 0.0001
vn -1.0000 -0.0000 -0.0001
vn 0.9659 -0.2588 -0.0000
vn 0.5000 -0.8660 -0.0000
vn -0.2588 -0.9659 -0.0000
vn 0.8912 0.4529 0.0244
vn 0.8939 0.3152 0.3187
vn 0.9888 0.1490 -0.0000
vn 0.9556 0.2948 -0.0000
vn -0.9556 -0.0000 -0.2948
vn -0.9888 -0.0000 -0.1490
vn -0.6026 0.7980 -0.0000
vn -0.4457 0.8952 -0.0000
vn -0.8149 -0.5796 -0.0000
vn -0.9271 -0.3749 -0.0000
vn 0.1873 -0.9691 0.1607
vn 0.0747 -0.9972 -0.0000
vn -0.7660 -0.0000 0.6428
vn -0.0000 1.0000 -0.0000
vn 0.2588 0.9659 -0.0000
vn 1.0000 0.0067 -0.0000
vn 1.0000 -0.0064 -0.0003
vn 1.0000 0.0061 0.0009
vn -0.9888 -0.1490 -0.0000
vn -0.9556 -0.2948 -0.0000
vn -0.8660 -0.5000 -0.0000
vn -0.7071 -0.7071 -0.0000
vn 0.6981 0.7116 0.0788
vn 0.4626 0.7374 0.4922
vn -0.9010 -0.0000 -0.4339
vn 0.9630 -0.0704 0.2600
vn 0.9260 0.0526 0.3739
vn 0.9322 -0.0893 0.3509
vn -0.9659 -0.2588 -0.0000
vn 0.8502 -0.5264 -0.0000
vn -0.6026 -0.7980 -0.0000
vn -0.0000 -0.0000 -0.0000
vn 0.9736 -0.2281 -0.0024
vn 0.9671 -0.2542 0.0037
vn -0.7075 -0.7067 0.0021
vn -0.5008 -0.8656 0.0059
vn -0.5229 -0.8524 -0.0042
vn -0.7130 -0.7012 -0.0037
vn 0.7075 -0.7067 0.0021
vn 0.7130 -0.7012 -0.0037
vn 0.5229 -0.8524 -0.0042
vn 0.5008 -0.8656 0.0059
vn 0.0968 -0.9915 0.0868
vn 0.0965 -0.9915 0.0867
vn 0.2614 -0.9652 0.0071
vn 0.2324 -0.9726 -0.0016
vn -0.3665 -0.9304 -0.0050
vn -0.8717 -0.4899 -0.0039
vn -0.8665 -0.4992 0.0038
vn -0.9671 -0.2542 0.0037
vn -0.9077 -0.4196 -0.0032
vn -0.9736 -0.2281 -0.0024
vn 0.8665 -0.4992 0.0038
vn 0.8717 -0.4899 -0.0039
vn 0.4629 -0.7979 0.3862
vn -0.9495 0.3138 0.0016
vn -0.9095 0.3234 0.2611
vn -0.9010 0.4339 -0.0000
vn -0.9556 0.2948 -0.0000
vn -0.5193 0.8387 0.1639
vn -0.3653 0.9309 -0.0000
vn -0.3951 0.9185 0.0137
vn -0.2225 0.9749 -0.0000
vn -0.2808 0.9598 -0.0000
vn -0.0343 0.9994 -0.0000
vn -0.9901 0.0744 0.1186
vn -0.9888 0.1490 -0.0000
vn -0.9551 0.0018 -0.2964
vn -0.8916 -0.0013 -0.4527
vn 0.7432 -0.6689 -0.0173
vn 0.7073 -0.7070 0.0007
vn 0.5045 -0.8634 -0.0005
vn 0.5173 -0.8558 0.0013
vn 0.2533 -0.9674 0.0005
vn 0.2763 -0.9610 -0.0138
vn 0.3637 -0.9315 0.0030
vn -0.8129 0.3550 0.4617
vn -0.5973 0.3732 0.7099
vn -0.5312 0.4644 0.7087
vn -0.9808 -0.1934 0.0241
vn -0.9676 -0.2525 0.0004
vn -1.0000 0.0072 0.0003
vn -1.0000 0.0067 -0.0004
vn -0.9998 -0.0189 0.0006
vn -0.9062 -0.4229 0.0021
vn -0.9999 0.0128 0.0016
vn -0.9998 -0.0182 -0.0023
vn 0.9397 -0.0000 0.3420
vn 0.7660 -0.0000 0.6428
vn 0.7390 -0.6737 -0.0000
vn 0.6026 -0.7980 -0.0000
vn -0.4190 0.2542 0.8717
vn -0.3641 0.3431 0.8659
vn -0.2847 0.4052 0.8688
vn -0.3303 0.3778 0.8649
vn -0.2152 0.1403 0.9664
vn -0.1875 0.1796 0.9657
vn -0.1875 0.1810 0.9654
vn -0.1453 0.1979 0.9694
vn 0.9988 -0.0440 0.0226
vn 0.8654 -0.3179 0.3874
vn 0.7910 -0.4315 0.4336
vn 0.7892 -0.5781 0.2074
vn 0.7020 -0.6800 0.2117
vn 0.1026 0.2253 0.9689
vn 0.1099 0.2243 0.9683
vn 0.1059 0.2255 0.9685
vn 0.0465 0.2386 0.9700
vn -0.0103 0.2238 0.9746
vn 0.6768 -0.6796 0.2830
vn 0.6199 -0.7825 0.0584
vn -0.3545 -0.0016 -0.9351
vn 0.9352 0.1854 0.3018
vn 0.8737 0.4378 0.2119
vn 0.8818 0.3494 0.3167
vn 0.7435 0.6671 0.0456
vn 0.7556 0.6031 0.2558
vn 0.9077 -0.4196 -0.0032
vn -1.0000 -0.0000 0.0002
vn -0.0849 0.2170 0.9725
vn -0.0833 0.2168 0.9727
vn -0.0822 0.2170 0.9727
vn -0.2219 0.0906 0.9709
vn -0.2244 0.0911 0.9702
vn -0.2274 0.0902 0.9696
vn -0.2319 0.0136 0.9726
vn -0.4586 0.5407 0.7052
vn -0.4145 0.5770 0.7038
vn -0.9541 0.1492 0.2597
vn -0.0282 0.8836 0.4675
vn -0.3281 0.9439 0.0384
vn -0.1518 0.8729 0.4637
vn -0.3653 -0.0000 -0.9309
vn -0.2714 0.8390 0.4716
vn -0.9383 -0.3444 0.0301
vn 0.9010 -0.0000 0.4339
vn -0.9171 -0.1580 0.3659
vn -0.9089 -0.2359 0.3439
vn -0.8518 -0.3707 0.3701
vn -0.4911 -0.0857 0.8669
vn -0.9681 0.1746 0.1800
vn -0.8437 0.2413 0.4796
vn 0.9159 -0.1652 0.3657
vn -0.0575 0.4963 0.8662
vn 0.9899 0.0010 -0.1418
vn 0.0753 -0.9968 0.0282
vn -0.8974 -0.0086 0.4411
vn -0.8531 0.1341 0.5043
vn 0.2392 -0.0783 0.9678
vn 0.2397 -0.0779 0.9677
vn 0.0303 -0.2384 0.9707
vn 0.1923 -0.1605 0.9681
vn 0.1946 -0.1622 0.9674
vn 0.2223 -0.1231 0.9672
vn 0.2381 -0.0789 0.9680
vn -0.0207 0.7083 0.7056
vn -0.0808 -0.9929 0.0869
vn -0.1598 -0.9834 0.0860
vn -0.0494 -0.9950 0.0870
vn -0.2366 -0.0657 0.9694
vn -0.1320 -0.2210 0.9663
vn -0.1311 -0.2215 0.9663
vn -0.1300 -0.2215 0.9665
vn -0.0906 -0.2382 0.9670
vn -0.3420 -0.0000 0.9397
vn 0.6924 -0.2022 -0.6926
vn 0.2734 0.9582 -0.0838
vn 0.2731 0.9583 -0.0838
vn 0.2722 0.9586 -0.0839
vn 0.2710 0.9589 -0.0839
vn 0.2823 0.9557 -0.0836
vn 0.2711 0.9589 -0.0839
vn 0.2707 0.9590 -0.0839
vn 0.9500 0.3122 -0.0000
vn 0.8262 -0.5633 -0.0000
vn -0.7069 0.7073 -0.0000
vn 0.0532 -0.7070 0.7052
vn 0.0041 -0.4947 0.8690
vn -0.0927 -0.4876 0.8681
vn 0.8518 0.5239 -0.0000
vn 0.3651 -0.3407 0.8664
vn 0.3952 -0.3092 0.8650
vn 0.4433 -0.2285 0.8668
vn -0.1737 -0.0000 -0.9848
vn -0.7965 -0.4980 0.3428
vn -0.7009 -0.6099 0.3700
vn -0.8502 -0.5264 -0.0000
vn -0.9325 -0.3612 -0.0000
vn -0.6101 -0.7138 0.3439
vn -0.5413 -0.7588 0.3621
vn -0.2266 -0.4397 0.8691
vn -0.2704 -0.4104 0.8709
vn -0.2495 -0.9647 0.0844
vn -0.2388 -0.9674 0.0846
vn -0.2401 -0.9671 0.0846
vn -0.2410 -0.9668 0.0846
vn -0.2413 -0.9668 0.0846
vn -0.2413 -0.9667 0.0846
vn -0.2400 -0.9671 0.0846
vn -0.2386 -0.9674 0.0846
vn -0.2389 -0.9674 0.0846
vn -0.2378 -0.9676 0.0847
vn -0.8518 0.5239 -0.0000
vn 0.1737 -0.0000 -0.9848
vn -0.1776 -0.4604 0.8698
vn -0.9888 -0.0000 0.1490
vn -0.9887 -0.1498 -0.0000
vn -0.2737 0.9618 -0.0000
vn -0.0923 0.9957 -0.0000
vn -0.0000 1.0000 -0.0005
vn -0.0000 1.0000 0.0005
vn -0.2225 -0.9749 -0.0000
vn -0.0747 -0.9972 -0.0000
vn 0.2588 -0.9659 -0.0000
vn 0.8502 0.5264 -0.0000
vn -0.6428 -0.0000 -0.7660
vn -0.7660 -0.0000 -0.6428
vn -0.9208 -0.3212 0.2213
vn 0.4816 -0.1311 0.8665
vn 0.6235 -0.7818 -0.0000
vn 0.9397 -0.0000 -0.3420
vn -0.8262 0.5633 -0.0000
vn -0.8131 -0.1164 0.5704
vn -0.9397 -0.0000 -0.3420
vn -0.9848 -0.0000 -0.1736
vn 0.7331 -0.6802 -0.0000
vn 0.2495 -0.9647 0.0844
vn 0.2388 -0.9674 0.0846
vn 0.2400 -0.9671 0.0846
vn 0.2410 -0.9668 0.0846
vn 0.2412 -0.9668 0.0846
vn 0.2413 -0.9667 0.0846
vn 0.2384 -0.9675 0.0846
vn 0.2413 -0.9668 0.0846
vn 0.2401 -0.9671 0.0846
vn 0.2378 -0.9676 0.0847
vn 0.3665 -0.9304 -0.0050
vn -0.1737 -0.0000 0.9848
vn -1.0000 -0.0000 0.0003
vn 0.6670 -0.6497 0.3646
vn -0.7390 0.6737 -0.0000
vn -0.7390 -0.6737 -0.0000
vn -0.3420 -0.0000 -0.9397
vn -0.9397 -0.0000 0.3420
vn 0.9848 -0.0000 -0.1736
vn 0.9010 0.4339 -0.0000
vn -0.0000 0.9962 -0.0872
vn -0.0000 -0.9962 0.0872
vn -0.0959 -0.9916 0.0868
vn -0.0965 -0.9915 0.0867
vn -0.0957 -0.9916 0.0868
vn -1.0000 -0.0000 -0.0002
vn 0.8262 0.5633 -0.0000
vn 0.7331 0.6802 -0.0000
vn 0.4918 -0.0777 0.8673
vn 0.4913 -0.0776 0.8675
vn -0.1801 0.0194 0.9835
vn -1.0000 -0.0000 -0.0003
vn 0.6631 -0.3050 -0.6835
vn 0.6632 -0.3051 -0.6834
vt -0.261799 -18.018513
vt -0.261799 -23.562672
vt -0.130900 -23.562672
vt -0.130900 -18.018513
vt 0.500000 3.141593
vt 0.500058 3.916141
vt -1.499944 3.916094
vt -1.500000 3.141593
vt -6.880291 -7.059479
vt -4.878966 -7.059680
vt -4.897371 -6.285335
vt -6.897952 -6.285165
vt -0.130900 -40.195145
vt -0.261799 -40.195145
vt -0.261799 -45.739304
vt -0.130900 -45.739304
vt 0.000000 -44.551270
vt -0.000000 -41.581184
vt -0.000000 -2.199115
vt -0.000000 -2.094395
vt -0.300000 -2.094395
vt -0.300000 -2.199115
vt -0.000000 -1.675516
vt -0.000000 -1.570796
vt -0.300000 -1.570796
vt -0.300000 -1.675516
vt 1.000000 34.246716
vt -1.000000 34.029316
vt -1.000000 28.802538
vt 1.000000 28.585136
vt 1.000000 31.415928
vt -6.910840 -4.713488
vt -4.910800 -4.713582
vt -4.911715 -3.916141
vt -6.911717 -3.916094
vt -6.850392 1.573022
vt -6.880291 0.776294
vt -4.878966 0.776495
vt -4.847810 1.573213
vt -0.000000 1.256637
vt -0.000000 1.361357
vt -0.300000 1.361357
vt -0.300000 1.256637
vt -0.261799 4.158118
vt -0.261799 6.930197
vt -0.392699 6.930197
vt -0.392699 4.158118
vt 2.403027 -7.854551
vt 2.380938 -8.651207
vt 4.381998 -8.651192
vt 4.403647 -7.854529
vt 2.000000 2.076942
vt 2.000000 2.199115
vt -0.000000 2.199115
vt -0.000000 2.076942
vt 10.000000 -0.000000
vt 10.000000 2.000000
vt 0.000000 2.000000
vt 0.000000 -0.000000
vt -0.448595 -8.651192
vt 1.552465 -8.651207
vt 1.530376 -7.854551
vt -0.470244 -7.854529
vt -0.000000 -3.534292
vt -0.000000 -3.769911
vt 0.200000 -3.769911
vt 0.200000 -3.534292
vt -6.907110 -0.772353
vt -6.910840 -1.569698
vt -4.910800 -1.569603
vt -4.906914 -0.772216
vt 28.882391 1.231780
vt 25.802769 1.987684
vt 16.363411 3.061500
vt 16.328001 3.061500
vt 6.888642 1.987684
vt 3.809019 1.231780
vt 4.502767 -0.651250
vt 10.370407 0.577332
vt 16.345705 1.061497
vt 22.321005 0.577332
vt 28.188643 -0.651250
vt -0.000000 -1.466077
vt -0.300000 -1.466077
vt 2.433586 -1.570515
vt 4.433596 -1.570526
vt 4.431748 -0.773560
vt 2.431701 -0.773544
vt 10.000000 0.200000
vt -0.000000 0.200000
vt -0.000000 3.141593
vt -0.000000 3.455752
vt -0.200000 3.455752
vt -0.200000 3.141593
vt -1.394948 -2.369133
vt 0.609467 -2.369261
vt 0.563963 -1.573213
vt -1.438618 -1.573022
vt 0.500973 4.713582
vt 0.504860 5.510969
vt -1.495336 5.510832
vt -1.499066 4.713488
vt -0.000000 1.099557
vt 2.000000 1.099557
vt 2.000000 1.221730
vt -0.000000 1.221730
vt -0.650000 -3.742191
vt -0.650000 -7.484382
vt 0.650000 -7.484382
vt 0.650000 -3.742191
vt -0.000000 0.314159
vt -0.200000 0.314159
vt -0.200000 0.000000
vt 0.532808 7.059680
vt 0.563963 7.856398
vt -1.438618 7.856207
vt -1.468517 7.059479
vt 4.000000 6.016528
vt -4.000000 6.016528
vt -4.000000 0.017707
vt 4.000000 0.017707
vt -0.000000 0.628319
vt -0.000000 0.733038
vt -0.300000 0.733038
vt -0.300000 0.628319
vt -0.523599 12.474355
vt -0.523599 15.246434
vt -0.523599 18.018513
vt -0.654498 18.018513
vt -0.654498 15.246434
vt -0.654498 12.474355
vt -0.654498 9.702276
vt -0.523599 9.702276
vt -0.000000 -4.005531
vt -0.000000 -4.241150
vt 0.200000 -4.241150
vt 0.200000 -4.005531
vt -8.000000 0.017707
vt -8.000000 0.000000
vt -0.000000 1.675516
vt -0.000000 1.780236
vt -0.300000 1.780236
vt -0.300000 1.675516
vt 1.000000 38.151737
vt 1.000000 42.459984
vt -1.000000 42.459984
vt -1.000000 38.151737
vt -0.523599 -29.106829
vt -0.523599 -26.334749
vt -0.523599 -23.562672
vt -0.523599 -20.790592
vt -0.523599 -18.018513
vt -0.654498 -18.018513
vt -0.654498 -20.790592
vt -0.654498 -23.562672
vt -0.654498 -26.334749
vt -0.654498 -29.106829
vt -6.897952 0.001979
vt -4.897371 0.002149
vt -0.448595 2.368007
vt -0.470244 1.571343
vt 1.530376 1.571366
vt 1.552465 2.368022
vt -0.261799 -26.334749
vt -0.261799 -29.106829
vt -0.130900 -29.106829
vt -0.000000 -26.730762
vt -0.130900 -26.334749
vt 1.000000 44.613312
vt -1.000000 44.482872
vt 2.352643 -9.424778
vt 4.354268 -9.424778
vt -0.420865 3.141593
vt 1.580760 3.141593
vt 1.515258 -7.057737
vt -0.485060 -7.057714
vt 4.000000 0.000000
vt 4.000000 9.514717
vt -4.000000 9.514717
vt -4.000000 0.000000
vt 0.000000 -4.476770
vt -0.000000 -4.712389
vt 0.200000 -4.712389
vt 0.200000 -4.476770
vt 8.250000 13.089969
vt 8.250000 14.398966
vt -8.250000 14.398966
vt -8.250000 13.089969
vt 2.434030 -3.915686
vt 2.433586 -4.712670
vt 4.433596 -4.712659
vt 4.434030 -3.915681
vt -0.000000 0.837758
vt -0.000000 0.942478
vt -0.300000 0.942478
vt -0.300000 0.837758
vt 2.434030 -2.367499
vt 4.434030 -2.367505
vt 2.418145 0.774552
vt 4.418463 0.774529
vt 4.403647 1.571343
vt 2.403027 1.571366
vt -0.000000 -1.884956
vt -0.000000 -1.780236
vt -0.300000 -1.780236
vt -0.300000 -1.884956
vt -4.000000 -0.003418
vt 4.000000 -0.003418
vt 4.000000 15.930361
vt 3.925431 16.699642
vt 3.695736 17.461414
vt 3.319841 18.162661
vt 2.828785 18.759506
vt 2.232128 19.250738
vt 1.530993 19.626877
vt 0.769271 19.856796
vt 0.000000 19.931465
vt -0.769271 19.856796
vt -1.530993 19.626877
vt -2.232128 19.250738
vt -2.828785 18.759506
vt -3.319841 18.162661
vt -3.695736 17.461414
vt -3.925431 16.699642
vt -4.000000 15.930361
vt -0.392699 -18.018513
vt -0.392699 -20.790592
vt -0.392699 -23.562672
vt -0.261799 -34.650986
vt -0.261799 -31.878908
vt -0.392699 -31.878908
vt -0.392699 -34.650986
vt -1.486179 -0.001979
vt 0.514403 -0.002149
vt 0.504860 0.772216
vt -1.495336 0.772353
vt -0.493809 -6.283672
vt 1.506331 -6.283692
vt 1.501702 -5.509641
vt -0.498345 -5.509625
vt 0.609467 8.652446
vt -1.394948 8.652318
vt 2.427072 0.000506
vt 4.427212 0.000486
vt -0.500627 -2.367505
vt -0.500655 -3.141593
vt 1.499345 -3.141593
vt 1.499373 -2.367499
vt -0.261799 42.967224
vt -0.261799 40.195145
vt -0.130900 40.195145
vt -0.000000 41.581184
vt -0.000000 44.551270
vt -0.130900 45.739304
vt -0.261799 45.739304
vt -0.000000 1.178097
vt -0.000000 1.570796
vt -2.000000 1.570796
vt -2.000000 1.178097
vt 0.667727 9.424778
vt -1.339034 9.424778
vt -1.750000 -23.935944
vt -1.750000 -26.927937
vt 2.250000 -26.927937
vt 2.250000 -23.935944
vt -0.000000 1.466077
vt -0.300000 1.466077
vt 1.000000 54.979908
vt 1.000000 60.163208
vt -1.000000 60.163208
vt -1.000000 54.936428
vt 2.434058 -3.141593
vt 4.434058 -3.141593
vt -0.000000 -1.989675
vt -0.300000 -1.989675
vt -0.000000 -1.178097
vt -0.000000 -0.785398
vt -2.000000 -0.785398
vt -2.000000 -1.178097
vt -0.500193 -4.712659
vt 1.499817 -4.712670
vt 1.499373 -3.915686
vt -0.500627 -3.915681
vt -0.000000 0.209440
vt -0.300000 0.314159
vt -0.300000 0.209440
vt -0.500193 -1.570526
vt 1.499817 -1.570515
vt -1.000000 6.638841
vt 1.000000 6.638841
vt 1.000000 15.255339
vt -1.000000 15.255339
vt -6.806722 -8.652318
vt -4.802306 -8.652446
vt -4.847810 -7.856398
vt -6.850392 -7.856207
vt -0.000000 0.418879
vt -0.000000 0.523599
vt -0.300000 0.523599
vt -0.300000 0.418879
vt -0.392699 -26.334749
vt 2.431701 -5.509641
vt 4.431748 -5.509625
vt -0.485060 0.774529
vt -0.493809 0.000486
vt 1.506331 0.000506
vt 1.515258 0.774552
vt 4.000000 16.335917
vt 3.925428 17.105190
vt 3.695727 17.866957
vt 3.319827 18.568195
vt 2.828771 19.165033
vt 2.232114 19.656260
vt 1.530983 20.032393
vt 0.769265 20.262308
vt -0.000000 20.336977
vt -0.769265 20.262308
vt -1.530983 20.032393
vt -2.232114 19.656260
vt -2.828771 19.165033
vt -3.319827 18.568195
vt -3.695727 17.866957
vt -3.925428 17.105190
vt -4.000000 16.335917
vt -4.000000 0.003418
vt 4.000000 0.003418
vt -11.500000 7.068583
vt -11.500000 6.283185
vt 11.500000 6.283185
vt 11.500000 7.068583
vt 2.499431 1.659170
vt 2.019706 2.218285
vt 1.418183 2.643625
vt 0.731137 2.909543
vt -0.000000 3.000000
vt -0.731137 2.909543
vt -1.418183 2.643625
vt -2.019706 2.218285
vt -2.499431 1.659170
vt -2.828427 1.000000
vt -0.000000 1.000000
vt 2.828427 1.000000
vt -1.000000 -1.251875
vt -1.000000 -1.877812
vt 1.000000 -1.877812
vt 1.000000 -1.251875
vt -0.000000 -1.361357
vt -0.300000 -1.361357
vt -1.000000 0.000000
vt -1.000000 -0.625937
vt 1.000000 -0.625937
vt 1.000000 0.000000
vt -0.420865 -9.424778
vt 1.580760 -9.424778
vt -1.750000 26.927937
vt -1.750000 23.935944
vt 2.250000 23.935944
vt 2.250000 26.927937
vt 1.000000 46.768234
vt 1.000000 51.076485
vt -1.000000 51.076485
vt -1.000000 46.768234
vt 2.418145 -7.057737
vt 4.418463 -7.057714
vt -4.000000 3.498632
vt -3.925431 2.729352
vt -3.695736 1.967580
vt -3.319841 1.266332
vt -2.828785 0.669486
vt -2.232128 0.178255
vt -1.530993 -0.197882
vt -0.769271 -0.427803
vt 0.000000 -0.502472
vt 0.769271 -0.427803
vt 1.530993 -0.197882
vt 2.232128 0.178255
vt 2.828785 0.669486
vt 3.319841 1.266332
vt 3.695736 1.967580
vt 3.925431 2.729352
vt 4.000000 3.498632
vt 4.000000 19.428993
vt -4.000000 19.428993
vt -0.300000 1.570796
vt -4.000000 19.824282
vt -4.000000 3.488366
vt -3.925428 2.719091
vt -3.695727 1.957326
vt -3.319827 1.256086
vt -2.828771 0.659248
vt -2.232114 0.168023
vt -1.530983 -0.208110
vt -0.769265 -0.438027
vt -0.000000 -0.512695
vt 0.769265 -0.438027
vt 1.530983 -0.208110
vt 2.232114 0.168023
vt 2.828771 0.659248
vt 3.319827 1.256086
vt 3.695727 1.957326
vt 3.925428 2.719091
vt 4.000000 3.488366
vt 4.000000 19.824282
vt -0.000000 1.047198
vt -0.300000 1.047198
vt -1.750000 -50.863880
vt -1.750000 -53.855873
vt 2.250000 -53.855873
vt 2.250000 -50.863880
vt -0.130900 29.106829
vt -0.261799 29.106829
vt -0.261799 26.334749
vt -0.261799 23.562672
vt -0.130900 23.562672
vt -0.130900 26.334749
vt -0.000000 26.730762
vt 2.380938 2.368022
vt 4.381998 2.368007
vt 4.354268 3.141593
vt 2.352643 3.141593
vt -0.392699 -37.423065
vt -0.392699 -40.195145
vt -0.200000 0.628319
vt -1.750000 0.000000
vt -1.750000 -2.991993
vt 2.250000 -2.991993
vt 2.250000 0.000000
vt -0.650000 22.453148
vt -0.650000 18.710957
vt 0.650000 18.710957
vt 0.650000 22.453148
vt -0.000000 1.151917
vt -0.300000 1.151917
vt 8.250000 9.162979
vt 8.250000 10.471976
vt -8.250000 10.471976
vt -8.250000 9.162979
vt -1.000000 1.462065
vt -1.000000 0.877239
vt 1.000000 0.877239
vt 1.000000 1.462065
vt -1.000000 1.877812
vt -1.000000 1.251875
vt 1.000000 1.251875
vt 1.000000 1.877812
vt -1.750000 -5.983986
vt -1.750000 -8.975979
vt 2.250000 -8.975979
vt 2.250000 -5.983986
vt -35.172314 0.619922
vt -19.305990 1.880777
vt -3.443085 0.619922
vt -3.043371 2.581230
vt -19.309408 3.880774
vt -35.572029 2.581230
vt -1.000000 0.625937
vt 1.000000 0.625937
vt -0.000000 -0.628319
vt -0.000000 -0.523599
vt -0.300000 -0.523599
vt -0.300000 -0.628319
vt -3.028599 2.918360
vt -3.601202 3.167119
vt -4.217585 3.266250
vt -4.839310 3.209570
vt -5.427607 3.000614
vt -5.945787 2.652413
vt -9.364094 0.034901
vt -17.051172 -3.806499
vt -25.455845 -5.597877
vt -25.455845 -11.615603
vt -15.325023 -9.558269
vt -6.059768 -4.973381
vt -1.948542 -1.822694
vt -1.557194 -1.389899
vt -1.276829 -0.878177
vt -1.122718 -0.315403
vt -1.103258 0.267766
vt -1.219507 0.839561
vt -1.465134 1.368836
vt -1.826758 1.826758
vt -2.535485 2.535485
vt -0.650000 -22.453148
vt -0.650000 -26.195339
vt 0.650000 -26.195339
vt 0.650000 -22.453148
vt 0.000000 23.699631
vt -0.500066 23.741776
vt -1.000000 23.871838
vt 1.000000 23.871838
vt 0.500066 23.741776
vt -1.000000 2.046891
vt 1.000000 2.046891
vt -55.349033 0.839561
vt -55.465286 0.267766
vt -55.445824 -0.315403
vt -55.291714 -0.878177
vt -55.011349 -1.389899
vt -54.619999 -1.822694
vt -50.508774 -4.973381
vt -41.243519 -9.558269
vt -31.112698 -11.615603
vt -31.112698 -5.597877
vt -39.517368 -3.806499
vt -43.482761 -2.129639
vt -47.204449 0.034901
vt -50.622753 2.652413
vt -51.140938 3.000614
vt -51.729233 3.209570
vt -52.350956 3.266250
vt -52.967342 3.167119
vt -53.539944 2.918360
vt -54.033058 2.535485
vt -54.741783 1.826758
vt -55.103409 1.368836
vt -19.500000 0.000000
vt -19.282202 -2.906324
vt -18.633671 -5.747726
vt -17.568893 -8.460733
vt -16.111656 -10.984741
vt -14.294512 -13.263368
vt -12.158051 -15.245714
vt -9.750000 -16.887495
vt -7.124150 -18.152039
vt -4.339158 -19.011093
vt -1.457237 -19.445475
vt 1.457237 -19.445475
vt 4.339158 -19.011093
vt 7.124150 -18.152039
vt 9.750000 -16.887495
vt 12.158051 -15.245714
vt 14.294512 -13.263368
vt 16.111656 -10.984741
vt 17.568893 -8.460733
vt 18.633671 -5.747726
vt 19.282202 -2.906324
vt 19.500000 -0.000000
vt 19.282202 2.906324
vt 18.633671 5.747726
vt 17.568893 8.460733
vt 16.111656 10.984741
vt 14.294512 13.263368
vt 12.158051 15.245714
vt 9.750000 16.887495
vt 7.124150 18.152039
vt 4.339158 19.011093
vt 1.457237 19.445475
vt -1.457237 19.445475
vt -4.339158 19.011093
vt -7.124150 18.152039
vt -9.750000 16.887495
vt -12.158051 15.245714
vt -14.294512 13.263368
vt -16.111656 10.984741
vt -17.568893 8.460733
vt -18.633671 5.747726
vt -19.282202 2.906324
vt 5.656854 0.899875
vt 5.656854 1.000000
vt 42.961807 -4.207739
vt 39.240120 -6.372279
vt 35.274731 -8.049139
vt 26.870058 -9.840518
vt 26.870058 -14.958369
vt 21.213203 -14.958369
vt 21.213203 -9.840518
vt 12.808532 -8.049139
vt 5.121453 -4.207739
vt 1.703147 -1.590227
vt 1.184966 -1.242026
vt 0.596670 -1.033071
vt -0.025056 -0.976391
vt -0.641439 -1.075522
vt -1.214041 -1.324281
vt -1.707156 -1.707156
vt -2.415883 -2.415883
vt -2.777507 -2.873804
vt -3.023134 -3.403079
vt -3.139383 -3.974875
vt -3.119922 -4.558044
vt -2.965812 -5.120818
vt -2.685446 -5.632540
vt -2.294099 -6.065335
vt 1.853291 -9.240160
vt 11.205856 -13.842969
vt 21.430099 -15.873027
vt 26.653160 -15.873027
vt 36.877403 -13.842969
vt 46.229969 -9.240160
vt 50.377361 -6.065335
vt 50.768707 -5.632540
vt 51.049072 -5.120818
vt 51.203182 -4.558044
vt 51.222645 -3.974875
vt 51.106396 -3.403079
vt 50.860767 -2.873804
vt 50.499146 -2.415883
vt 49.790417 -1.707156
vt 49.297302 -1.324281
vt 48.724701 -1.075522
vt 48.108318 -0.976391
vt 47.486591 -1.033071
vt 46.898296 -1.242026
vt 46.380116 -1.590227
vt -0.650000 29.937531
vt -0.650000 26.195339
vt 0.650000 26.195339
vt 0.650000 29.937531
vt 0.000000 0.899875
vt 0.000000 -4.319690
vt -2.000000 -4.319690
vt -2.000000 -4.712389
vt 0.000000 4.319690
vt 0.000000 4.712389
vt -2.000000 4.712389
vt -2.000000 4.319690
vt -0.650000 -29.937531
vt -0.650000 -33.679722
vt 0.650000 -33.679722
vt 0.650000 -29.937531
vt -8.250000 3.926991
vt 8.250000 3.926991
vt 8.250000 5.235988
vt -8.250000 5.235988
vt -0.261799 9.702276
vt -0.261799 12.474355
vt -0.392699 12.474355
vt -0.392699 9.702276
vt 8.250000 2.617994
vt -8.250000 2.617994
vt -8.250000 1.308997
vt 8.250000 1.308997
vt -0.650000 63.617252
vt -0.650000 59.875061
vt 0.650000 59.875061
vt 0.650000 63.617252
vt -0.523599 -56.827618
vt -0.523599 -54.055538
vt -0.523599 -51.283463
vt -0.523599 -48.511383
vt -0.523599 -45.739304
vt -0.654498 -45.739304
vt -0.654498 -48.511383
vt -0.654498 -51.283463
vt -0.654498 -54.055538
vt -0.654498 -56.827618
vt -0.000000 -1.047198
vt -0.000000 -0.942478
vt -0.300000 -0.942478
vt -0.300000 -1.047198
vt -0.261799 15.246434
vt -0.261799 18.018513
vt -0.392699 18.018513
vt -0.392699 15.246434
vt -1.000000 0.292413
vt -1.000000 -0.292413
vt 1.000000 -0.292413
vt 1.000000 0.292413
vt -0.200000 0.942478
vt -1.750000 47.871887
vt -1.750000 44.879894
vt 2.250000 44.879894
vt 2.250000 47.871887
vt -0.261799 -51.283463
vt -0.261799 -56.827618
vt -0.130900 -56.827618
vt 0.000000 -56.431606
vt -0.000000 -53.461525
vt -0.130900 -51.283463
vt 1.000000 18.218540
vt -1.000000 18.348982
vt -1.000000 7.895424
vt 1.000000 7.851944
vt -1.000000 2.668646
vt 1.000000 2.668646
vt -0.261799 48.511383
vt 0.000000 47.521355
vt -0.000000 50.491440
vt -0.130900 51.283463
vt -0.261799 51.283463
vt -14.382149 -8.405267
vt -14.371082 -8.922365
vt -14.367388 -9.424778
vt 19.500000 -9.424778
vt 18.914728 -8.835729
vt -19.500000 -6.928116
vt -19.500000 -7.666692
vt 17.833288 -7.657632
vt 17.378679 -7.068583
vt -25.111359 3.864370
vt -28.190981 3.108466
vt -27.497232 1.225436
vt -21.629593 2.454018
vt -15.654295 2.938183
vt -9.678996 2.454018
vt -3.811357 1.225436
vt -3.117609 3.108466
vt -6.197232 3.864370
vt -15.636590 4.938186
vt -15.654295 4.938500
vt -15.671999 4.938186
vt 17.378679 -2.356194
vt -19.500000 -2.496662
vt -19.500000 -3.235238
vt 17.005590 -2.945243
vt -20.500000 6.928116
vt 17.378679 7.068583
vt 17.833288 7.657632
vt -20.500000 7.666692
vt -14.382149 8.405267
vt 18.914728 8.835729
vt 19.500000 9.424778
vt -14.367388 9.424778
vt -14.371082 8.922365
vt -14.367388 0.000000
vt 19.500000 0.000000
vt 18.914728 0.589049
vt -14.382149 1.019511
vt -14.371082 0.502413
vt -11.500000 -0.785398
vt -11.500000 -1.570796
vt 4.833289 -1.767146
vt 5.351950 -1.178097
vt 5.914729 -0.589049
vt -1.000000 -0.877239
vt 1.000000 -0.877239
vt 2.427072 -6.283692
vt 4.427212 -6.283672
vt -4.000000 7.175889
vt 4.000000 7.175889
vt 4.000000 16.690605
vt -4.000000 16.690605
vt -19.500000 -5.450965
vt 16.557644 -5.301438
vt 16.500000 -4.712389
vt -19.500000 -4.712389
vt -20.500000 4.712389
vt 16.500000 4.712389
vt 16.557644 5.301438
vt -20.500000 5.450965
vt -11.500000 -5.497787
vt -11.500000 -6.283185
vt 4.005591 -6.479535
vt 3.728361 -5.890486
vt 3.557644 -5.301438
vt -11.500000 -7.068583
vt -11.500000 -7.853982
vt 4.833289 -7.657632
vt 4.378680 -7.068583
vt -0.000000 29.707443
vt 0.500066 29.665298
vt 1.000000 29.535236
vt -1.000000 29.535236
vt -0.500066 29.665298
vt -20.399876 8.405267
vt -20.500000 8.405267
vt 18.351950 8.246681
vt 16.728361 5.890486
vt 17.005590 6.479535
vt -20.500000 6.189540
vt 3.500000 -4.712389
vt -11.500000 -4.712389
vt 16.557644 -4.123340
vt -19.500000 -3.973813
vt 16.728361 -3.534292
vt -19.500000 -1.019511
vt -19.500000 -1.758086
vt 17.833288 -1.767146
vt 18.351950 -1.178097
vt 18.914728 -0.589049
vt -14.382149 -1.019511
vt -20.500000 1.758086
vt -20.500000 1.019511
vt -20.399876 1.019511
vt 18.351950 1.178097
vt 17.833288 1.767146
vt 11.500000 -5.497787
vt 11.500000 -4.712389
vt 9.500000 -4.712389
vt 9.442356 -5.301438
vt -20.500000 3.973813
vt -20.500000 3.235238
vt 17.005590 2.945243
vt 16.728361 3.534292
vt 16.557644 4.123340
vt -20.500000 2.496662
vt 17.378679 2.356194
vt -6.907110 -5.510832
vt -4.906914 -5.510969
vt -0.000000 1.989675
vt -0.000000 2.094395
vt -0.300000 2.094395
vt -0.300000 1.989675
vt -0.650000 0.000000
vt 0.650000 0.000000
vt 2.000000 0.000000
vt 2.000000 0.122173
vt -0.000000 0.122173
vt 17.005590 -6.479535
vt -19.500000 -6.189540
vt 0.000000 -38.611099
vt -0.000000 -35.641014
vt -0.130900 -34.650986
vt -0.000000 -4.948008
vt 0.200000 -4.948008
vt 0.585717 -1.000000
vt 0.585717 1.000000
vt -0.416574 1.000000
vt -0.416574 -1.000000
vt -1.750000 20.943951
vt -1.750000 17.951958
vt 2.250000 17.951958
vt 2.250000 20.943951
vt -0.000000 -62.371777
vt -0.000000 -59.401691
vt -0.130900 -59.599697
vt -0.130900 -62.371777
vt -1.000000 2.330592
vt 1.000000 2.330592
vt -0.000000 -0.418879
vt -0.300000 -0.418879
vt 3.320812 14.920078
vt 2.829826 15.517525
vt 2.233116 16.009197
vt 1.531749 16.385702
vt 0.769671 16.615858
vt 0.000000 16.690605
vt -0.769671 16.615858
vt -1.531749 16.385702
vt -2.233116 16.009197
vt -2.829826 15.517525
vt -3.320812 14.920078
vt -3.696369 14.218267
vt -3.925645 13.455998
vt -4.000000 12.686289
vt 4.000000 12.686289
vt 3.925645 13.455998
vt 3.696369 14.218267
vt -0.000000 -1.710423
vt 2.000000 -1.710423
vt 2.000000 -1.588250
vt -0.000000 -1.588250
vt -0.000000 -1.256637
vt -0.000000 -1.151917
vt -0.300000 -1.151917
vt -0.300000 -1.256637
vt 0.000000 -2.748894
vt 0.000000 -2.356194
vt -2.000000 -2.356194
vt -2.000000 -2.748894
vt -2.499431 -1.659170
vt -2.019706 -2.218285
vt -1.418183 -2.643625
vt -0.731137 -2.909543
vt -0.000000 -3.000000
vt 0.731137 -2.909543
vt 1.418183 -2.643625
vt 2.019706 -2.218285
vt 2.499431 -1.659170
vt 2.828427 -1.000000
vt -2.828427 -1.000000
vt -1.339034 -3.141593
vt 0.667727 -3.141593
vt -0.392699 20.790592
vt -0.392699 23.562672
vt -0.523599 23.562672
vt -0.523599 20.790592
vt -0.392699 -6.930197
vt -0.392699 -9.702276
vt -0.392699 -12.474355
vt -0.261799 -12.474355
vt -0.261799 -6.930197
vt 0.532808 -0.776495
vt -1.468517 -0.776294
vt -0.392699 34.650986
vt -0.392699 37.423065
vt -0.392699 40.195145
vt -0.523599 40.195145
vt -0.523599 37.423065
vt -0.523599 34.650986
vt -0.650000 -37.421913
vt -0.650000 -41.164104
vt 0.650000 -41.164104
vt 0.650000 -37.421913
vt -0.523599 26.334749
vt -0.392699 26.334749
vt -0.392699 29.106829
vt -0.523599 29.106829
vt 0.000000 -1.832596
vt 0.000000 -1.649336
vt -2.000000 -1.649336
vt -2.000000 -1.832596
vt -4.829629 1.294095
vt -4.330127 2.500000
vt -3.535534 3.535534
vt -2.500000 4.330127
vt -1.294095 4.829629
vt -0.000000 5.000000
vt 1.294095 4.829629
vt 2.500000 4.330127
vt 3.535534 3.535534
vt 4.330127 2.500000
vt 4.829629 1.294095
vt 5.000000 0.000000
vt 4.829629 -1.294095
vt 18.882563 7.315144
vt 17.216896 10.660251
vt 14.964931 13.642337
vt 12.203351 16.159849
vt 9.026202 18.127056
vt 5.541676 19.476969
vt 1.868434 20.163616
vt -1.868434 20.163616
vt -5.541676 19.476969
vt -9.026202 18.127056
vt -12.203351 16.159849
vt -14.964931 13.642337
vt -17.216896 10.660251
vt -18.882563 7.315144
vt -19.905205 3.720928
vt -20.250000 0.000000
vt -19.905205 -3.720928
vt -18.882563 -7.315144
vt -2.500000 -4.330127
vt -3.535534 -3.535534
vt -4.330127 -2.500000
vt -4.829629 -1.294095
vt -5.000000 0.000000
vt -0.650000 7.484382
vt -0.650000 3.742191
vt 0.650000 3.742191
vt 0.650000 7.484382
vt 2.000000 -1.466077
vt 2.000000 -1.343904
vt -0.000000 -1.343904
vt -1.750000 -38.895908
vt -1.750000 -41.887901
vt 2.250000 -41.887901
vt 2.250000 -38.895908
vt -0.650000 -59.875061
vt -0.650000 -63.617252
vt 0.650000 -63.617252
vt 0.650000 -59.875061
vt -0.000000 2.827433
vt -0.200000 2.827433
vt 0.000000 1.282817
vt -2.000000 1.282817
vt -2.000000 1.099557
vt 2.000000 1.343904
vt -0.000000 1.343904
vt -0.392699 56.827618
vt -0.392699 59.599697
vt -0.392699 62.371777
vt -0.523599 62.371777
vt -0.523599 59.599697
vt -0.523599 56.827618
vt -0.523599 54.055538
vt -0.392699 54.055538
vt -1.499066 1.569698
vt 0.500973 1.569603
vt 0.500058 2.367044
vt -1.499944 2.367091
vt 35.561680 -1.341810
vt 35.961395 0.619498
vt 19.698776 1.919042
vt 3.432738 0.619498
vt 3.832452 -1.341810
vt 19.695358 -0.080955
vt -0.000000 1.963495
vt -2.000000 1.963495
vt -0.000000 2.356194
vt 0.000000 2.748894
vt -2.000000 2.748894
vt -2.000000 2.356194
vt -0.650000 56.132870
vt -0.650000 52.390678
vt 0.650000 52.390678
vt 0.650000 56.132870
vt 2.000000 1.466077
vt 2.000000 1.588250
vt -0.000000 1.588250
vt -1.750000 -44.879894
vt -1.750000 -47.871887
vt 2.250000 -47.871887
vt 2.250000 -44.879894
vt -1.750000 32.911922
vt -1.750000 29.919930
vt 2.250000 29.919930
vt 2.250000 32.911922
vt -0.650000 14.968765
vt 0.650000 14.968765
vt -2.000000 -1.466077
vt -0.000000 0.610865
vt 2.000000 0.610865
vt 2.000000 0.733038
vt -8.250000 -3.926991
vt 8.250000 -3.926991
vt 8.250000 -2.617994
vt -8.250000 -2.617994
vt -0.523599 6.930197
vt -0.654498 6.930197
vt -0.654498 4.158118
vt -0.654498 1.386039
vt -0.523599 1.386039
vt -0.523599 4.158118
vt -0.498345 -0.773560
vt 1.501702 -0.773544
vt 8.250000 -1.308997
vt 8.250000 0.000000
vt -8.250000 0.000000
vt -8.250000 -1.308997
vt -8.250000 -5.235988
vt 8.250000 -5.235988
vt 8.250000 -9.162979
vt -8.250000 -9.162979
vt -8.250000 -10.471976
vt 8.250000 -10.471976
vt -2.000000 1.466077
vt -1.750000 5.983986
vt -1.750000 2.991993
vt 2.250000 2.991993
vt 2.250000 5.983986
vt -0.000000 -0.209440
vt -0.000000 -0.104720
vt -0.300000 -0.104720
vt -0.300000 -0.209440
vt 8.250000 11.780972
vt -8.250000 11.780972
vt -0.650000 44.906296
vt -0.650000 41.164104
vt 0.650000 41.164104
vt 0.650000 44.906296
vt -1.750000 -29.919930
vt 2.250000 -29.919930
vt -0.000000 0.488692
vt 2.000000 0.488692
vt 8.250000 7.853982
vt -8.250000 7.853982
vt -8.250000 6.544985
vt 8.250000 6.544985
vt 11.500000 0.785398
vt -11.500000 0.785398
vt -11.500000 0.000000
vt 6.500000 0.000000
vt 11.500000 0.000000
vt -1.750000 -56.847866
vt -1.750000 -59.839859
vt 2.250000 -59.839859
vt 2.250000 -56.847866
vt 8.250000 -13.089969
vt 8.250000 -11.780972
vt -8.250000 -11.780972
vt -8.250000 -13.089969
vt -0.130900 15.246434
vt -0.130900 18.018513
vt -0.000000 -0.314159
vt -0.300000 -0.314159
vt -0.261799 -1.386039
vt -0.392699 1.386039
vt -0.392699 -1.386039
vt -8.250000 -15.707963
vt 8.250000 -15.707963
vt 8.250000 -14.398966
vt -8.250000 -14.398966
vt -0.650000 -11.226574
vt 0.650000 -11.226574
vt 0.000000 -0.549779
vt 0.000000 -0.366519
vt -2.000000 -0.366519
vt -2.000000 -0.549779
vt -0.650000 -44.906296
vt 0.650000 -44.906296
vt 6.500000 -9.424778
vt 0.000000 -9.424778
vt 11.500000 -9.424778
vt 7.085271 -0.589049
vt 11.500000 -0.785398
vt 11.500000 -7.068583
vt 11.500000 -6.283185
vt 8.994409 -6.479535
vt 8.621320 -7.068583
vt 11.500000 -2.356194
vt 8.621320 -2.356194
vt 8.994409 -2.945243
vt 11.500000 -3.141593
vt -0.000000 20.790592
vt -0.000000 23.760677
vt -0.000000 17.820507
vt 11.500000 -3.926991
vt 9.442356 -4.123340
vt 9.271639 -5.890486
vt 8.166711 -7.657632
vt 11.500000 -7.853982
vt 11.500000 -8.639380
vt 7.648050 -8.246681
vt 7.085271 -8.835729
vt 11.500000 -1.570796
vt 8.166711 -1.767146
vt -1.750000 -20.943951
vt 2.250000 -20.943951
vt 11.500000 5.497787
vt -11.500000 5.497787
vt -1.750000 56.847866
vt -1.750000 53.855873
vt 2.250000 53.855873
vt 2.250000 56.847866
vt -1.750000 41.887901
vt -1.750000 38.895908
vt 2.250000 38.895908
vt 2.250000 41.887901
vt -1.750000 35.903915
vt 2.250000 35.903915
vt -1.750000 62.831852
vt -1.750000 59.839859
vt 2.250000 59.839859
vt 2.250000 62.831852
vt 0.000000 0.183260
vt 0.000000 0.366519
vt -2.000000 0.366519
vt -2.000000 0.183260
vt -11.500000 1.570796
vt 11.500000 1.570796
vt -19.500000 -8.405267
vt 18.351950 -8.246681
vt 4.378680 -2.356194
vt -11.500000 -2.356194
vt -11.500000 -3.141593
vt 4.005591 -2.945243
vt -11.500000 -3.926991
vt 3.557644 -4.123340
vt 3.728361 -3.534292
vt -0.261799 54.055538
vt -0.392699 51.283463
vt -0.392699 48.511383
vt 5.914729 -8.835729
vt -11.500000 -8.639380
vt -11.500000 -9.424778
vt 5.351950 -8.246681
vt -0.000000 1.832596
vt 2.000000 1.832596
vt 2.000000 1.954769
vt -0.000000 1.954769
vt -11.500000 4.712389
vt 11.500000 4.712389
vt 2.000000 1.710423
vt -0.000000 1.710423
vt -11.500000 7.853982
vt 11.500000 7.853982
vt 11.500000 8.639380
vt -11.500000 8.639380
vt -0.650000 -14.968765
vt -0.650000 -18.710957
vt 0.650000 -18.710957
vt 0.650000 -14.968765
vt -0.300000 2.199115
vt -0.523599 51.283463
vt -0.523599 48.511383
vt -0.000000 0.785398
vt -2.000000 0.785398
vt -0.523599 42.967224
vt -0.523599 45.739304
vt -0.654498 51.283463
vt -0.654498 48.511383
vt -0.654498 45.739304
vt -0.654498 42.967224
vt -0.130900 -1.386039
vt -0.000000 -2.970085
vt -0.130900 -6.930197
vt 0.000000 -5.940169
vt -0.000000 -8.910254
vt 0.000000 -50.491440
vt -0.000000 -47.521355
vt -0.000000 -11.880339
vt -0.130900 -12.474355
vt -0.000000 -14.850423
vt -0.654498 20.790592
vt -0.654498 23.562672
vt -0.654498 26.334749
vt -0.654498 29.106829
vt -0.654498 31.878908
vt -0.785398 32.670933
vt -0.785398 29.700846
vt -0.785398 26.730762
vt -0.785398 23.760677
vt -0.785398 20.790592
vt -0.785398 17.820507
vt -0.785398 14.850423
vt -0.785398 11.880339
vt -0.785398 8.910254
vt -0.785398 5.940169
vt -0.785398 2.970085
vt -0.130900 -15.246434
vt -0.000000 -17.820507
vt 16.728361 -5.890486
vt 0.000000 -0.733038
vt -2.000000 -0.733038
vt -0.130900 4.158118
vt -0.000000 2.970085
vt -0.000000 5.940169
vt -0.130900 9.702276
vt -0.000000 8.910254
vt -0.000000 11.880339
vt -0.000000 14.850423
vt 7.648050 -1.178097
vt -0.000000 -5.419247
vt 0.000000 -5.654867
vt 0.200000 -5.654867
vt 0.200000 -5.419247
vt -0.785398 35.641014
vt -0.654498 34.650986
vt -0.654498 37.423065
vt -0.654498 40.195145
vt -0.654498 54.055538
vt -0.654498 56.827618
vt -0.654498 59.599697
vt -0.654498 62.371777
vt -0.785398 62.371777
vt -0.785398 59.401691
vt -0.785398 56.431606
vt -0.785398 53.461525
vt -0.785398 50.491440
vt -0.785398 47.521355
vt -0.785398 44.551270
vt -0.785398 41.581184
vt -0.785398 38.611099
vt -0.392699 45.739304
vt -0.392699 42.967224
vt -0.000000 62.371777
vt -0.130900 62.371777
vt -0.130900 59.599697
vt -0.000000 59.401691
vt -0.000000 29.700846
vt 0.000000 11.880339
vt -0.000000 0.392699
vt -2.000000 0.392699
vt -0.261799 31.878908
vt 0.000000 29.700846
vt -0.000000 32.670933
vt -0.130900 34.650986
vt -0.261799 34.650986
vt -0.000000 -0.837758
vt -0.300000 -0.733038
vt -0.300000 -0.837758
vt -0.000000 35.641014
vt -0.261799 37.423065
vt -0.000000 38.611099
vt -4.911774 -3.141593
vt -6.911774 -3.141593
vt -0.000000 2.513274
vt -0.200000 2.513274
vt -0.200000 2.199115
vt 0.000000 -2.015855
vt -2.000000 -2.015855
vt -0.000000 1.884956
vt -0.300000 1.884956
vt -0.392699 -59.599697
vt -0.392699 -56.827618
vt -0.392699 -54.055538
vt -0.523599 -59.599697
vt -0.523599 -62.371777
vt -0.392699 -62.371777
vt -0.000000 53.461525
vt -0.130900 56.827618
vt -0.261799 56.827618
vt -0.000000 56.431606
vt -0.392699 -4.158118
vt -0.000000 -23.760677
vt -0.000000 -20.790592
vt -0.523599 31.878908
vt -14.371082 -0.502413
vt -0.000000 -32.670933
vt -0.261799 62.371777
vt -0.261799 59.599697
vt -0.000000 -29.700846
vt -0.654498 -4.158118
vt -0.654498 -1.386039
vt -0.785398 -0.000000
vt -0.785398 -2.970085
vt -0.785398 -5.940169
vt -0.785398 -8.910254
vt -0.785398 -11.880339
vt -0.785398 -14.850423
vt -0.785398 -17.820507
vt -0.785398 -20.790592
vt -0.785398 -23.760677
vt -0.785398 -26.730762
vt -0.785398 -29.700846
vt -0.785398 -32.670933
vt -0.654498 -31.878908
vt -0.654498 -15.246434
vt -0.654498 -12.474355
vt -0.654498 -9.702276
vt -0.654498 -6.930197
vt -0.392699 31.878908
vt -4.000000 16.002329
vt -4.000000 10.003508
vt 4.000000 10.003508
vt 4.000000 16.002329
vt 8.000000 -0.000000
vt 8.000000 0.017707
vt -0.785398 -35.641014
vt -0.785398 -38.611099
vt -0.785398 -41.581184
vt -0.785398 -44.551270
vt -0.785398 -47.521355
vt -0.785398 -50.491440
vt -0.785398 -53.461525
vt -0.785398 -56.431606
vt -0.785398 -59.401691
vt -0.785398 -62.371777
vt -0.654498 -62.371777
vt -0.654498 -59.599697
vt -0.654498 -42.967224
vt -0.654498 -40.195145
vt -0.654498 -37.423065
vt -0.654498 -34.650986
vt 0.000000 -2.827433
vt -0.000000 -3.063053
vt 0.200000 -3.063053
vt 0.200000 -2.827433
vt 0.000000 0.916298
vt -2.000000 0.916298
vt -0.261799 -62.371777
vt 0.000000 9.424778
vt -11.500000 9.424778
vt 11.500000 9.424778
vt 0.000000 -3.926991
vt -2.000000 -3.926991
vt 2.000000 0.855211
vt -0.000000 0.855211
vt 2.829826 1.173081
vt 3.320812 1.770528
vt 3.696369 2.472339
vt 3.925645 3.234608
vt 4.000000 4.004317
vt -4.000000 4.004317
vt -3.925645 3.234608
vt -3.696369 2.472339
vt -3.320812 1.770528
vt -2.829826 1.173081
vt -2.233116 0.681408
vt -1.531749 0.304904
vt -0.769671 0.074748
vt 0.769671 0.074748
vt 1.531749 0.304904
vt 2.233116 0.681408
vt -1.750000 -11.967972
vt 2.250000 -11.967972
vt -0.585717 1.000000
vt -0.585717 -1.000000
vt 0.416574 -1.000000
vt 0.416574 1.000000
vt -0.392699 -29.106829
vt -0.523599 -31.878908
vt -0.523599 -34.650986
vt -1.000000 -1.462065
vt -1.000000 -2.046891
vt 1.000000 -2.046891
vt 1.000000 -1.462065
vt -0.523599 -15.246434
vt -0.523599 -12.474355
vt -0.523599 -9.702276
vt -0.000000 -1.099557
vt 2.000000 -1.099557
vt 2.000000 -0.977384
vt -0.000000 -0.977384
vt -0.392699 -51.283463
vt -0.392699 -48.511383
vt -0.650000 -52.390678
vt -0.650000 -56.132870
vt 0.650000 -56.132870
vt 0.650000 -52.390678
vt -0.392699 -45.739304
vt -0.392699 -42.967224
vt -0.523599 -40.195145
vt -0.523599 -42.967224
vt -4.000000 4.004687
vt -3.925669 3.234929
vt -3.696442 2.472602
vt -3.320924 1.770727
vt -2.829946 1.173211
vt -2.233229 0.681486
vt -1.531836 0.304941
vt -0.769717 0.074757
vt 0.769717 0.074757
vt 1.531836 0.304941
vt 2.233229 0.681486
vt 2.829946 1.173211
vt 3.320924 1.770727
vt 3.696442 2.472602
vt 3.925669 3.234929
vt 4.000000 4.004687
vt 2.000000 -1.221730
vt -0.000000 -1.221730
vt -0.523599 -37.423065
vt 11.500000 2.356194
vt -11.500000 2.356194
vt -0.000000 0.104720
vt -0.300000 0.104720
vt -0.300000 0.000000
vt -0.650000 37.421913
vt -0.650000 33.679722
vt 0.650000 33.679722
vt 0.650000 37.421913
vt 2.130678 4.803719
vt 2.078367 4.894324
vt 2.013136 4.976121
vt 1.936443 5.047282
vt 1.850000 5.106218
vt 1.755739 5.151612
vt 1.655765 5.182450
vt 1.552311 5.198043
vt 1.447689 5.198043
vt 1.344235 5.182450
vt 1.244261 5.151612
vt 1.150000 5.106218
vt 1.063557 5.047282
vt 0.986864 4.976121
vt 0.921633 4.894324
vt 0.869322 4.803719
vt 0.831099 4.706329
vt 0.807818 4.604330
vt 0.800000 4.500000
vt 0.807818 4.395670
vt 0.831099 4.293671
vt 0.869322 4.196281
vt 0.921633 4.105676
vt 0.986864 4.023879
vt 1.063557 3.952718
vt 1.150000 3.893782
vt 1.244261 3.848388
vt 1.344235 3.817550
vt 1.447689 3.801957
vt 1.552311 3.801957
vt 1.655765 3.817550
vt 1.755739 3.848388
vt 1.850000 3.893782
vt 1.936443 3.952718
vt 2.013136 4.023879
vt 2.078367 4.105676
vt 2.130678 4.196281
vt 2.168901 4.293671
vt 2.192182 4.395670
vt 2.200000 4.500000
vt 2.192182 4.604330
vt 2.168901 4.706329
vt -1.750000 -32.911922
vt -1.750000 -35.903915
vt 2.250000 -35.903915
vt 2.250000 -32.911922
vt 8.250000 -7.853982
vt 8.250000 -6.544985
vt -8.250000 -6.544985
vt -8.250000 -7.853982
vt -0.650000 11.226574
vt 0.650000 11.226574
vt -6.750807 -9.424778
vt -4.744046 -9.424778
vt -2.000000 0.000000
vt -0.000000 -0.610865
vt 2.000000 -0.610865
vt 2.000000 -0.488692
vt -0.000000 -0.488692
vt -6.911717 -2.367091
vt -4.911715 -2.367044
vt -0.523599 -6.930197
vt -1.750000 -17.951958
vt 2.250000 -17.951958
vt -1.750000 -62.831852
vt 2.250000 -62.831852
vt -0.000000 -1.954769
vt 2.000000 -1.954769
vt 2.000000 -1.832596
vt -0.000000 0.366519
vt 2.000000 0.366519
vt 0.776457 2.897777
vt -0.776457 2.897777
vt -1.500000 2.598076
vt -2.121320 2.121320
vt -2.598076 1.500000
vt -2.897777 0.776457
vt -3.000000 0.000000
vt -2.897777 -0.776457
vt -2.598076 -1.500000
vt -2.121320 -2.121320
vt -1.500000 -2.598076
vt -0.776457 -2.897777
vt 0.776457 -2.897777
vt 1.500000 -2.598076
vt 2.121320 -2.121320
vt 2.598076 -1.500000
vt 2.897777 -0.776457
vt 3.000000 -0.000000
vt 2.897777 0.776457
vt 2.598076 1.500000
vt 2.121320 2.121320
vt 1.500000 2.598076
vt -1.750000 50.863880
vt 2.250000 50.863880
vt -0.000000 -3.298672
vt 0.200000 -3.298672
vt -0.000000 -0.244346
vt 2.000000 -0.244346
vt 2.000000 -0.122173
vt -0.000000 -0.122173
vt -1.750000 -14.959965
vt 2.250000 -14.959965
vt 10.000000 -17.320507
vt 12.469796 -15.636630
vt 14.661037 -13.603455
vt 16.524775 -11.266401
vt 18.019377 -8.677675
vt 19.111456 -5.895103
vt 19.776617 -2.980845
vt 20.000000 -0.000000
vt 19.776617 2.980845
vt 19.111456 5.895103
vt 18.019377 8.677675
vt 16.524775 11.266401
vt 14.661037 13.603455
vt 12.469796 15.636630
vt 10.000000 17.320507
vt 7.306820 18.617476
vt 4.450419 19.498558
vt 1.494602 19.944077
vt -1.494602 19.944077
vt -4.450419 19.498558
vt -7.306820 18.617476
vt -10.000000 17.320507
vt -12.469796 15.636630
vt -14.661037 13.603455
vt -16.524775 11.266401
vt -18.019377 8.677675
vt -19.111456 5.895103
vt -19.776617 2.980845
vt -20.000000 0.000000
vt -19.776617 -2.980845
vt -19.111456 -5.895103
vt -18.019377 -8.677675
vt -16.524775 -11.266401
vt -14.661037 -13.603455
vt -12.469796 -15.636630
vt -10.000000 -17.320507
vt -7.306820 -18.617476
vt -4.450419 -19.498558
vt -1.494602 -19.944077
vt 1.494602 -19.944077
vt 4.450419 -19.498558
vt 7.306820 -18.617476
vt 0.000000 -3.000000
vt -1.294095 -4.829629
vt -0.000000 -5.000000
vt 1.294095 -4.829629
vt 2.500000 -4.330127
vt 3.535534 -3.535534
vt 4.330127 -2.500000
vt 3.000000 0.000000
vt 4.000000 12.015349
vt 3.925669 12.785107
vt 3.696442 13.547434
vt 3.320924 14.249309
vt 2.829946 14.846825
vt 2.233229 15.338550
vt 1.531836 15.715096
vt 0.769717 15.945280
vt 0.000000 16.020037
vt -0.769717 15.945280
vt -1.531836 15.715096
vt -2.233229 15.338550
vt -2.829946 14.846825
vt -3.320924 14.249309
vt -3.696442 13.547434
vt -3.925669 12.785107
vt -4.000000 12.015349
vt 9.271639 -3.534292
vt 2.000000 0.977384
vt -0.000000 0.977384
vt 0.000000 -5.000000
vt -17.216896 -10.660251
vt -14.964931 -13.642337
vt -12.203351 -16.159849
vt -9.026202 -18.127056
vt -5.541676 -19.476969
vt -1.868434 -20.163616
vt 1.868434 -20.163616
vt 5.541676 -19.476969
vt 9.026202 -18.127056
vt 12.203351 -16.159849
vt 14.964931 -13.642337
vt 17.216896 -10.660251
vt 18.882563 -7.315144
vt 19.905205 -3.720928
vt 20.250000 -0.000000
vt 19.905205 3.720928
vt -0.000000 3.769911
vt -0.200000 3.769911
vt -0.392699 -15.246434
vt -0.650000 48.648487
vt 0.650000 48.648487
vt -0.650000 -48.648487
vt 0.650000 -48.648487
vt 0.000000 5.000000
vt 1.299038 5.750000
vt 1.060660 6.060660
vt 0.750000 6.299038
vt 0.388229 6.448889
vt 0.000000 6.500000
vt -0.388229 6.448889
vt -0.750000 6.299038
vt -1.060660 6.060660
vt -1.299038 5.750000
vt -1.448889 5.388229
vt -1.500000 5.000000
vt -1.500000 -5.000000
vt -1.448889 -5.388229
vt -1.299038 -5.750000
vt -1.060660 -6.060660
vt -0.750000 -6.299038
vt -0.388229 -6.448889
vt -0.000000 -6.500000
vt 0.388229 -6.448889
vt 0.750000 -6.299038
vt 1.060660 -6.060660
vt 1.299038 -5.750000
vt 1.448889 -5.388229
vt 1.500000 -5.000000
vt 1.500000 5.000000
vt 1.448889 5.388229
vt -2.000000 -1.570796
vt 0.000000 3.534292
vt 0.000000 3.926991
vt -2.000000 3.926991
vt -2.000000 3.534292
vt -2.000000 3.141593
vt 0.636396 -5.636396
vt 0.450000 -5.779423
vt 0.232937 -5.869333
vt -0.000000 -5.900000
vt -0.000000 -6.200000
vt 0.310583 -6.159111
vt 0.600000 -6.039230
vt 0.848528 -5.848528
vt 1.039230 -5.600000
vt 1.159111 -5.310583
vt 1.200000 -5.000000
vt 0.900000 5.000000
vt 0.900000 -5.000000
vt 0.869333 -5.232937
vt 0.779423 -5.450000
vt -0.000000 -1.963495
vt -2.000000 -1.963495
vt 0.000000 -3.141593
vt -2.000000 -3.141593
vt -2.000000 -3.534292
vt 6.150000 5.106218
vt 6.050049 5.036231
vt 5.963769 4.949951
vt 5.893782 4.850000
vt 5.842215 4.739414
vt 5.810635 4.621554
vt 5.800000 4.500000
vt 5.810635 4.378446
vt 5.842215 4.260586
vt 5.893782 4.150000
vt 5.963769 4.050049
vt 6.050049 3.963769
vt 6.150000 3.893782
vt 6.260586 3.842215
vt 6.378446 3.810635
vt 6.500000 3.800000
vt 6.621554 3.810635
vt 6.739414 3.842215
vt 6.850000 3.893782
vt 6.949951 3.963769
vt 7.036231 4.050049
vt 7.106218 4.150000
vt 7.157785 4.260586
vt 7.189365 4.378446
vt 7.200000 4.500000
vt 7.189365 4.621554
vt 7.157785 4.739414
vt 7.106218 4.850000
vt 7.036231 4.949951
vt 6.949951 5.036231
vt 6.850000 5.106218
vt 6.739414 5.157785
vt 6.621554 5.189365
vt 6.500000 5.200000
vt 6.378446 5.189365
vt 6.260586 5.157785
vt -0.000000 -0.855211
vt 2.000000 -0.855211
vt 2.000000 -0.733038
vt 20.250000 0.000000
vt 1.050049 5.036231
vt 0.963769 4.949951
vt 0.893782 4.850000
vt 0.842215 4.739414
vt 0.810635 4.621554
vt 0.810635 4.378446
vt 0.842215 4.260586
vt 0.893782 4.150000
vt 0.963769 4.050049
vt 1.050049 3.963769
vt 1.260586 3.842215
vt 1.378446 3.810635
vt 1.500000 3.800000
vt 1.621554 3.810635
vt 1.739414 3.842215
vt 1.949951 3.963769
vt 2.036231 4.050049
vt 2.106218 4.150000
vt 2.157785 4.260586
vt 2.189365 4.378446
vt 2.189365 4.621554
vt 2.157785 4.739414
vt 2.106218 4.850000
vt 2.036231 4.949951
vt 1.949951 5.036231
vt 1.739414 5.157785
vt 1.621554 5.189365
vt 1.500000 5.200000
vt 1.378446 5.189365
vt 1.260586 5.157785
vt -0.200000 1.256637
vt -0.000000 -5.183628
vt 0.200000 -5.183628
vt 11.500000 3.141593
vt 11.500000 3.926991
vt -11.500000 3.926991
vt -11.500000 3.141593
vt 4.000000 -1.007640
vt 4.000000 1.000000
vt -4.000000 1.000000
vt -4.000000 -1.007640
vt -0.000000 -0.392699
vt -2.000000 -0.392699
vt 0.000000 -0.183260
vt -2.000000 -0.183260
vt 2.000000 0.244346
vt -0.000000 0.244346
vt 2.000000 -2.199115
vt 2.000000 -2.076942
vt -0.000000 -2.076942
vt -1.750000 8.975979
vt 2.250000 8.975979
vt 0.000000 -1.282817
vt -2.000000 -1.282817
vt 8.000000 0.000000
vt 8.000000 30.000000
vt 0.000000 30.000000
vt 1.994975 4.994975
vt 8.000000 5.800000
vt -0.000000 5.800000
vt 1.005025 4.994975
vt 1.318827 5.176148
vt 1.681173 5.176148
vt -4.000000 -1.000000
vt 4.000000 -1.000000
vt 0.000000 0.549779
vt -2.000000 0.733038
vt -2.000000 0.549779
vt 2.000000 5.800000
vt 4.614672 35.685841
vt 2.614672 35.860817
vt 0.000000 5.974977
vt 6.994975 4.005025
vt 6.681173 3.823852
vt 6.318827 3.823852
vt 6.005025 4.005025
vt 5.823852 4.318827
vt 5.823852 4.681173
vt 6.005025 4.994975
vt 6.318827 5.176148
vt 8.000000 5.974977
vt 7.176148 4.318827
vt 8.250000 15.707963
vt -8.250000 15.707963
vt -1.750000 14.959965
vt -1.750000 11.967972
vt 2.250000 11.967972
vt 2.250000 14.959965
vt 6.681173 5.176148
vt 6.994975 4.994975
vt 7.176148 4.681173
vt -0.200000 1.884956
vt -0.200000 1.570796
vt -0.523599 -4.158118
vt -0.523599 -1.386039
vt -6.750807 3.141593
vt -6.806722 2.369133
vt -4.802306 2.369261
vt -4.744046 3.141593
vt -1.655765 3.817550
vt -1.552311 3.801957
vt -1.447689 3.801957
vt -1.344235 3.817550
vt -1.244261 3.848388
vt -1.150000 3.893782
vt -1.063557 3.952718
vt -0.986864 4.023879
vt -0.921633 4.105676
vt -0.869322 4.196281
vt -0.831099 4.293671
vt -0.807818 4.395670
vt -0.800000 4.500000
vt -0.807818 4.604330
vt -0.831099 4.706329
vt -0.869322 4.803719
vt -0.921633 4.894324
vt -0.986864 4.976121
vt -1.063557 5.047282
vt -1.150000 5.106218
vt -1.244261 5.151612
vt -1.344235 5.182450
vt -1.447689 5.198043
vt -1.552311 5.198043
vt -1.655765 5.182450
vt -1.755739 5.151612
vt -1.850000 5.106218
vt -1.936443 5.047282
vt -2.013136 4.976121
vt -2.078367 4.894324
vt -2.130678 4.803719
vt -2.168901 4.706329
vt -2.192182 4.604330
vt -2.200000 4.500000
vt -2.192182 4.395670
vt -2.168901 4.293671
vt -2.130678 4.196281
vt -2.078367 4.105676
vt -2.013136 4.023879
vt -1.936443 3.952718
vt -1.850000 3.893782
vt -1.755739 3.848388
vt 2.000000 -0.366519
vt -2.000000 -2.199115
vt 0.000000 1.649336
vt -2.000000 1.649336
vt 0.000000 -1.099557
vt 0.000000 -0.916298
vt -2.000000 -0.916298
vt -2.000000 -1.099557
vt -2.000000 1.832596
vt 1.994975 4.005025
vt 1.681173 3.823852
vt 1.318827 3.823852
vt 1.005025 4.005025
vt 0.823852 4.318827
vt 0.823852 4.681173
vt 2.176148 4.681173
vt 2.176148 4.318827
vt 0.000000 2.015855
vt -2.000000 2.015855
vt -0.614672 35.860817
vt -2.614672 35.685841
vt 2.000000 5.974977
vt -2.000000 2.199115
vt 0.514403 6.285335
vt -1.486179 6.285165
vt -1.159111 5.310583
vt -1.200000 5.000000
vt -1.200000 -5.000000
vt -1.159111 -5.310583
vt -1.039230 -5.600000
vt -0.848528 -5.848528
vt -0.600000 -6.039230
vt -0.310583 -6.159111
vt -0.232937 -5.869333
vt -0.450000 -5.779423
vt -0.636396 -5.636396
vt -0.779423 -5.450000
vt -0.869333 -5.232937
vt -0.900000 -5.000000
vt -0.900000 5.000000
vt -0.869333 5.232937
vt -0.779423 5.450000
vt -0.636396 5.636396
vt -0.450000 5.779423
vt -0.232937 5.869333
vt 0.000000 5.900000
vt 0.232937 5.869333
vt 0.450000 5.779423
vt 0.636396 5.636396
vt 0.779423 5.450000
vt 0.869333 5.232937
vt 1.200000 5.000000
vt 1.159111 5.310583
vt 1.039230 5.600000
vt 0.848528 5.848528
vt 0.600000 6.039230
vt 0.310583 6.159111
vt 0.000000 6.200000
vt -0.310583 6.159111
vt -0.600000 6.039230
vt -0.848528 5.848528
vt -1.039230 5.600000
vt -0.000000 5.900000
s 1
usemtl Paint_-_Enamel_Glossy_(Black50).003
f 20/177/133 21/178/134 18/179/134 19/180/135
f 481/185/138 480/186/139 420/187/139 419/188/138
f 155/308/229 154/309/230 153/310/231 152/311/232 151/312/233 150/313/234 149/314/235 148/315/236 147/316/237 146/317/236 145/318/232 144/319/234 143/320/233 142/321/232 141/322/236 140/323/230 139/324/237 102/325/238 101/326/239
f 174/385/238 156/386/272 157/387/273 158/388/274 159/389/275 160/390/276 161/391/277 162/392/275 163/393/278 164/394/279 165/395/280 166/396/275 167/397/277 168/398/277 169/399/281 170/400/282 171/401/273 172/402/283 173/403/239
f 484/434/312 483/435/241 417/436/241 416/437/312
f 102/385/238 84/386/272 85/387/279 86/388/278 87/389/281 88/390/276 89/391/277 90/392/275 91/393/278 92/394/273 93/395/282 94/396/275 95/397/277 96/398/277 97/399/281 98/400/313 99/401/273 100/402/283 101/403/239
f 412/621/377 488/622/377 487/623/383 413/624/383
f 489/629/388 411/630/388 410/631/389 490/632/389
f 174/325/238 173/326/239 227/308/229 226/309/449 225/310/231 224/311/232 223/312/233 222/313/234 221/314/235 220/315/236 219/316/230 218/317/236 217/318/235 216/319/234 215/320/233 214/321/232 213/322/236 212/323/230 211/324/237
f 44/729/463 83/730/463 81/731/97 45/732/99
f 4/822/541 5/823/542 6/824/542 7/825/541 8/826/543 9/827/544 10/828/543 11/829/541 12/830/542 13/831/545 14/832/541 15/833/543 16/834/546 17/835/547 18/179/134 21/178/134 1/836/547 2/837/544 3/838/543
f 1013/889/205 1014/890/204 1008/891/204 1009/892/205
f 1029/103/375 1030/946/136 992/947/136 993/948/375
f 1014/890/204 1015/83/87 1007/992/87 1008/891/204
f 430/996/610 470/997/610 469/998/611 431/999/611
f 468/1008/621 467/1009/17 409/1010/17 432/1011/621
f 430/996/610 429/1012/622 471/1013/622 470/997/610
f 474/1014/623 426/1015/623 425/1016/582 475/1017/582
f 1030/946/136 1031/266/137 991/1018/137 992/947/136
f 482/1027/240 418/1028/240 417/436/241 483/435/241
f 485/1037/637 415/1038/637 414/1039/638 486/1040/638
f 477/1050/644 476/1051/645 424/1052/645 423/1053/644
f 413/624/383 487/623/383 486/1040/638 414/1039/638
f 421/1061/390 479/1062/390 478/1063/652 422/1064/652
f 490/632/389 410/631/389 409/1010/17 467/1009/17
f 469/998/611 468/1008/621 432/1011/621 431/999/611
f 1020/1067/529 1021/1068/552 1001/1069/552 1002/1070/529
f 1024/1117/66 1025/1118/65 997/1119/65 998/1120/66
f 477/1050/644 423/1053/644 422/1064/652 478/1063/652
f 1019/1195/196 1020/1067/529 1002/1070/529 1003/1196/196
f 1012/1252/215 1013/889/205 1009/892/205 1010/1253/215
f 482/1027/240 481/185/138 419/188/138 418/1028/240
f 1028/1321/597 1029/103/375 993/948/375 994/1322/597
f 77/1331/790 76/1332/791 75/1333/792 74/1334/793 73/1335/794 83/730/463 44/729/463 43/1336/794 72/1337/795 71/1338/792 70/1339/791 69/1340/790 68/1341/790 67/1342/791 66/1343/792 65/59/796 80/1344/792 79/1345/791 78/1346/790
f 473/1451/242 472/1452/837 428/1453/837 427/1454/242
f 1023/59/17 1024/1117/66 998/1120/66 999/1459/17
f 1041/1732/434 1038/1733/434 1037/1734/434 1042/1735/434
f 1022/1738/77 1023/59/17 999/1459/17 1000/1739/77
f 1015/83/87 1016/1747/96 1006/1748/96 1007/992/87
f 1036/1749/870 1037/1750/870 1038/1751/870 1035/59/870
f 1040/1749/871 1041/1750/871 1042/1751/871 1039/59/871
f 1027/1409/637 1026/1752/637 1036/1753/637 1035/1754/637 1032/1755/637 1031/1416/637 1030/1756/637 1029/1722/637 1028/1757/637
f 1043/1734/375 1045/1758/375 1046/1759/375 1044/1733/375
f 1026/1760/50 1027/123/51 995/1761/51 996/1762/50
f 1035/1763/17 1038/1764/17 1041/1765/17 1040/1766/17 1045/59/17 1043/796/17
f 1021/1068/552 1022/1738/77 1000/1739/77 1001/1069/552
f 1008/1767/242 1007/1673/242 1006/1768/242 1005/1670/242 1004/1769/242 1003/1667/242 1002/1770/242 1001/1664/242 1000/1771/242 999/1661/242 998/1772/242 997/1658/242 996/1773/242 995/1655/242 994/1774/242 1040/1775/242 1039/1766/242 1046/59/242 1045/1749/242 1010/1776/242 1009/1676/242
f 420/187/139 480/186/139 479/1777/390 421/1778/390
f 987/1679/242 1010/1776/242 1045/1749/242 1040/1775/242 994/1774/242 993/1688/242 992/1783/242 991/1685/242 990/1784/242 989/1682/242 988/1785/242
f 428/1453/837 472/1452/837 471/1013/622 429/1012/622
f 475/1017/582 425/1016/582 424/1052/645 476/1051/645
f 1011/19/390 1012/1252/215 1010/1253/215 987/1837/390
f 1031/266/137 1032/1838/191 990/1839/191 991/1018/137
f 1017/1840/73 1018/1841/553 1004/1842/553 1005/1843/73
f 1018/1841/553 1019/1195/196 1003/1196/196 1004/1842/553
f 1032/1838/191 1033/1139/303 989/1844/303 990/1839/191
f 1020/1845/637 1019/1437/637 1018/1846/637 1017/1707/637 1016/1847/637 1015/1430/637 1014/1848/637 1013/1702/637 1012/1849/637 1011/1423/637 1034/1850/637 1033/1697/637 1032/1755/637 1035/1754/637 1043/59/637 1044/1749/637 1036/1753/637 1026/1752/637 1025/1717/637 1024/1851/637 1023/1444/637 1022/1852/637 1021/1712/637
f 1033/1139/303 1034/1853/302 988/1854/302 989/1844/303
f 473/1451/242 427/1454/242 426/1015/623 474/1014/623
f 1042/1855/390 1037/1856/390 1036/1754/390 1044/59/390 1046/796/390 1039/1857/390
f 1034/1853/302 1011/54/390 987/1858/390 988/1854/302
f 1016/1747/96 1017/1840/73 1005/1843/73 1006/1748/96
f 489/629/388 488/622/377 412/621/377 411/630/388
f 484/434/312 416/437/312 415/1038/637 485/1037/637
f 1027/123/51 1028/1321/597 994/1322/597 995/1761/51
f 1025/1118/65 1026/1760/50 996/1762/50 997/1119/65
usemtl Paint_-_Enamel_Glossy_Black(80).001
f 55/5/5 54/6/6 80/7/7 65/8/5
f 4/9/8 25/10/8 26/11/9 5/12/10
f 7/32/26 28/33/27 29/34/28 8/35/29
f 15/36/30 14/37/31 35/38/32 36/39/30
f 124/48/39 123/49/40 140/50/41 141/51/42
f 85/60/46 104/61/47 105/62/48 86/63/49
f 12/68/52 11/69/53 32/70/54 33/71/52
f 1/72/55 21/73/56 20/74/56 81/75/56 83/76/56 73/77/55 47/78/57 64/79/56 63/80/56 82/81/56 22/82/58
f 204/85/59 221/86/60 222/87/61 205/88/62
f 72/95/67 62/96/67 61/97/68 71/98/68
f 53/99/69 52/100/70 78/101/71 79/102/72
f 50/114/78 49/115/79 75/116/80 76/117/81
f 81/59/97 46/138/98 45/139/99
f 13/158/114 12/68/52 33/71/52 34/159/115
f 99/160/116 98/161/117 117/162/118 118/163/119
f 195/49/41 194/171/127 211/172/128 212/50/41
f 100/173/129 99/160/116 118/163/119 119/174/130
f 158/63/131 177/62/48 178/175/132 159/176/132
f 129/189/140 128/190/141 145/191/142 146/192/140
f 131/197/145 148/198/146 149/86/60 132/85/59
f 135/199/147 152/200/147 153/201/148 136/202/149
f 69/233/170 59/234/171 58/235/172 68/236/172
f 160/237/173 179/238/174 180/239/175 161/240/176
f 49/115/79 48/241/177 74/242/178 75/116/80
f 134/243/179 151/244/180 152/200/147 135/199/147
f 93/245/181 92/246/182 111/247/182 112/248/183
f 48/241/177 47/260/57 73/261/55 74/242/178
f 86/63/49 105/62/48 106/175/132 87/176/192
f 202/272/201 201/189/140 218/192/140 219/273/201
f 87/176/192 106/175/132 107/238/174 88/237/203
f 90/280/206 109/281/207 110/282/208 91/283/209
f 166/287/212 165/245/181 184/248/213 185/288/214
f 94/287/212 93/245/181 112/248/183 113/288/214
f 2/293/218 23/294/219 24/295/220 3/296/221
f 200/190/141 199/302/225 216/303/226 217/191/142
f 97/304/227 96/305/228 115/306/228 116/307/227
f 89/240/248 108/239/176 109/281/207 90/280/206
f 84/353/249 103/354/250 104/61/47 85/60/46
f 123/49/40 122/171/127 139/172/128 140/50/41
f 125/363/258 124/48/39 141/51/42 142/364/259
f 91/283/209 110/282/208 111/247/182 92/246/182
f 172/173/129 171/160/116 190/163/289 191/174/290
f 137/417/297 154/418/297 155/419/298 138/420/299
f 197/363/258 196/48/39 213/51/42 214/364/259
f 132/85/59 149/86/60 150/87/307 133/88/308
f 163/283/209 182/282/209 183/247/182 164/246/182
f 201/189/140 200/190/141 217/191/142 218/192/140
f 194/450/127 192/451/56 175/452/250 156/453/249 174/454/56 211/455/128
f 170/161/117 169/304/227 188/307/227 189/162/118
f 208/202/149 225/201/148 226/418/297 209/417/297
f 130/272/201 129/189/140 146/192/140 147/273/201
f 171/160/116 170/161/117 189/162/118 190/163/289
f 203/197/145 220/198/146 221/86/60 204/85/59
f 202/272/201 219/273/201 220/198/146 203/197/145
f 18/690/434 17/691/434 38/692/435 39/693/434 40/694/434 41/695/434 42/696/436 43/697/434 44/698/434 45/699/434 46/700/437 19/701/434
f 199/302/225 198/727/461 215/728/462 216/303/226
f 6/788/519 27/789/519 28/33/27 7/32/26
f 43/862/434 42/863/436 62/96/67 72/95/67
f 71/98/68 61/97/68 60/873/563 70/874/564
f 205/88/62 222/87/61 223/244/574 206/243/574
f 128/190/141 127/302/225 144/303/226 145/191/142
f 196/48/39 195/49/41 212/50/41 213/51/42
f 67/959/594 57/960/595 56/961/596 66/962/596
f 138/963/299 155/964/298 101/965/434 100/966/129 119/967/130 121/968/434
f 161/240/176 180/239/175 181/281/207 162/280/206
f 96/305/228 95/1006/618 114/1007/618 115/306/228
f 169/304/227 168/305/228 187/306/228 188/307/227
f 98/161/117 97/304/227 116/307/227 117/162/118
f 209/417/297 226/418/297 227/419/298 210/420/299
f 156/353/249 175/354/250 176/61/46 157/60/46
f 8/35/29 29/34/28 30/1247/758 9/1248/758
f 81/59/97 20/59/133 19/1299/135 46/1300/98
f 126/727/789 125/363/258 142/364/259 143/728/462
f 130/272/201 147/273/201 148/198/146 131/197/145
f 95/1006/618 94/287/212 113/288/214 114/1007/618
f 165/245/181 164/246/182 183/247/182 184/248/213
f 1/1457/55 22/1458/58 23/294/219 2/293/218
f 198/727/461 197/363/258 214/364/259 215/728/462
f 11/69/53 10/1464/841 31/1465/841 32/70/54
f 168/305/228 167/1006/846 186/1007/846 187/306/228
f 167/1006/846 166/287/212 185/288/214 186/1007/846
f 5/12/10 26/11/9 27/789/519 6/788/519
f 159/176/132 178/175/132 179/238/174 160/237/173
f 136/202/149 153/201/148 154/418/297 137/417/297
f 210/963/299 227/964/298 173/965/434 172/966/129 191/967/290 193/968/434
f 17/1790/434 16/1791/880 37/1792/880 38/1793/435
f 206/243/574 223/244/574 224/200/147 207/199/147
f 133/88/308 150/87/307 151/244/180 134/243/179
f 162/280/206 181/281/207 182/282/209 163/283/209
f 16/1791/880 15/36/30 36/39/30 37/1792/880
f 66/962/596 56/961/596 55/5/5 65/8/5
f 10/1464/841 9/1248/758 30/1247/758 31/1465/841
f 122/450/127 120/451/56 103/452/250 84/453/249 102/454/56 139/455/128
f 68/236/172 58/235/172 57/960/595 67/959/594
f 51/1859/882 50/114/78 76/117/81 77/1860/883
f 70/874/564 60/873/563 59/234/171 69/233/170
f 54/6/6 53/99/69 79/102/72 80/7/7
f 14/37/31 13/158/114 34/159/115 35/38/32
f 52/100/70 51/1859/882 77/1860/883 78/101/71
f 127/302/225 126/727/789 143/728/462 144/303/226
f 207/199/147 224/200/147 225/201/148 208/202/149
f 88/237/203 107/238/174 108/239/176 89/240/248
f 3/296/221 24/295/220 25/10/8 4/9/8
f 157/60/46 176/61/46 177/62/48 158/63/131
usemtl Paint_-_Enamel_Glossy_(Black).001
f 794/1/1 789/2/2 788/3/3 793/4/4
f 761/13/11 762/14/12 754/15/13 753/16/14 567/17/15 568/18/16
f 638/44/35 642/45/36 643/46/37 639/47/38
f 39/118/84 82/119/84 63/120/85 40/121/85
f 653/126/88 658/127/89 663/128/90 664/129/91 659/130/92 654/131/93 650/132/94 649/133/95
f 781/148/104 786/149/105 791/150/106 799/151/107 796/152/108 797/153/109 798/154/110 792/155/111 787/156/112 782/157/113
f 784/164/120 779/165/121 778/166/122 573/167/123 783/168/124 788/3/3 789/2/2
f 193/207/152 192/208/153 194/209/154 195/210/155 196/211/156 197/212/157 198/213/158 199/214/159 200/215/160 201/216/156 202/217/161 203/218/156 204/219/160 205/220/159 206/221/159 207/222/160 208/223/162 209/224/155 210/225/161
f 795/226/163 800/227/164 790/228/165 789/2/2 794/1/1
f 770/229/166 774/230/167 775/231/168 771/232/169
f 701/249/184 697/250/185 696/251/186 554/252/187 555/253/188 705/254/189 706/255/190
f 574/262/193 573/263/123 854/264/194 855/265/195
f 784/164/120 789/2/2 790/228/165 785/301/224
f 549/355/251 548/356/252 829/357/253 830/358/254
f 119/365/260 118/366/261 117/367/262 116/368/263 115/369/264 114/370/264 113/371/263 112/372/265 111/373/266 110/374/267 109/375/268 108/376/269 107/377/264 106/378/263 105/379/270 104/380/261 103/381/266 120/382/153 121/383/152
f 565/406/285 564/407/286 845/408/287 846/409/288
f 678/410/291 679/411/292 674/412/293 666/413/294 665/414/295 673/415/296 549/416/251
f 762/14/12 770/229/166 771/232/169 766/421/300 763/422/301
f 540/424/304 581/425/305 862/426/306 821/427/17
f 580/446/317 579/447/318 860/448/319 861/449/320
f 254/462/73 255/463/73 256/464/73 257/465/73 258/466/73 259/467/73 260/468/73 261/469/73 242/470/73 229/471/73 243/472/73 244/473/73 245/474/73 246/475/73 247/476/73 248/477/73 249/478/73 250/479/73 251/480/73 252/481/73 253/482/73
f 275/494/73 276/495/73 277/496/73 278/497/73 279/498/73 280/499/73 281/500/73 282/501/73 231/502/73 262/503/73 263/504/73 264/505/73 265/506/73 266/507/73 267/508/73 268/509/73 269/510/73 270/511/73 271/512/73 272/513/73 273/514/73 274/515/73
f 603/516/333 602/517/334 601/518/335 600/519/336 599/520/337 598/521/338 597/522/339 596/523/340 595/524/341 594/525/342 593/526/343 592/527/344 591/528/345 590/529/346 589/530/347 588/531/348 587/532/349 586/533/350 585/534/351 584/535/352 583/536/353 582/537/354 623/538/355 622/539/356 621/540/357 620/541/358 619/542/359 618/543/360 617/544/361 616/545/362 615/546/363 614/547/364 613/548/365 612/549/366 611/550/367 610/551/368 609/552/369 608/553/370 607/554/371 606/555/372 605/556/373 604/557/374
f 647/625/384 651/626/385 652/627/386 648/628/387 643/46/37 642/45/36
f 740/637/392 743/638/393 748/639/394 751/640/395 756/641/396 757/642/397 752/643/398 749/644/399 744/645/400 741/646/401
f 656/651/404 661/652/405 662/653/406 657/654/407 652/627/386 651/626/385
f 556/660/410 555/661/188 836/662/411 837/663/412
f 746/664/413 738/665/414 737/666/415 563/667/416 564/668/286 745/669/417
f 710/676/422 706/255/190 705/254/189 556/677/410 557/678/423 714/679/424 715/680/425
f 762/14/12 761/13/11 569/801/526 570/802/527 769/803/528 770/229/166
f 547/810/531 546/811/532 827/812/533 828/813/383
f 561/814/534 562/815/535 733/816/536 624/817/537
f 785/301/224 790/228/165 800/227/164 795/226/163 796/152/108 799/151/107 791/150/106 786/149/105
f 672/864/554 667/865/555 668/866/556 671/867/557 663/128/90 662/653/406
f 815/868/558 810/869/559 807/870/560 806/871/561 814/872/562
f 689/875/566 693/876/567 698/877/568 699/878/569 694/879/570 690/880/571
f 676/885/575 668/866/556 667/865/555 675/886/576 680/887/577 681/888/578
f 569/936/526 568/937/16 849/938/582 850/939/583
f 725/951/586 730/952/587 626/953/588 627/954/589 731/955/590 726/956/591 721/957/592 720/958/593
f 567/982/15 566/983/601 847/984/602 848/985/603
f 551/986/604 550/987/605 831/988/606 832/989/607
f 644/1000/612 649/133/95 650/132/94 645/1001/613 641/1002/614 631/1003/615 630/1004/616 640/1005/617
f 542/1019/624 541/1020/625 822/1021/626 823/1022/627
f 573/263/123 572/1033/634 853/1034/635 854/264/194
f 563/1046/416 562/1047/535 843/1048/642 844/1049/643
f 655/1054/646 660/1055/647 661/652/405 656/651/404
f 635/1058/649 638/44/35 639/47/38 629/1059/650 634/1060/651
f 191/365/260 190/366/261 189/367/265 188/368/263 187/369/264 186/370/264 185/371/666 184/372/265 183/373/266 182/374/667 181/375/268 180/376/264 179/377/264 178/378/263 177/379/267 176/380/261 175/381/266 192/382/153 193/383/152
f 547/1086/531 548/1087/252 665/414/295 660/1055/647 546/1088/532
f 575/1099/678 574/262/193 855/265/195 856/1100/622
f 559/1103/679 558/1104/680 839/1105/681 840/1106/682
f 554/1107/187 553/1108/683 834/1109/684 835/1110/241
f 552/1111/685 551/986/604 832/989/607 833/1112/686
f 561/1113/534 560/1114/689 841/1115/690 842/1116/390
f 715/680/425 719/1132/700 720/958/593 716/1133/701 711/1134/702 710/676/422
f 548/356/252 547/810/531 828/813/383 829/357/253
f 711/1134/702 716/1133/701 720/958/593 721/957/592 717/1156/715 712/1157/716
f 703/1160/717 708/1161/718 712/1157/716 717/1156/715 718/1162/719 713/1163/720 709/1164/721 704/1165/722
f 540/59/304 636/1166/723 581/1167/305
f 635/1058/649 814/872/562 813/1168/724 580/1169/317 581/1167/305 636/1166/723
f 580/1169/317 813/1168/724 579/1170/318
f 753/16/14 754/15/13 746/664/413 745/669/417 565/1171/285 566/1172/601
f 578/1173/725 805/1174/726 577/1175/727
f 650/132/94 654/131/93 659/130/92 664/129/91 670/1176/728 669/1177/729 677/1178/730 682/1179/731 686/1180/732 613/1181/365 614/1182/364 615/1183/363 616/1184/362 617/1185/361 618/1186/360 619/1187/359 620/1188/358 621/1189/357 622/1190/356 623/1191/355 641/1002/614 645/1001/613
f 577/1175/727 801/1192/733 576/1193/734
f 576/1193/734 801/1192/733 793/4/4
f 637/1197/736 541/1198/625 542/1199/624
f 646/1200/737 543/1201/738 544/1202/739
f 655/1054/646 545/1203/740 546/1088/532
f 655/1054/646 546/1088/532 660/1055/647
f 555/661/188 554/1107/187 835/1110/241 836/662/411
f 612/1209/366 613/1181/365 686/1180/732 691/1210/743 695/1211/744 700/1212/745 704/1165/722 709/1164/721 713/1163/720 718/1162/719 722/1213/746 727/1214/747 732/1215/748 628/1216/749 603/1217/333 604/1218/374 605/1219/373 606/1220/372 607/1221/371 608/1222/370 609/1223/369 610/1224/368 611/1225/367
f 707/1226/750 711/1134/702 712/1157/716 708/1161/718 703/1160/717 699/878/569 698/877/568 702/1227/751
f 561/1228/534 624/1229/537 728/1230/752 560/1231/689
f 665/414/295 548/1087/252 673/415/296
f 548/1087/252 549/416/251 673/415/296
f 549/416/251 550/1232/605 678/410/291
f 655/1054/646 656/651/404 651/626/385 647/625/384 646/1200/737 544/1233/739 545/1203/740
f 683/1236/753 679/411/292 678/410/291 550/1237/605 551/1238/604 687/1239/754 688/1240/755
f 551/1238/604 552/1244/685 687/1239/754
f 696/251/186 697/250/185 692/1245/757 688/1240/755 687/1239/754 552/1244/685 553/1246/683
f 553/1246/683 554/252/187 696/251/186
f 555/253/188 556/677/410 705/254/189
f 642/45/36 638/44/35 637/1197/736 542/1199/624 543/1201/738 646/1200/737 647/625/384
f 734/1256/760 739/1257/761 742/1258/762 743/638/393 740/637/392 735/1259/763 627/1260/589 626/1261/588
f 557/678/423 558/1262/680 714/679/424
f 723/1263/764 724/1264/765 719/1132/700 715/680/425 714/679/424 558/1262/680 559/1265/679
f 818/1266/766 815/868/558 814/872/562 635/1058/649 634/1060/651
f 559/1265/679 560/1231/689 723/1263/764
f 723/1263/764 560/1231/689 728/1230/752
f 788/3/3 574/1267/193 575/1268/678 576/1193/734 793/4/4
f 733/816/536 562/815/535 737/666/415
f 737/666/415 562/815/535 563/667/416
f 694/879/570 699/878/569 703/1160/717 704/1165/722 700/1212/745 695/1211/744 691/1210/743 686/1180/732 682/1179/731 681/888/578 685/1269/767 690/880/571
f 745/669/417 564/668/286 565/1171/285
f 814/872/562 806/871/561 805/1174/726 578/1173/725 579/1170/318 813/1168/724
f 753/16/14 566/1172/601 567/17/15
f 635/1058/649 636/1166/723 540/59/304 541/1198/625 637/1197/736 638/44/35
f 761/13/11 568/18/16 569/801/526
f 769/803/528 570/802/527 571/1271/769
f 728/1230/752 624/1229/537 625/1272/770 729/1273/771 724/1264/765 723/1263/764
f 778/166/122 572/1274/634 573/167/123
f 783/168/124 573/167/123 574/1267/193
f 783/168/124 574/1267/193 788/3/3
f 820/1275/772 632/1276/773 631/1003/615 641/1002/614 623/1191/355 582/1277/354 583/1278/353 584/1279/352 585/1280/351 586/1281/350 587/1282/349 588/1283/348 589/1284/347 590/1285/346 591/1286/345 592/1287/344 593/1288/343 777/1289/774 782/157/113 787/156/112 792/155/111 798/154/110 797/153/109 804/1290/775 809/1291/776 812/1292/777 817/1293/778
f 688/1240/755 692/1245/757 693/876/567 689/875/566 684/1294/779 683/1236/753
f 63/1295/780 64/1296/781 41/1297/781 40/1298/782
f 593/1288/343 594/1301/342 595/1302/341 596/1303/340 597/1304/339 598/1305/338 599/1306/337 600/1307/336 601/1308/335 602/1309/334 603/1310/333 628/1311/749 736/1312/783 741/646/401 744/645/400 749/644/399 752/643/398 757/642/397 760/1313/784 765/1314/785 768/1315/786 773/1316/787 777/1289/774
f 660/1055/647 665/414/295 666/413/294 661/652/405
f 625/1323/770 738/665/414 739/1257/761 734/1256/760 626/1261/588
f 579/447/318 578/1347/725 859/1348/798 860/448/319
f 568/937/16 567/982/15 848/985/603 849/938/582
f 775/231/168 780/1353/800 785/301/224 786/149/105 781/148/104 776/1354/801 772/1355/802 771/232/169
f 804/1290/775 797/153/109 796/152/108 803/1360/804 808/1361/805 811/1362/806 812/1292/777 809/1291/776
f 742/1258/762 747/1367/808 750/1368/809 751/640/395 748/639/394 743/638/393
f 750/1368/809 755/1373/812 758/1374/813 763/422/301 764/1375/814 759/1376/815 756/641/396 751/640/395
f 47/1377/816 48/1378/817 49/1379/818 50/1380/819 51/1381/820 52/1382/821 53/1383/819 54/1384/822 55/59/823 56/1385/822 57/1386/819 58/1387/820 59/1388/820 60/1389/819 61/1390/818 62/1391/824 42/1392/825 41/1297/781 64/1296/781
f 806/871/561 794/1/1 793/4/4 801/1192/733 577/1175/727 805/1174/726
f 763/422/301 766/421/300 771/232/169 772/1355/802 767/1395/828 764/1375/814
f 674/412/293 679/411/292 683/1236/753 684/1294/779 680/887/577 675/886/576
f 724/1264/765 729/1273/771 730/952/587 725/951/586 720/958/593 719/1132/700
f 571/1447/769 570/1448/527 851/1449/835 852/1450/836
f 779/165/121 784/164/120 785/301/224 780/1353/800 775/231/168 774/230/167
f 816/1466/842 811/1362/806 808/1361/805 807/870/560 810/869/559 815/868/558
f 576/1467/734 575/1099/678 856/1100/622 857/1468/843
f 560/1114/689 559/1103/679 840/1106/682 841/1115/690
f 541/1020/625 540/424/304 821/427/17 822/1021/626
f 562/1047/535 561/1469/534 842/1470/390 843/1048/642
f 564/407/286 563/1046/416 844/1049/643 845/408/287
f 558/1104/680 557/1498/423 838/1499/845 839/1105/681
f 577/1506/727 576/1467/734 857/1468/843 858/1507/849
f 849/1508/375 848/1509/375 847/1510/375 846/1511/375 845/1512/375 844/1513/375 843/1514/375 842/1515/375 841/1516/375 840/1517/375 839/1518/375 838/1519/375 837/1520/375 836/1521/375 835/1522/375 834/1523/375 833/1524/375 832/1525/375 831/1526/375 830/1527/375 829/1528/375 828/1529/375 827/1530/375 826/1531/375 825/1532/375 824/1533/375 823/1534/375 822/1535/375 821/1536/375 862/1537/375 861/1538/375 860/1539/375 859/1540/375 858/1541/375 857/1542/375 856/1543/375 855/1544/375 854/1545/375 853/1546/375 852/1547/375 851/1548/375 850/1549/375
f 682/1179/731 677/1178/730 669/1177/729 670/1176/728 664/129/91 663/128/90 671/867/557 668/866/556 676/885/575 681/888/578
f 82/119/84 39/118/84 38/1558/850 37/1559/851 36/1560/852 35/1561/853 34/1562/854 33/1563/855 32/1564/853 31/1565/852 30/1566/856 29/1567/852 28/1568/853 27/1569/857 26/1570/857 25/1571/853 24/1572/858 23/1573/851 22/1574/859
f 570/1448/527 569/936/526 850/939/583 851/1449/835
f 803/1360/804 796/152/108 795/226/163 802/1597/863 807/870/560 808/1361/805
f 557/1498/423 556/660/410 837/663/412 838/1499/845
f 572/1033/634 571/1447/769 852/1450/836 853/1034/635
f 692/1245/757 697/250/185 701/249/184 702/1227/751 698/877/568 693/876/567
f 717/1156/715 721/957/592 726/956/591 731/955/590 627/954/589 628/1216/749 732/1215/748 727/1214/747 722/1213/746 718/1162/719
f 706/255/190 710/676/422 711/1134/702 707/1226/750 702/1227/751 701/249/184
f 746/664/413 747/1367/808 742/1258/762 739/1257/761 738/665/414
f 543/1745/738 542/1019/624 823/1022/627 824/1746/869
f 648/628/387 652/627/386 653/126/88 649/133/95 644/1000/612 643/46/37
f 122/209/154 123/210/872 124/211/156 125/212/157 126/213/159 127/214/159 128/215/160 129/216/873 130/217/874 131/218/156 132/219/160 133/220/159 134/221/159 135/222/160 136/223/162 137/224/155 138/225/161 121/207/152 120/208/153
f 729/1273/771 625/1272/770 626/953/588 730/952/587
f 545/1779/740 544/1780/739 825/1781/876 826/1782/877
f 550/987/605 549/355/251 830/358/254 831/988/606
f 746/664/413 754/15/13 755/1373/812 750/1368/809 747/1367/808
f 762/14/12 763/422/301 758/1374/813 755/1373/812 754/15/13
f 819/1788/878 816/1466/842 815/868/558 818/1266/766 634/1060/651 629/1059/650 630/1004/616 633/1789/879
f 778/166/122 779/165/121 774/230/167 770/229/166 769/803/528 571/1271/769 572/1274/634
f 566/983/601 565/406/285 846/409/288 847/984/602
f 740/637/392 741/646/401 736/1312/783 628/1311/749 627/1260/589 735/1259/763
f 544/1780/739 543/1745/738 824/1746/869 825/1781/876
f 553/1108/683 552/1111/685 833/1112/686 834/1109/684
f 772/1355/802 776/1354/801 781/148/104 782/157/113 777/1289/774 773/1316/787
f 624/817/537 733/816/536 737/666/415 738/665/414 625/1323/770
f 639/47/38 643/46/37 644/1000/612 640/1005/617 630/1004/616 629/1059/650
f 807/870/560 802/1597/863 795/226/163 794/1/1 806/871/561
f 684/1294/779 689/875/566 690/880/571 685/1269/767 681/888/578 680/887/577
f 675/886/576 667/865/555 666/413/294 674/412/293
f 756/641/396 759/1376/815 764/1375/814 767/1395/828 772/1355/802 773/1316/787 768/1315/786 765/1314/785 760/1313/784 757/642/397
f 817/1293/778 812/1292/777 811/1362/806 816/1466/842 819/1788/878 633/1789/879 630/1004/616 631/1003/615 632/1276/773 820/1275/772
f 546/811/532 545/1779/740 826/1782/877 827/812/533
f 652/627/386 657/654/407 662/653/406 663/128/90 658/127/89 653/126/88
f 661/652/405 666/413/294 667/865/555 672/864/554 662/653/406
f 578/1347/725 577/1506/727 858/1507/849 859/1348/798
f 581/425/305 580/446/317 861/449/320 862/426/306
usemtl Paint_-_Enamel_Glossy_(Black)_(1).001
f 231/27/21 313/28/22 312/29/23 229/30/24 228/31/25
f 916/52/43 915/53/17 951/54/17 986/55/43
f 978/103/73 924/104/73 923/105/74 979/106/74
f 434/107/75 435/108/76 377/109/76 376/110/75
f 287/144/102 288/145/103 264/146/103 263/147/102
f 231/27/21 282/169/125 314/170/126 313/28/22
f 281/268/197 280/269/198 316/270/199 315/271/200
f 260/289/216 303/290/216 302/291/217 261/292/217
f 500/327/240 499/328/241 523/329/241 524/330/240
f 233/331/242 234/332/242 235/333/242 236/334/242 237/335/242 238/336/242 239/337/242 240/338/242 241/339/242 232/340/242 228/341/242 230/342/242
f 325/343/243 324/344/240 272/345/244 271/346/243
f 256/349/246 255/350/247 308/351/247 307/352/246
f 288/145/103 289/359/255 290/360/256 266/361/257 265/362/255 264/146/103
f 461/428/309 462/429/310 404/430/310 403/431/309
f 292/438/314 293/439/315 247/440/315 246/441/314
f 290/442/256 329/443/316 267/444/316 266/445/257
f 329/443/316 328/456/321 268/457/321 267/444/316
f 439/483/324 440/484/325 382/485/325 381/486/324
f 332/487/326 333/488/327 242/489/328 261/292/217 302/291/217 301/490/329 331/491/330
f 291/492/331 292/438/314 246/441/314 245/493/332
f 228/342/375 229/558/375 230/559/375
f 254/343/376 253/344/377 299/345/378 309/346/376
f 289/560/375 288/561/375 287/562/375 286/563/375 330/564/375 300/565/375 301/566/375 302/567/375 303/568/375 304/569/375 305/570/375 306/571/375 307/572/375 308/573/375 309/574/375 299/575/375 298/576/375 297/577/375 296/578/375 295/579/375 294/580/375 293/581/375 292/582/375 291/583/375 310/584/375 311/585/375 312/586/375 313/587/375 314/588/375 315/589/375 316/590/375 317/591/375 318/592/375 319/593/375 320/594/375 321/595/375 322/596/375 323/597/375 324/598/375 325/599/375 326/600/375 327/601/375 328/602/375 329/603/375 290/604/375
f 459/605/379 460/606/380 402/607/380 401/608/379
f 231/609/375 228/342/375 232/341/375
f 441/617/381 442/618/382 384/619/382 383/620/381
f 450/633/390 451/634/391 393/635/391 392/636/390
f 294/655/408 295/656/409 249/657/409 248/658/408
f 243/670/418 311/671/419 310/672/420 244/673/421
f 229/30/24 312/29/23 311/671/419 243/670/418
f 244/673/421 310/672/420 291/674/331 245/675/332
f 286/681/426 285/682/427 284/683/428 343/684/390 344/685/429
f 341/686/430 342/687/431 346/688/432 347/689/433
f 355/702/438 335/703/439 336/704/440 354/705/441
f 240/706/442 371/707/443 372/708/444 241/709/445
f 262/710/446 374/711/447 343/712/390 284/713/428 283/714/448
f 332/715/17 359/716/450 360/717/451 242/718/452 333/719/453
f 514/720/454 513/721/455 362/722/456 361/723/457 360/724/458
f 276/656/459 275/725/460 321/726/460 320/657/459
f 339/733/464 350/734/465 351/735/466 338/736/467
f 237/737/468 367/738/469 368/739/470 238/740/471
f 508/741/472 507/742/473 370/743/474 369/744/475 368/745/476
f 506/746/477 505/747/478 372/748/479 371/749/480
f 284/750/481 285/751/482 286/752/483 287/144/102 263/147/102 262/753/484 283/754/485
f 231/755/486 232/756/487 241/709/445 372/708/444 373/757/488 374/711/447 262/710/446
f 238/740/471 368/739/470 369/758/489 370/759/490 239/760/491
f 367/761/492 509/762/493 508/741/472 368/745/476
f 352/763/494 337/764/495 338/736/467 351/735/466
f 336/704/440 337/764/495 352/763/494 353/765/496 354/705/441
f 300/766/497 334/767/498 356/768/499 357/769/500 358/770/501 301/771/502
f 233/772/503 230/773/504 229/774/505 242/718/452 360/717/451 361/775/506 362/776/507
f 532/777/508 533/778/509 351/779/510 350/780/511
f 236/781/512 235/782/513 364/783/514 365/784/515 366/785/516
f 234/786/517 233/772/503 362/776/507 363/787/518
f 364/783/514 235/782/513 234/786/517 363/787/518
f 433/794/17 434/107/75 376/110/75 375/795/17
f 969/59/390 933/796/390 932/797/522 970/798/522
f 257/456/523 256/349/246 307/352/246 306/457/523
f 348/799/524 340/800/525 341/686/430 347/689/433
f 299/806/378 253/807/377 252/808/530 298/809/377
f 260/289/216 259/818/538 304/819/539 303/290/216
f 955/839/548 947/840/548 946/841/549 956/842/549
f 342/851/242 341/852/242 340/853/242 339/854/242 338/855/242 337/856/242 336/857/242 335/858/242 334/859/242 300/860/242 330/861/242
f 259/442/538 258/443/565 305/444/565 304/445/539
f 443/881/572 444/882/573 386/883/573 385/884/572
f 410/893/375 411/894/375 412/895/375 413/896/375 414/897/375 415/898/375 416/899/375 417/900/375 418/901/375 419/902/375 420/903/375 421/904/375 422/905/375 394/906/375 395/907/375 396/908/375 397/909/375 398/910/375 399/911/375 400/912/375 401/913/375 402/914/375 403/915/375 404/916/375 405/917/375 406/918/375 407/919/375 408/920/375 375/921/375 376/922/375 377/923/375 429/924/375 430/925/375 431/926/375 432/927/375 409/928/375
f 465/929/579 466/930/580 408/931/580 407/932/579
f 957/83/51 945/933/51 944/934/581 958/935/581
f 449/940/584 450/941/390 392/942/390 391/943/584
f 258/443/565 257/456/523 306/457/523 305/444/565
f 979/106/74 923/105/74 922/949/585 980/950/585
f 452/975/598 453/976/599 395/977/599 394/978/598
f 981/266/196 921/979/196 920/980/600 982/981/600
f 462/429/310 463/990/608 405/991/608 404/430/310
f 974/993/609 928/994/609 927/995/87 975/123/87
f 980/950/585 922/949/585 921/979/196 981/266/196
f 455/1029/630 456/1030/631 398/1031/631 397/1032/630
f 956/842/549 946/841/549 945/933/51 957/83/51
f 279/438/632 278/439/633 318/440/633 317/441/632
f 973/1035/636 929/1036/636 928/994/609 974/993/609
f 516/1041/389 492/1042/389 491/1043/639 359/1044/640 515/1045/641
f 280/492/198 279/438/632 317/441/632 316/493/199
f 435/108/76 436/1065/653 378/1066/653 377/109/76
f 444/882/573 445/1071/654 387/1072/654 386/883/573
f 491/1043/639 514/720/454 360/724/458 359/1044/640
s 0
f 343/1073/655 539/1074/655 527/1075/655
s 1
f 515/1045/641 359/1044/640 358/1076/656 538/1077/657
f 530/1078/658 531/1079/659 348/1080/660 347/1081/661
f 536/1082/662 355/1083/663 354/1084/664 535/1085/665
f 534/1089/668 352/1090/669 351/779/510 533/778/509
f 531/1079/659 532/777/508 350/780/511 349/1091/670 348/1080/660
f 530/1078/658 347/1081/661 346/1092/671 529/1093/672
f 528/1094/673 529/1093/672 346/1092/671 345/1095/674 344/1096/675
f 536/1082/662 537/1097/676 356/1098/677 355/1083/663
f 522/1101/312 523/329/241 499/328/241 498/1102/312
f 326/350/687 325/343/243 271/346/243 270/351/687
f 328/456/321 327/349/688 269/352/688 268/457/321
f 493/1121/388 492/1042/389 516/1041/389 517/1122/388
f 330/1123/691 286/681/426 344/685/429 345/1124/692 346/688/432 342/687/431
f 507/742/473 506/746/477 371/749/480 370/743/474
f 363/1125/693 512/1126/694 511/1127/695 364/1128/696
f 511/1127/695 510/1129/697 366/1130/698 365/1131/699 364/1128/696
f 366/1130/698 510/1129/697 509/762/493 367/761/492
f 362/722/456 513/721/455 512/1126/694 363/1125/693
f 374/1135/703 504/1136/704 503/1137/705 539/1074/706 343/1073/707
f 282/169/125 281/268/197 315/271/200 314/170/126
f 372/748/479 505/747/478 504/1136/704 374/1135/703 373/1138/708
f 527/1075/709 528/1094/673 344/1096/675 343/1073/710
f 984/1139/552 918/1140/552 917/1141/711 985/1142/711
f 497/1143/637 521/1144/637 522/1101/312 498/1102/312
f 466/930/580 433/794/17 375/795/17 408/931/580
f 982/981/600 920/980/600 919/1145/712 983/1146/712
f 501/1147/138 525/1148/138 526/1149/139 502/1150/139
f 437/1151/713 438/1152/714 380/1153/714 379/1154/713
f 340/800/525 348/799/524 349/1194/735 350/734/465 339/733/464
f 538/1077/657 358/1076/656 357/1204/741 356/1098/677 537/1097/676
f 236/781/512 366/785/516 367/738/469 237/737/468
f 335/703/439 355/702/438 356/768/499 334/767/498
f 332/715/17 331/1270/768 301/771/502 358/770/501 359/716/450
f 539/1324/706 503/1325/705 502/1150/139 526/1149/139 527/1326/390
f 975/123/87 927/995/87 926/1329/788 976/1330/788
f 295/656/409 296/725/797 250/726/797 249/657/409
f 272/1349/244 324/1350/240 323/1351/799 273/1352/240
f 293/439/315 294/655/408 248/658/408 247/440/315
f 500/327/240 524/330/240 525/1148/138 501/1147/138
f 297/1356/803 298/1357/377 252/1358/530 251/1359/803
f 960/1363/375 942/1364/375 941/1365/807 961/1366/807
f 447/1369/810 448/1370/811 390/1371/811 389/1372/810
f 275/725/460 274/1356/826 322/1359/826 321/726/460
f 958/935/581 944/934/581 943/1393/827 959/1394/827
f 517/1122/388 518/1396/377 494/1397/377 493/1121/388
f 296/725/797 297/1356/803 251/1359/803 250/726/797
f 277/655/830 276/656/459 320/657/459 319/658/830
f 327/349/688 326/350/687 270/351/687 269/352/688
f 457/1401/831 458/1402/832 400/1403/832 399/1404/831
f 464/1455/838 465/929/579 407/932/579 406/1456/838
f 964/1460/839 938/1461/839 937/1462/840 965/1463/840
f 456/1030/631 457/1401/831 399/1404/831 398/1031/631
f 438/1152/714 439/483/324 381/486/324 380/1153/714
f 953/1471/844 949/1472/844 948/1473/65 954/889/65
f 972/1474/205 930/1475/205 929/1036/636 973/1035/636
f 522/1476/375 521/335/375 520/1477/375 519/1478/375 518/1479/375 517/1480/375 516/1481/375 515/1482/375 538/1483/375 537/1484/375 536/1485/375 535/1486/375 534/1487/375 533/855/375 532/1488/375 531/1489/375 530/1490/375 529/1491/375 528/1492/375 527/1493/375 526/1494/375 525/1495/375 524/1496/375 523/1497/375
f 967/1502/847 935/1503/847 934/1504/848 968/1505/848
f 505/1491/375 506/1490/375 507/1489/375 508/1488/375 509/1550/375 510/1487/375 511/1486/375 512/1485/375 513/1484/375 514/1483/375 491/1482/375 492/1481/375 493/1480/375 490/893/375 467/928/375 468/927/375 469/926/375 470/925/375 471/924/375 472/1551/375 473/1552/375 474/1553/375 475/1554/375 476/1555/375 477/1556/375 478/905/375 479/904/375 480/903/375 481/902/375 482/901/375 499/1497/375 500/1496/375 501/1495/375 502/1494/375 503/1557/375 504/1492/375
f 274/1356/826 273/1357/240 323/1358/799 322/1359/826
f 983/1146/712 919/1145/712 918/1140/552 984/1139/552
f 535/1085/665 354/1084/664 353/1575/860 352/1090/669 534/1089/668
f 976/1330/788 926/1329/788 925/1576/861 977/1577/861
f 425/1554/375 426/1553/375 427/1578/375 428/1551/375 429/924/375 377/923/375 378/1579/375 379/1580/375 380/1581/375 381/1582/375 382/1583/375 383/1584/375 384/1585/375 385/1586/375 386/1587/375 387/1588/375 388/1589/375 389/1590/375 390/1591/375 391/1592/375 392/1593/375 393/1594/375 394/906/375 422/905/375 423/1556/375 424/1555/375
f 454/1598/864 455/1029/630 397/1032/630 396/1599/864
f 453/976/599 454/1598/864 396/1599/864 395/977/599
f 445/1071/654 446/1600/865 388/1601/865 387/1072/654
f 448/1370/811 449/940/584 391/943/584 390/1371/811
f 498/1476/375 499/1497/375 482/901/375 483/900/375 484/899/375 485/1602/375 486/897/375 487/896/375 488/895/375 489/894/375 490/893/375 493/1480/375 494/1479/375 495/1478/375 496/1477/375 497/335/375
f 927/1655/242 928/1656/242 929/1657/242 930/1658/242 931/1659/242 932/1660/242 933/1661/242 934/1662/242 935/1663/242 936/1664/242 937/1665/242 938/1666/242 939/1667/242 940/1668/242 941/1669/242 942/1670/242 943/1671/242 944/1672/242 945/1673/242 946/1674/242 947/1675/242 948/1676/242 949/1677/242 950/1678/242 915/1679/242 916/1680/242 917/1681/242 918/1682/242 919/1683/242 920/1684/242 921/1685/242 922/1686/242 923/1687/242 924/1688/242 925/1689/242 926/1690/242
f 446/1600/865 447/1369/810 389/1372/810 388/1601/865
f 458/1402/832 459/605/379 401/608/379 400/1403/832
f 962/1691/866 940/1692/866 939/1693/137 963/1195/137
f 954/889/65 948/1473/65 947/840/548 955/839/548
f 440/1586/73 439/1587/73 438/1588/73 437/1589/73 436/1590/73 435/1591/73 434/1592/73 433/1694/73 466/1594/73 465/906/73 464/907/73 463/908/73 462/909/73 461/910/73 460/911/73 459/912/73 458/913/73 457/914/73 456/915/73 455/916/73 454/917/73 453/918/73 452/919/73 451/920/73 450/921/73 449/922/73 448/923/73 447/1579/73 446/1580/73 445/1581/73 444/1582/73 443/1583/73 442/1584/73 441/1585/73
f 519/1728/383 520/1729/638 496/1730/638 495/1731/383
f 460/606/380 461/428/309 403/431/309 402/607/380
f 970/798/522 932/797/522 931/1740/867 971/1741/867
f 915/1742/17 950/1743/868 952/1744/868 951/19/17
f 968/1505/848 934/1504/848 933/796/390 969/59/390
f 278/439/633 277/655/830 319/658/830 318/440/633
f 440/484/325 441/617/381 383/620/381 382/485/325
f 520/1729/638 521/1144/637 497/1143/637 496/1730/638
f 442/618/382 443/881/572 385/884/572 384/619/382
f 949/1472/844 953/1471/844 952/1744/868 950/1743/868
f 965/1463/840 937/1462/840 936/1836/303 966/1068/303
f 451/634/391 452/975/598 394/978/598 393/635/391
f 971/1741/867 931/1740/867 930/1475/205 972/1474/205
f 436/1065/653 437/1151/713 379/1154/713 378/1066/653
f 963/1195/137 939/1693/137 938/1461/839 964/1460/839
f 977/1577/861 925/1576/861 924/104/73 978/103/73
f 495/1731/383 494/1397/377 518/1396/377 519/1728/383
f 463/990/608 464/1455/838 406/1456/838 405/991/608
f 959/1394/827 943/1393/827 942/1364/375 960/1363/375
f 255/350/247 254/343/376 309/346/376 308/351/247
f 371/707/443 240/706/442 239/760/491 370/759/490
f 961/1366/807 941/1365/807 940/1692/866 962/1691/866
f 966/1068/303 936/1836/303 935/1503/847 967/1502/847
f 985/1142/711 917/1141/711 916/52/43 986/55/43
usemtl Steel_-_Satin.001
f 864/56/44 865/57/17 866/58/45 863/59/17
f 1414/64/50 1415/65/51 1430/66/51 1431/67/50
f 1436/56/63 1437/89/17 1438/90/64 1435/59/17
f 1449/91/65 1450/92/66 1451/93/66 1452/94/65
f 1436/59/63 1465/111/77 1486/112/77 1437/113/17
f 1411/56/82 1434/89/17 1396/90/83 1395/59/17
f 1388/134/96 1389/135/73 1402/136/73 1403/137/96
f 1418/181/136 1419/182/137 1426/183/137 1427/184/136
f 870/256/191 871/257/137 886/258/137 887/259/191
f 901/276/204 902/277/205 905/278/205 906/279/204
f 1474/91/205 1475/92/215 1476/93/215 1477/94/205
f 1440/111/302 1441/122/303 1460/423/303 1461/112/302
f 864/182/44 893/610/77 914/611/77 865/612/17
f 878/613/66 863/614/17 866/615/45 879/616/66
f 1387/65/87 1388/134/96 1403/137/96 1404/66/87
f 1386/64/204 1387/65/87 1404/66/87 1405/67/204
f 1441/122/303 1442/194/191 1459/659/191 1460/423/303
f 1391/182/196 1392/804/529 1399/805/529 1400/183/196
f 1466/122/552 1467/194/529 1484/659/529 1485/423/552
f 897/847/553 898/848/73 909/849/73 910/850/553
f 1473/944/204 1474/91/205 1477/94/205 1478/945/204
f 871/257/137 872/969/136 885/970/136 886/258/137
f 873/971/375 874/972/597 883/973/597 884/974/375
f 867/56/619 890/57/390 892/58/620 891/59/390
f 869/1158/303 870/256/191 887/259/191 888/1159/303
f 1422/1205/302 1409/1206/390 1410/1207/742 1423/1208/302
f 1417/135/375 1418/181/136 1427/184/136 1428/136/375
f 868/1234/302 869/1158/303 888/1159/303 889/1235/302
f 1446/54/597 1447/1249/51 1454/1250/51 1455/1251/597
f 1411/1317/82 1412/1318/66 1433/1319/66 1434/1320/17
f 893/610/77 894/1327/552 913/1328/552 914/611/77
f 1390/181/553 1391/182/196 1400/183/196 1401/184/553
f 1416/134/597 1417/135/375 1428/136/375 1429/137/597
f 1413/1500/65 1414/64/50 1431/67/50 1432/1501/65
f 1385/1500/205 1386/64/204 1405/67/204 1406/1501/205
f 1475/92/215 1463/1595/390 1464/1596/862 1476/93/215
f 867/59/619 868/1234/302 889/1235/302 890/1459/390
f 900/24/87 901/276/204 906/279/204 907/1629/87
f 876/1630/50 877/1631/65 880/1632/65 881/1633/50
f 874/972/597 875/91/51 882/1634/51 883/973/597
f 1405/1635/242 1404/1636/242 1403/1637/242 1402/1638/242 1456/1639/242 1455/1640/242 1454/1641/242 1453/1642/242 1452/1643/242 1451/1644/242 1438/1645/242 1410/1646/242 1408/1647/242 1407/1648/242 1406/1649/242
f 902/1616/637 901/1617/637 900/1618/637 899/1619/637 898/1620/637 897/1621/637 896/1622/637 895/1623/637 894/1624/637 893/1625/637 864/1626/637 863/1627/637 878/1628/637 877/1603/637 876/1604/637 875/1605/637 874/1606/637 873/1607/637 872/1608/637 871/1609/637 870/1610/637 869/1611/637 868/1612/637 867/1613/637 891/1614/637 903/1615/637
f 899/1650/96 900/24/87 907/1629/87 908/1651/96
f 895/64/529 896/1652/196 911/1653/196 912/1654/529
f 1442/194/191 1443/40/137 1458/1725/137 1459/659/191
f 1392/804/529 1393/1726/552 1398/1727/552 1399/805/529
f 872/969/136 873/971/375 884/974/375 885/970/136
f 903/1736/215 891/59/390 892/1459/620 904/1737/215
f 1448/944/50 1449/91/65 1452/94/65 1453/945/50
f 1465/111/77 1466/122/552 1485/423/552 1486/112/77
f 898/848/73 899/1650/96 908/1651/96 909/849/73
f 894/1327/552 895/64/529 912/1654/529 913/1328/552
f 1384/1318/215 1385/1500/205 1406/1501/205 1407/1319/215
f 1383/1317/875 1384/1318/215 1407/1319/215 1408/1320/390
f 1444/257/136 1445/1254/375 1456/1786/375 1457/1787/136
f 877/1631/65 878/613/66 879/616/66 880/1632/65
f 1445/1254/375 1446/54/597 1455/1251/597 1456/1786/375
f 1469/257/553 1470/1254/73 1481/1786/73 1482/1787/553
f 875/91/51 876/1630/50 881/1633/50 882/1634/51
f 1472/1249/87 1473/944/204 1478/945/204 1479/1250/87
f 1470/1254/73 1471/54/96 1480/1251/96 1481/1786/73
f 902/277/205 903/1736/215 904/1737/215 905/278/205
f 1383/56/875 1408/89/390 1410/90/742 1409/59/390
f 1421/1726/303 1422/1205/302 1423/1208/302 1424/1727/303
f 1415/65/51 1416/134/597 1429/137/597 1430/66/51
f 1450/92/66 1435/1595/17 1438/1596/64 1451/93/66
f 896/1652/196 897/847/553 910/850/553 911/1653/196
f 1389/135/73 1390/181/553 1401/184/553 1402/136/73
f 1394/1205/77 1395/1206/17 1396/1207/83 1397/1208/77
f 1471/54/96 1472/1249/87 1479/1250/87 1480/1251/96
f 1393/1726/552 1394/1205/77 1397/1208/77 1398/1727/552
f 1468/40/196 1469/257/553 1482/1787/553 1483/1725/196
f 1439/56/881 1462/89/390 1464/90/862 1463/59/390
f 1420/804/191 1421/1726/303 1424/1727/303 1425/805/191
f 1443/40/137 1444/257/136 1457/1787/136 1458/1725/137
f 1412/1318/66 1413/1500/65 1432/1501/65 1433/1319/66
f 1467/194/529 1468/40/196 1483/1725/196 1484/659/529
f 1439/59/881 1440/111/302 1461/112/302 1462/113/390
f 1476/1861/242 1464/1862/242 1462/1863/242 1461/1864/242 1460/1865/242 1459/1866/242 1458/1867/242 1457/1868/242 1456/1639/242 1402/1638/242 1401/1869/242 1400/1870/242 1399/1871/242 1398/1872/242 1397/1873/242 1396/1874/242 1434/1875/242 1433/1876/242 1432/1877/242 1431/1878/242 1430/1879/242 1429/1880/242 1428/1881/242 1427/1882/242 1426/1883/242 1425/1884/242 1424/1885/242 1423/1886/242 1410/1646/242 1438/1645/242 1437/1887/242 1486/1888/242 1485/1889/242 1484/1890/242 1483/1891/242 1482/1892/242 1481/1893/242 1480/1894/242 1479/1895/242 1478/1896/242 1477/1897/242
f 1419/182/137 1420/804/191 1425/805/191 1426/183/137
f 1447/1249/51 1448/944/50 1453/945/50 1454/1250/51
f 1384/1873/637 1383/1874/637 1449/1865/637 1448/1866/637 1447/1867/637 1446/1868/637 1445/1639/637 1444/1640/637 1443/1641/637 1442/1642/637 1441/1643/637 1440/1644/637 1439/1645/637 1463/1887/637 1475/1888/637 1474/1889/637 1411/1646/637 1395/1647/637 1394/1648/637 1393/1649/637 1392/1635/637 1391/1636/637 1390/1637/637 1389/1638/637 1388/1869/637 1387/1870/637 1386/1871/637 1385/1872/637
f 1466/1897/637 1465/1861/637 1436/1862/637 1435/1863/637 1450/1864/637 1449/1865/637 1383/1874/637 1409/1875/637 1422/1876/637 1421/1877/637 1420/1878/637 1419/1879/637 1418/1880/637 1417/1898/637 1416/1882/637 1415/1883/637 1414/1884/637 1413/1885/637 1412/1886/637 1411/1646/637 1474/1889/637 1473/1890/637 1472/1891/637 1471/1892/637 1470/1893/637 1469/1894/637 1468/1895/637 1467/1896/637
usemtl ABS_(Orange).001
f 888/1603/242 887/1604/242 886/1605/242 885/1606/242 884/1607/242 883/1608/242 882/1609/242 881/1610/242 880/1611/242 879/1612/242 866/1613/242 865/1614/242 914/1615/242 913/1616/242 912/1617/242 911/1618/242 910/1619/242 909/1620/242 908/1621/242 907/1622/242 906/1623/242 905/1624/242 904/1625/242 892/1626/242 890/1627/242 889/1628/242
usemtl ABS_(White).003
f 1173/19/17 1174/20/18 1172/21/18 1131/22/17
f 1178/23/19 1179/24/20 1167/25/20 1168/26/19
f 1374/40/33 1375/41/34 1307/42/34 1308/43/33
f 1347/24/20 1348/83/51 1334/84/51 1335/25/20
f 1179/24/20 1180/83/51 1166/84/51 1167/25/20
f 1116/122/86 1117/123/87 1061/124/87 1062/125/86
f 1294/140/100 1295/141/101 1219/142/101 1220/143/100
f 1286/193/143 1287/194/144 1227/195/144 1228/196/143
f 1176/203/150 1177/204/151 1169/205/151 1170/206/150
f 1375/41/34 1376/266/196 1306/267/196 1307/42/34
f 1175/274/202 1176/203/150 1170/206/150 1171/275/202
f 1280/284/210 1281/111/211 1233/285/211 1234/286/210
f 1207/41/34 1208/266/196 1138/267/196 1139/42/34
f 1282/297/222 1283/298/223 1231/299/223 1232/300/222
f 1259/274/202 1260/203/150 1254/206/150 1255/275/202
f 1348/83/51 1349/347/245 1333/348/245 1334/84/51
f 1376/266/196 1377/257/271 1305/384/271 1306/267/196
f 1203/194/144 1204/404/284 1142/405/284 1143/195/144
f 1288/404/284 1289/432/311 1225/433/311 1226/405/284
f 1180/83/51 1181/347/245 1165/348/245 1166/84/51
f 1188/458/322 1189/459/323 1157/460/323 1158/461/322
f 1196/284/210 1197/111/211 1149/285/211 1150/286/210
f 1341/19/17 1342/20/18 1340/21/18 1299/22/17
f 1184/647/402 1185/648/403 1161/649/403 1162/650/402
f 1213/790/520 1214/791/521 1132/792/521 1133/793/520
f 1357/459/323 1358/820/540 1324/821/540 1325/460/323
f 1268/647/402 1269/648/403 1245/649/403 1246/650/402
f 1122/40/33 1123/41/34 1055/42/34 1056/43/33
f 1098/843/550 1099/844/551 1079/845/551 1080/846/550
f 1291/41/34 1292/266/196 1222/267/196 1223/42/34
f 1201/123/87 1202/193/143 1144/196/143 1145/124/87
f 1289/432/311 1290/40/33 1224/43/33 1225/433/311
f 1210/140/100 1211/141/101 1135/142/101 1136/143/100
f 1089/19/17 1090/20/18 1088/21/18 1047/22/17
f 1284/122/86 1285/123/87 1229/124/87 1230/125/86
f 1108/1023/628 1109/1024/629 1069/1025/629 1070/1026/628
f 1275/1056/648 1276/1023/628 1238/1026/628 1239/1057/648
f 1114/297/222 1115/298/223 1063/299/223 1064/300/222
f 1198/297/222 1199/298/223 1147/299/223 1148/300/222
f 1365/111/211 1366/297/222 1316/300/222 1317/285/211
f 1206/40/33 1207/41/34 1139/42/34 1140/43/33
f 1174/20/18 1175/274/202 1171/275/202 1172/21/18
f 1130/791/521 1089/54/17 1047/1155/17 1048/792/521
f 1113/111/211 1114/297/222 1064/300/222 1065/285/211
f 1258/20/18 1259/274/202 1255/275/202 1256/21/18
f 1192/1023/628 1193/1024/629 1153/1025/629 1154/1026/628
f 1090/20/18 1091/274/202 1087/275/202 1088/21/18
f 1091/274/202 1092/203/150 1086/206/150 1087/275/202
f 1270/1241/756 1271/1195/137 1243/1242/137 1244/1243/756
f 1100/647/402 1101/648/403 1077/649/403 1078/650/402
f 1128/1254/759 1129/790/520 1049/793/520 1050/1255/759
f 1106/820/540 1107/1056/648 1071/1057/648 1072/821/540
f 1350/843/550 1351/844/551 1331/845/551 1332/846/550
f 1373/432/311 1374/40/33 1308/43/33 1309/433/311
f 1371/194/144 1372/404/284 1310/405/284 1311/195/144
f 1124/266/196 1125/257/271 1053/384/271 1054/267/196
f 1189/459/323 1190/820/540 1156/821/540 1157/460/323
f 1117/123/87 1118/193/143 1060/196/143 1061/124/87
f 1379/141/101 1380/1254/759 1302/1255/759 1303/142/101
f 1363/1398/829 1364/284/210 1318/286/210 1319/1399/829
f 1194/59/390 1195/1398/829 1151/1399/829 1152/1400/390
f 1317/1405/637 1316/1406/637 1315/1407/637 1314/1408/637 1313/1409/637 1312/1410/637 1311/1411/637 1310/1412/833 1309/1413/637 1308/1414/637 1307/1415/637 1306/1416/637 1305/1417/637 1304/1418/637 1303/1419/637 1302/1420/637 1301/1421/637 1300/1422/637 1299/1423/637 1340/1424/637 1339/1425/637 1338/1426/637 1337/1427/637 1336/1428/637 1335/1429/637 1334/1430/637 1333/1431/637 1332/1432/637 1331/1433/834 1330/1434/637 1329/1435/637 1328/1436/637 1327/1437/637 1326/1438/637 1325/1439/637 1324/1440/637 1323/1441/637 1322/1442/637 1321/1443/637 1320/1444/637 1319/1445/637 1318/1446/637
f 1266/843/550 1267/844/551 1247/845/551 1248/846/550
f 1182/843/550 1183/844/551 1163/845/551 1164/846/550
f 1202/193/143 1203/194/144 1143/195/144 1144/196/143
f 1125/257/271 1126/140/100 1052/143/100 1053/384/271
f 1372/404/284 1373/432/311 1309/433/311 1310/405/284
f 1111/1398/829 1112/284/210 1066/286/210 1067/1399/829
f 1298/791/521 1257/54/17 1215/1155/17 1216/792/521
f 1360/1023/628 1361/1024/629 1321/1025/629 1322/1026/628
f 1281/111/211 1282/297/222 1232/300/222 1233/285/211
f 1204/404/284 1205/432/311 1141/433/311 1142/405/284
f 1120/404/284 1121/432/311 1057/433/311 1058/405/284
f 1269/648/403 1270/1241/756 1244/1243/756 1245/649/403
f 1297/790/520 1298/791/521 1216/792/521 1217/793/520
f 1264/83/51 1265/347/245 1249/348/245 1250/84/51
f 1377/257/271 1378/140/100 1304/143/100 1305/384/271
f 1380/1254/759 1381/790/520 1301/793/520 1302/1255/759
f 1274/820/540 1275/1056/648 1239/1057/648 1240/821/540
f 1283/298/223 1284/122/86 1230/125/86 1231/299/223
f 982/1695/637 983/1696/637 984/1697/637 985/1698/637 986/1699/637 951/1423/637 952/1700/637 953/1701/637 954/1702/637 955/1703/637 956/1704/637 957/1430/637 958/1705/637 959/1706/637 960/1707/637 961/1708/637 962/1709/637 963/1437/637 964/1710/637 965/1711/637 966/1712/637 967/1713/637 968/1714/637 969/1444/637 970/1715/637 971/1716/637 972/1717/637 973/1718/637 974/1719/637 975/1409/637 976/1720/637 977/1721/637 978/1722/637 979/1723/637 980/1724/637 981/1416/637
f 1119/194/144 1120/404/284 1058/405/284 1059/195/144
f 1293/257/271 1294/140/100 1220/143/100 1221/384/271
f 1187/1195/137 1188/458/322 1158/461/322 1159/1242/137
f 1369/123/87 1370/193/143 1312/196/143 1313/124/87
f 1378/140/100 1379/141/101 1303/142/101 1304/143/100
f 1290/40/33 1291/41/34 1223/42/34 1224/43/33
f 1278/59/390 1279/1398/829 1235/1399/829 1236/1400/390
f 1353/648/403 1354/1241/756 1328/1243/756 1329/649/403
f 1364/284/210 1365/111/211 1317/285/211 1318/286/210
f 1260/203/150 1261/204/151 1253/205/151 1254/206/150
f 1112/284/210 1113/111/211 1065/285/211 1066/286/210
f 1102/1241/756 1103/1195/137 1075/1242/137 1076/1243/756
f 1361/1024/629 1362/59/390 1320/1400/390 1321/1025/629
f 1109/1024/629 1110/59/390 1068/1400/390 1069/1025/629
f 1345/204/151 1346/23/19 1336/26/19 1337/205/151
f 1199/298/223 1200/122/86 1146/125/86 1147/299/223
f 1104/458/322 1105/459/323 1073/460/323 1074/461/322
f 1200/122/86 1201/123/87 1145/124/87 1146/125/86
f 1367/298/223 1368/122/86 1314/125/86 1315/299/223
f 1095/24/20 1096/83/51 1082/84/51 1083/25/20
f 1177/204/151 1178/23/19 1168/26/19 1169/205/151
f 1103/1195/137 1104/458/322 1074/461/322 1075/1242/137
f 1355/1195/137 1356/458/322 1326/461/322 1327/1242/137
f 1295/141/101 1296/1254/759 1218/1255/759 1219/142/101
f 1110/59/390 1111/1398/829 1067/1399/829 1068/1400/390
f 1057/1413/637 1056/1414/637 1055/1415/637 1054/1416/637 1053/1417/637 1052/1418/637 1051/1419/637 1050/1420/637 1049/1421/637 1048/1422/637 1047/1423/637 1088/1424/637 1087/1425/637 1086/1426/637 1085/1427/637 1084/1428/637 1083/1429/637 1082/1430/637 1081/1431/637 1080/1432/637 1079/1433/834 1078/1434/637 1077/1435/637 1076/1436/637 1075/1437/637 1074/1438/637 1073/1439/637 1072/1440/637 1071/1441/637 1070/1442/637 1069/1443/637 1068/1444/637 1067/1445/637 1066/1446/637 1065/1405/637 1064/1406/637 1063/1407/637 1062/1408/637 1061/1409/637 1060/1410/637 1059/1411/637 1058/1412/833
f 1191/1056/648 1192/1023/628 1154/1026/628 1155/1057/648
f 1190/820/540 1191/1056/648 1155/1057/648 1156/821/540
f 1101/1794/242 1100/1795/242 1099/1796/242 1098/1797/242 1097/1798/242 1096/1799/242 1095/1800/242 1094/1801/242 1093/1802/242 1092/1803/242 1091/1804/242 1090/1805/242 1089/1806/242 1130/1807/242 1129/1808/242 1128/1809/242 1127/1810/242 1126/1811/242 1125/1812/242 1124/1813/242 1123/1814/242 1122/1815/242 1121/1816/242 1120/1817/242 1119/1818/242 1118/1819/242 1117/1820/242 1116/1821/242 1115/1822/242 1114/1823/242 1113/1824/242 1112/1825/242 1111/1826/242 1110/1827/242 1109/1828/242 1108/1829/242 1107/1830/242 1106/1831/242 1105/1832/242 1104/1833/242 1103/1834/242 1102/1835/242
f 1214/791/521 1173/54/17 1131/1155/17 1132/792/521
f 1129/790/520 1130/791/521 1048/792/521 1049/793/520
f 1362/59/390 1363/1398/829 1319/1399/829 1320/1400/390
f 1261/204/151 1262/23/19 1252/26/19 1253/205/151
f 1101/648/403 1102/1241/756 1076/1243/756 1077/649/403
f 1292/266/196 1293/257/271 1221/384/271 1222/267/196
f 1105/459/323 1106/820/540 1072/821/540 1073/460/323
f 1354/1241/756 1355/1195/137 1327/1242/137 1328/1243/756
f 1093/204/151 1094/23/19 1084/26/19 1085/205/151
f 1183/844/551 1184/647/402 1162/650/402 1163/845/551
f 1126/140/100 1127/141/101 1051/142/101 1052/143/100
f 1139/1415/637 1138/1416/637 1137/1417/637 1136/1418/637 1135/1419/637 1134/1420/637 1133/1421/637 1132/1422/637 1131/1423/637 1172/1424/637 1171/1425/637 1170/1426/637 1169/1427/637 1168/1428/637 1167/1429/637 1166/1430/637 1165/1431/637 1164/1432/637 1163/1433/834 1162/1434/637 1161/1435/637 1160/1436/637 1159/1437/637 1158/1438/637 1157/1439/637 1156/1440/637 1155/1441/637 1154/1442/637 1153/1443/637 1152/1444/637 1151/1445/637 1150/1446/637 1149/1405/637 1148/1406/637 1147/1407/637 1146/1408/637 1145/1409/637 1144/1410/637 1143/1411/637 1142/1412/833 1141/1413/637 1140/1414/637
f 1208/266/196 1209/257/271 1137/384/271 1138/267/196
f 1368/122/86 1369/123/87 1313/124/87 1314/125/86
f 1118/193/143 1119/194/144 1059/195/144 1060/196/143
f 1186/1241/756 1187/1195/137 1159/1242/137 1160/1243/756
f 1263/24/20 1264/83/51 1250/84/51 1251/25/20
f 1212/1254/759 1213/790/520 1133/793/520 1134/1255/759
f 1193/1024/629 1194/59/390 1152/1400/390 1153/1025/629
f 1183/1796/242 1182/1797/242 1181/1798/242 1180/1799/242 1179/1800/242 1178/1801/242 1177/1802/242 1176/1803/242 1175/1804/242 1174/1805/242 1173/1806/242 1214/1807/242 1213/1808/242 1212/1809/242 1211/1810/242 1210/1811/242 1209/1812/242 1208/1813/242 1207/1814/242 1206/1815/242 1205/1816/242 1204/1817/242 1203/1818/242 1202/1819/242 1201/1820/242 1200/1821/242 1199/1822/242 1198/1823/242 1197/1824/242 1196/1825/242 1195/1826/242 1194/1827/242 1193/1828/242 1192/1829/242 1191/1830/242 1190/1831/242 1189/1832/242 1188/1833/242 1187/1834/242 1186/1835/242 1185/1794/242 1184/1795/242
f 1195/1398/829 1196/284/210 1150/286/210 1151/1399/829
f 1346/23/19 1347/24/20 1335/25/20 1336/26/19
f 1094/23/19 1095/24/20 1083/25/20 1084/26/19
f 1271/1195/137 1272/458/322 1242/461/322 1243/1242/137
f 1272/458/322 1273/459/323 1241/460/323 1242/461/322
f 1185/648/403 1186/1241/756 1160/1243/756 1161/649/403
f 1287/194/144 1288/404/284 1226/405/284 1227/195/144
f 1181/347/245 1182/843/550 1164/846/550 1165/348/245
f 1370/193/143 1371/194/144 1311/195/144 1312/196/143
f 1262/23/19 1263/24/20 1251/25/20 1252/26/19
f 1267/844/551 1268/647/402 1246/650/402 1247/845/551
f 1344/203/150 1345/204/151 1337/205/151 1338/206/150
f 1225/1413/637 1224/1414/637 1223/1415/637 1222/1416/637 1221/1417/637 1220/1418/637 1219/1419/637 1218/1420/637 1217/1421/637 1216/1422/637 1215/1423/637 1256/1424/637 1255/1425/637 1254/1426/637 1253/1427/637 1252/1428/637 1251/1429/637 1250/1430/637 1249/1431/637 1248/1432/637 1247/1433/834 1246/1434/637 1245/1435/637 1244/1436/637 1243/1437/637 1242/1438/637 1241/1439/637 1240/1440/637 1239/1441/637 1238/1442/637 1237/1443/637 1236/1444/637 1235/1445/637 1234/1446/637 1233/1405/637 1232/1406/637 1231/1407/637 1230/1408/637 1229/1409/637 1228/1410/637 1227/1411/637 1226/1412/833
f 1382/791/521 1341/54/17 1299/1155/17 1300/792/521
f 1277/1024/629 1278/59/390 1236/1400/390 1237/1025/629
f 1096/83/51 1097/347/245 1081/348/245 1082/84/51
f 1343/274/202 1344/203/150 1338/206/150 1339/275/202
f 1276/1023/628 1277/1024/629 1237/1025/629 1238/1026/628
f 1279/1398/829 1280/284/210 1234/286/210 1235/1399/829
f 1296/1254/759 1297/790/520 1217/793/520 1218/1255/759
f 1283/1822/242 1282/1823/242 1281/1824/242 1280/1825/242 1279/1826/242 1278/1827/242 1277/1828/242 1276/1829/242 1275/1830/242 1274/1831/242 1273/1832/242 1272/1833/242 1271/1834/242 1270/1835/242 1269/1794/242 1268/1795/242 1267/1796/242 1266/1797/242 1265/1798/242 1264/1799/242 1263/1800/242 1262/1801/242 1261/1802/242 1260/1803/242 1259/1804/242 1258/1805/242 1257/1806/242 1298/1807/242 1297/1808/242 1296/1809/242 1295/1810/242 1294/1811/242 1293/1812/242 1292/1813/242 1291/1814/242 1290/1815/242 1289/1816/242 1288/1817/242 1287/1818/242 1286/1819/242 1285/1820/242 1284/1821/242
f 1358/820/540 1359/1056/648 1323/1057/648 1324/821/540
f 1273/459/323 1274/820/540 1240/821/540 1241/460/323
f 1121/432/311 1122/40/33 1056/43/33 1057/433/311
f 1092/203/150 1093/204/151 1085/205/151 1086/206/150
f 1349/347/245 1350/843/550 1332/846/550 1333/348/245
f 1115/298/223 1116/122/86 1062/125/86 1063/299/223
f 1351/844/551 1352/647/402 1330/650/402 1331/845/551
f 1097/347/245 1098/843/550 1080/846/550 1081/348/245
f 1352/647/402 1353/648/403 1329/649/403 1330/650/402
f 1366/297/222 1367/298/223 1315/299/223 1316/300/222
f 1205/432/311 1206/40/33 1140/43/33 1141/433/311
f 1211/141/101 1212/1254/759 1134/1255/759 1135/142/101
f 1209/257/271 1210/140/100 1136/143/100 1137/384/271
f 1381/790/520 1382/791/521 1300/792/521 1301/793/520
f 1372/1817/242 1371/1818/242 1370/1819/242 1369/1820/242 1368/1821/242 1367/1822/242 1366/1823/242 1365/1824/242 1364/1825/242 1363/1826/242 1362/1827/242 1361/1828/242 1360/1829/242 1359/1830/242 1358/1831/242 1357/1832/242 1356/1833/242 1355/1834/242 1354/1835/242 1353/1794/242 1352/1795/242 1351/1796/242 1350/1797/242 1349/1798/242 1348/1799/242 1347/1800/242 1346/1801/242 1345/1802/242 1344/1803/242 1343/1804/242 1342/1805/242 1341/1806/242 1382/1807/242 1381/1808/242 1380/1809/242 1379/1810/242 1378/1811/242 1377/1812/242 1376/1813/242 1375/1814/242 1374/1815/242 1373/1816/242
f 1127/141/101 1128/1254/759 1050/1255/759 1051/142/101
f 1356/458/322 1357/459/323 1325/460/323 1326/461/322
f 1342/20/18 1343/274/202 1339/275/202 1340/21/18
f 1123/41/34 1124/266/196 1054/267/196 1055/42/34
f 1265/347/245 1266/843/550 1248/846/550 1249/348/245
f 1359/1056/648 1360/1023/628 1322/1026/628 1323/1057/648
f 1197/111/211 1198/297/222 1148/300/222 1149/285/211
f 1285/123/87 1286/193/143 1228/196/143 1229/124/87
f 1099/844/551 1100/647/402 1078/650/402 1079/845/551
f 1257/19/17 1258/20/18 1256/21/18 1215/22/17
f 1107/1056/648 1108/1023/628 1070/1026/628 1071/1057/648
